resume_id,candidate_name,email,phone,target_role,years_experience,experience_level,education_level,degree,university,skills,raw_text,skills_normalized
RES-0001,Rahul Gupta,rahul.gupta46@synthetic-talent.org,+1 (555) 661-5688,Machine Learning Engineer,2,Mid-Level,Bachelor,B.Tech in Computer Science and Engineering,UT Austin,"FastAPI, PyTorch, GCP, Machine Learning, Large Language Models, Agile, Unit Testing","Rahul Gupta
rahul.gupta46@synthetic-talent.org | +1 (555) 661-5688 | Location: New York, NY

PROFESSIONAL SUMMARY
Results-driven Machine Learning Engineer with 2 years of industry experience specializing in FastAPI, PyTorch, GCP, Machine Learning. Proven background building scalable solutions, collaborating across agile teams, and driving measurable engineering impact.

TECHNICAL SKILLS
FastAPI, PyTorch, GCP, Machine Learning, Large Language Models, Agile, Unit Testing

PROFESSIONAL EXPERIENCE
Machine Learning Engineer | Meta (2023 - Present)
- Designed and deployed enterprise-grade systems utilizing FastAPI and PyTorch, improving throughput by 34%.
- Collaborated with engineering stakeholders to optimize data pipelines and system reliability using GCP.
- Reduced system downtime and latency by 26% through proactive monitoring and automated CI/CD workflows.

EDUCATION
B.Tech in Computer Science and Engineering, UT Austin (Graduated 2023)
","FastAPI, PyTorch, GCP, Machine Learning, Large Language Models, Agile, Unit Testing"
RES-0002,Carlos Anderson,carlos.anderson89@synthetic-talent.org,+1 (555) 331-8289,Data Scientist,4,Mid-Level,Bachelor,B.Tech in Computer Science and Engineering,Sharda University,"PyTorch, AWS, Machine Learning, Deep Learning, BigQuery, REST APIs, Docker, NLP, Linux, SQL, Python, Scikit-Learn, Pandas","Carlos Anderson
carlos.anderson89@synthetic-talent.org | +1 (555) 331-8289 | Location: New York, NY

PROFESSIONAL SUMMARY
Results-driven Data Scientist with 4 years of industry experience specializing in PyTorch, AWS, Machine Learning, Deep Learning. Proven background building scalable solutions, collaborating across agile teams, and driving measurable engineering impact.

TECHNICAL SKILLS
PyTorch, AWS, Machine Learning, Deep Learning, BigQuery, REST APIs, Docker, NLP, Linux, SQL, Python, Scikit-Learn, Pandas

PROFESSIONAL EXPERIENCE
Senior Data Scientist | Netflix (2021 - Present)
- Designed and deployed enterprise-grade systems utilizing PyTorch and AWS, improving throughput by 38%.
- Collaborated with engineering stakeholders to optimize data pipelines and system reliability using Machine Learning.
- Reduced system downtime and latency by 12% through proactive monitoring and automated CI/CD workflows.

EDUCATION
B.Tech in Computer Science and Engineering, Sharda University (Graduated 2021)
","PyTorch, AWS, Machine Learning, Deep Learning, GCP, REST APIs, Docker, NLP, Linux, SQL, Python, Scikit-Learn, Pandas"
RES-0003,Priya Johnson,priya.johnson39@synthetic-talent.org,+1 (555) 541-9408,Backend Engineer,3,Mid-Level,Bachelor,B.S. in Electrical and Computer Engineering,Stanford University,"System Design, Java, Go, Kubernetes, Jira, Docker, PostgreSQL, Agile, Redis, Kafka, Python","Priya Johnson
priya.johnson39@synthetic-talent.org | +1 (555) 541-9408 | Location: New York, NY

PROFESSIONAL SUMMARY
Results-driven Backend Engineer with 3 years of industry experience specializing in System Design, Java, Go, Kubernetes. Proven background building scalable solutions, collaborating across agile teams, and driving measurable engineering impact.

TECHNICAL SKILLS
System Design, Java, Go, Kubernetes, Jira, Docker, PostgreSQL, Agile, Redis, Kafka, Python

PROFESSIONAL EXPERIENCE
Backend Engineer | Cloudflare (2022 - Present)
- Designed and deployed enterprise-grade systems utilizing System Design and Java, improving throughput by 28%.
- Collaborated with engineering stakeholders to optimize data pipelines and system reliability using Go.
- Reduced system downtime and latency by 21% through proactive monitoring and automated CI/CD workflows.

EDUCATION
B.S. in Electrical and Computer Engineering, Stanford University (Graduated 2022)
","System Design, Java, Go, Kubernetes, Jira, Docker, PostgreSQL, Agile, Redis, Kafka, Python"
RES-0004,Jordan Patel,jordan.patel64@synthetic-talent.org,+1 (555) 326-4828,Data Engineer,2,Junior,Master,M.S. in Machine Learning and Data Science,University of Washington,"AWS, Terraform, GCP, Spark, PostgreSQL, Linux, SQL, Snowflake, Code Review, Kafka, Python, Airflow","Jordan Patel
jordan.patel64@synthetic-talent.org | +1 (555) 326-4828 | Location: New York, NY

PROFESSIONAL SUMMARY
Results-driven Data Engineer with 2 years of industry experience specializing in AWS, Terraform, GCP, Spark. Proven background building scalable solutions, collaborating across agile teams, and driving measurable engineering impact.

TECHNICAL SKILLS
AWS, Terraform, GCP, Spark, PostgreSQL, Linux, SQL, Snowflake, Code Review, Kafka, Python, Airflow

PROFESSIONAL EXPERIENCE
Data Engineer | Apple (2023 - Present)
- Designed and deployed enterprise-grade systems utilizing AWS and Terraform, improving throughput by 26%.
- Collaborated with engineering stakeholders to optimize data pipelines and system reliability using GCP.
- Reduced system downtime and latency by 15% through proactive monitoring and automated CI/CD workflows.

EDUCATION
M.S. in Machine Learning and Data Science, University of Washington (Graduated 2023)
","AWS, Terraform, GCP, Spark, PostgreSQL, Linux, SQL, Snowflake, Code Review, Kafka, Python, Airflow"
RES-0005,Daniel Brown,daniel.brown16@synthetic-talent.org,+1 (555) 440-2852,Backend Engineer,2,Mid-Level,Bachelor,B.S. in Electrical and Computer Engineering,University of Michigan,"System Design, Java, Go, Jira, Docker, PostgreSQL, Redis, Kafka, Unit Testing","Daniel Brown
daniel.brown16@synthetic-talent.org | +1 (555) 440-2852 | Location: New York, NY

PROFESSIONAL SUMMARY
Results-driven Backend Engineer with 2 years of industry experience specializing in System Design, Java, Go, Jira. Proven background building scalable solutions, collaborating across agile teams, and driving measurable engineering impact.

TECHNICAL SKILLS
System Design, Java, Go, Jira, Docker, PostgreSQL, Redis, Kafka, Unit Testing

PROFESSIONAL EXPERIENCE
Backend Engineer | Intel (2023 - Present)
- Designed and deployed enterprise-grade systems utilizing System Design and Java, improving throughput by 21%.
- Collaborated with engineering stakeholders to optimize data pipelines and system reliability using Go.
- Reduced system downtime and latency by 16% through proactive monitoring and automated CI/CD workflows.

EDUCATION
B.S. in Electrical and Computer Engineering, University of Michigan (Graduated 2023)
","System Design, Java, Go, Jira, Docker, PostgreSQL, Redis, Kafka, Unit Testing"
RES-0006,Zoe Johnson,zoe.johnson46@synthetic-talent.org,+1 (555) 981-3253,Backend Engineer,5,Mid-Level,Bachelor,B.Tech in Computer Science and Engineering,University of Michigan,"FastAPI, Node.js, System Design, Java, Go, Kubernetes, Jira, Docker, PostgreSQL, Redis, Python, CI/CD, Unit Testing","Zoe Johnson
zoe.johnson46@synthetic-talent.org | +1 (555) 981-3253 | Location: New York, NY

PROFESSIONAL SUMMARY
Results-driven Backend Engineer with 5 years of industry experience specializing in FastAPI, Node.js, System Design, Java. Proven background building scalable solutions, collaborating across agile teams, and driving measurable engineering impact.

TECHNICAL SKILLS
FastAPI, Node.js, System Design, Java, Go, Kubernetes, Jira, Docker, PostgreSQL, Redis, Python, CI/CD, Unit Testing

PROFESSIONAL EXPERIENCE
Backend Engineer | Microsoft (2022 - Present)
- Designed and deployed enterprise-grade systems utilizing FastAPI and Node.js, improving throughput by 24%.
- Collaborated with engineering stakeholders to optimize data pipelines and system reliability using System Design.
- Reduced system downtime and latency by 19% through proactive monitoring and automated CI/CD workflows.

Backend Engineer | Instacart (2020 - 2022)
- Designed and deployed enterprise-grade systems utilizing FastAPI and Node.js, improving throughput by 21%.
- Collaborated with engineering stakeholders to optimize data pipelines and system reliability using System Design.
- Reduced system downtime and latency by 26% through proactive monitoring and automated CI/CD workflows.

EDUCATION
B.Tech in Computer Science and Engineering, University of Michigan (Graduated 2020)
","FastAPI, Node.js, System Design, Java, Go, Kubernetes, Jira, Docker, PostgreSQL, Redis, Python, CI/CD, Unit Testing"
RES-0007,Chloe Smith,chloe.smith81@synthetic-talent.org,+1 (555) 937-2875,Data Scientist,3,Mid-Level,Doctorate,Ph.D. in Computer Science,Delhi Technological University,"Machine Learning, Docker, Linux, SQL, Agile, Pandas","Chloe Smith
chloe.smith81@synthetic-talent.org | +1 (555) 937-2875 | Location: New York, NY

PROFESSIONAL SUMMARY
Results-driven Data Scientist with 3 years of industry experience specializing in Machine Learning, Docker, Linux, SQL. Proven background building scalable solutions, collaborating across agile teams, and driving measurable engineering impact.

TECHNICAL SKILLS
Machine Learning, Docker, Linux, SQL, Agile, Pandas

PROFESSIONAL EXPERIENCE
Data Scientist | Apple (2022 - Present)
- Designed and deployed enterprise-grade systems utilizing Machine Learning and Docker, improving throughput by 34%.
- Collaborated with engineering stakeholders to optimize data pipelines and system reliability using Linux.
- Reduced system downtime and latency by 21% through proactive monitoring and automated CI/CD workflows.

EDUCATION
Ph.D. in Computer Science, Delhi Technological University (Graduated 2022)
","Machine Learning, Docker, Linux, SQL, Agile, Pandas"
RES-0008,Sofia Garcia,sofia.garcia80@synthetic-talent.org,+1 (555) 829-8094,Cybersecurity Engineer,3,Mid-Level,Bachelor,B.Tech in Computer Science and Engineering,UC Berkeley,"Terraform, Go, Kubernetes, Git, PostgreSQL, Python, CI/CD, Unit Testing","Sofia Garcia
sofia.garcia80@synthetic-talent.org | +1 (555) 829-8094 | Location: New York, NY

PROFESSIONAL SUMMARY
Results-driven Cybersecurity Engineer with 3 years of industry experience specializing in Terraform, Go, Kubernetes, Git. Proven background building scalable solutions, collaborating across agile teams, and driving measurable engineering impact.

TECHNICAL SKILLS
Terraform, Go, Kubernetes, Git, PostgreSQL, Python, CI/CD, Unit Testing

PROFESSIONAL EXPERIENCE
Cybersecurity Engineer | MongoDB Inc. (2022 - Present)
- Designed and deployed enterprise-grade systems utilizing Terraform and Go, improving throughput by 37%.
- Collaborated with engineering stakeholders to optimize data pipelines and system reliability using Kubernetes.
- Reduced system downtime and latency by 30% through proactive monitoring and automated CI/CD workflows.

EDUCATION
B.Tech in Computer Science and Engineering, UC Berkeley (Graduated 2022)
","Terraform, Go, Kubernetes, Git, PostgreSQL, Python, CI/CD, Unit Testing"
RES-0009,Sofia Vance,sofia.vance37@synthetic-talent.org,+1 (555) 732-7137,Cybersecurity Engineer,7,Senior,Bachelor,B.S. in Computer Science,MIT,"AWS, Terraform, Docker, Git, Linux, Python, CI/CD","Sofia Vance
sofia.vance37@synthetic-talent.org | +1 (555) 732-7137 | Location: New York, NY

PROFESSIONAL SUMMARY
Results-driven Cybersecurity Engineer with 7 years of industry experience specializing in AWS, Terraform, Docker, Git. Proven background building scalable solutions, collaborating across agile teams, and driving measurable engineering impact.

TECHNICAL SKILLS
AWS, Terraform, Docker, Git, Linux, Python, CI/CD

PROFESSIONAL EXPERIENCE
Senior Cybersecurity Engineer | Adobe (2023 - Present)
- Designed and deployed enterprise-grade systems utilizing AWS and Terraform, improving throughput by 36%.
- Collaborated with engineering stakeholders to optimize data pipelines and system reliability using Docker.
- Reduced system downtime and latency by 14% through proactive monitoring and automated CI/CD workflows.

Senior Cybersecurity Engineer | Instacart (2019 - 2023)
- Designed and deployed enterprise-grade systems utilizing AWS and Terraform, improving throughput by 29%.
- Collaborated with engineering stakeholders to optimize data pipelines and system reliability using Docker.
- Reduced system downtime and latency by 16% through proactive monitoring and automated CI/CD workflows.

Senior Cybersecurity Engineer | DoorDash (2018 - 2019)
- Designed and deployed enterprise-grade systems utilizing AWS and Terraform, improving throughput by 43%.
- Collaborated with engineering stakeholders to optimize data pipelines and system reliability using Docker.
- Reduced system downtime and latency by 28% through proactive monitoring and automated CI/CD workflows.

EDUCATION
B.S. in Computer Science, MIT (Graduated 2018)
","AWS, Terraform, Docker, Git, Linux, Python, CI/CD"
RES-0010,James Wilson,james.wilson45@synthetic-talent.org,+1 (555) 215-4952,Cloud & DevOps Engineer,2,Junior,Master,M.S. in Computer Science,UT Austin,"AWS, Azure, GCP, Go, Kubernetes, Prometheus, Linux, Code Review, Python","James Wilson
james.wilson45@synthetic-talent.org | +1 (555) 215-4952 | Location: New York, NY

PROFESSIONAL SUMMARY
Results-driven Cloud & DevOps Engineer with 2 years of industry experience specializing in AWS, Azure, GCP, Go. Proven background building scalable solutions, collaborating across agile teams, and driving measurable engineering impact.

TECHNICAL SKILLS
AWS, Azure, GCP, Go, Kubernetes, Prometheus, Linux, Code Review, Python

PROFESSIONAL EXPERIENCE
Cloud & DevOps Engineer | Coinbase (2023 - Present)
- Designed and deployed enterprise-grade systems utilizing AWS and Azure, improving throughput by 15%.
- Collaborated with engineering stakeholders to optimize data pipelines and system reliability using GCP.
- Reduced system downtime and latency by 22% through proactive monitoring and automated CI/CD workflows.

EDUCATION
M.S. in Computer Science, UT Austin (Graduated 2023)
","AWS, Azure, GCP, Go, Kubernetes, Prometheus, Linux, Code Review, Python"
RES-0011,Michael Johnson,michael.johnson65@synthetic-talent.org,+1 (555) 170-7631,Data Engineer,8,Senior,Doctorate,Ph.D. in Computer Science,BITS Pilani,"AWS, GCP, REST APIs, Spark, PostgreSQL, SQL, Code Review, Kafka, Python, Snowflake","Michael Johnson
michael.johnson65@synthetic-talent.org | +1 (555) 170-7631 | Location: New York, NY

PROFESSIONAL SUMMARY
Results-driven Data Engineer with 8 years of industry experience specializing in AWS, GCP, REST APIs, Spark. Proven background building scalable solutions, collaborating across agile teams, and driving measurable engineering impact.

TECHNICAL SKILLS
AWS, GCP, REST APIs, Spark, PostgreSQL, SQL, Code Review, Kafka, Python, Snowflake

PROFESSIONAL EXPERIENCE
Senior Data Engineer | Palantir (2023 - Present)
- Designed and deployed enterprise-grade systems utilizing AWS and GCP, improving throughput by 26%.
- Collaborated with engineering stakeholders to optimize data pipelines and system reliability using REST APIs.
- Reduced system downtime and latency by 21% through proactive monitoring and automated CI/CD workflows.

Senior Data Engineer | Snowflake (2021 - 2023)
- Designed and deployed enterprise-grade systems utilizing AWS and GCP, improving throughput by 37%.
- Collaborated with engineering stakeholders to optimize data pipelines and system reliability using REST APIs.
- Reduced system downtime and latency by 30% through proactive monitoring and automated CI/CD workflows.

Senior Data Engineer | Adobe (2018 - 2021)
- Designed and deployed enterprise-grade systems utilizing AWS and GCP, improving throughput by 29%.
- Collaborated with engineering stakeholders to optimize data pipelines and system reliability using REST APIs.
- Reduced system downtime and latency by 18% through proactive monitoring and automated CI/CD workflows.

Senior Data Engineer | Apple (2017 - 2018)
- Designed and deployed enterprise-grade systems utilizing AWS and GCP, improving throughput by 27%.
- Collaborated with engineering stakeholders to optimize data pipelines and system reliability using REST APIs.
- Reduced system downtime and latency by 20% through proactive monitoring and automated CI/CD workflows.

EDUCATION
Ph.D. in Computer Science, BITS Pilani (Graduated 2017)
","AWS, GCP, REST APIs, Spark, PostgreSQL, SQL, Code Review, Kafka, Python, Snowflake"
RES-0012,Chloe Taylor,chloe.taylor26@synthetic-talent.org,+1 (555) 754-8390,Cybersecurity Engineer,6,Senior,Doctorate,Ph.D. in Computer Science,University of Illinois Urbana-Champaign,"AWS, Terraform, Go, Linux, Agile, Python","Chloe Taylor
chloe.taylor26@synthetic-talent.org | +1 (555) 754-8390 | Location: New York, NY

PROFESSIONAL SUMMARY
Results-driven Cybersecurity Engineer with 6 years of industry experience specializing in AWS, Terraform, Go, Linux. Proven background building scalable solutions, collaborating across agile teams, and driving measurable engineering impact.

TECHNICAL SKILLS
AWS, Terraform, Go, Linux, Agile, Python

PROFESSIONAL EXPERIENCE
Senior Cybersecurity Engineer | Stripe (2021 - Present)
- Designed and deployed enterprise-grade systems utilizing AWS and Terraform, improving throughput by 21%.
- Collaborated with engineering stakeholders to optimize data pipelines and system reliability using Go.
- Reduced system downtime and latency by 24% through proactive monitoring and automated CI/CD workflows.

Senior Cybersecurity Engineer | MongoDB Inc. (2019 - 2021)
- Designed and deployed enterprise-grade systems utilizing AWS and Terraform, improving throughput by 31%.
- Collaborated with engineering stakeholders to optimize data pipelines and system reliability using Go.
- Reduced system downtime and latency by 20% through proactive monitoring and automated CI/CD workflows.

EDUCATION
Ph.D. in Computer Science, University of Illinois Urbana-Champaign (Graduated 2019)
","AWS, Terraform, Go, Linux, Agile, Python"
RES-0013,James Johnson,james.johnson30@synthetic-talent.org,+1 (555) 221-8797,Frontend Engineer,2,Mid-Level,Bachelor,B.Tech in Computer Science and Engineering,BITS Pilani,"Node.js, GraphQL, JavaScript, Docker, HTML/CSS, React, Linux, CI/CD, Unit Testing","James Johnson
james.johnson30@synthetic-talent.org | +1 (555) 221-8797 | Location: New York, NY

PROFESSIONAL SUMMARY
Results-driven Frontend Engineer with 2 years of industry experience specializing in Node.js, GraphQL, JavaScript, Docker. Proven background building scalable solutions, collaborating across agile teams, and driving measurable engineering impact.

TECHNICAL SKILLS
Node.js, GraphQL, JavaScript, Docker, HTML/CSS, React, Linux, CI/CD, Unit Testing

PROFESSIONAL EXPERIENCE
Frontend Engineer | Meta (2023 - Present)
- Designed and deployed enterprise-grade systems utilizing Node.js and GraphQL, improving throughput by 26%.
- Collaborated with engineering stakeholders to optimize data pipelines and system reliability using JavaScript.
- Reduced system downtime and latency by 10% through proactive monitoring and automated CI/CD workflows.

EDUCATION
B.Tech in Computer Science and Engineering, BITS Pilani (Graduated 2023)
","Node.js, GraphQL, JavaScript, Docker, HTML/CSS, React, Linux, CI/CD, Unit Testing"
RES-0014,Chloe Anderson,chloe.anderson25@synthetic-talent.org,+1 (555) 365-5427,Backend Engineer,1,Junior,Bachelor,B.Tech in Computer Science and Engineering,University of Washington,"System Design, Java, Go, REST APIs, Docker, PostgreSQL, Redis, Kafka, Python, CI/CD, Unit Testing","Chloe Anderson
chloe.anderson25@synthetic-talent.org | +1 (555) 365-5427 | Location: New York, NY

PROFESSIONAL SUMMARY
Results-driven Backend Engineer with 1 years of industry experience specializing in System Design, Java, Go, REST APIs. Proven background building scalable solutions, collaborating across agile teams, and driving measurable engineering impact.

TECHNICAL SKILLS
System Design, Java, Go, REST APIs, Docker, PostgreSQL, Redis, Kafka, Python, CI/CD, Unit Testing

PROFESSIONAL EXPERIENCE
Backend Engineer | Microsoft (2024 - Present)
- Designed and deployed enterprise-grade systems utilizing System Design and Java, improving throughput by 35%.
- Collaborated with engineering stakeholders to optimize data pipelines and system reliability using Go.
- Reduced system downtime and latency by 11% through proactive monitoring and automated CI/CD workflows.

EDUCATION
B.Tech in Computer Science and Engineering, University of Washington (Graduated 2024)
","System Design, Java, Go, REST APIs, Docker, PostgreSQL, Redis, Kafka, Python, CI/CD, Unit Testing"
RES-0015,Ananya Williams,ananya.williams24@synthetic-talent.org,+1 (555) 958-2169,Machine Learning Engineer,0,Junior,Doctorate,Ph.D. in Computer Science,Delhi Technological University,"FastAPI, AWS, Machine Learning, Kubernetes, REST APIs, Transformers, Agile, Kafka, Python, CI/CD","Ananya Williams
ananya.williams24@synthetic-talent.org | +1 (555) 958-2169 | Location: New York, NY

PROFESSIONAL SUMMARY
Results-driven Machine Learning Engineer with 0 years of industry experience specializing in FastAPI, AWS, Machine Learning, Kubernetes. Proven background building scalable solutions, collaborating across agile teams, and driving measurable engineering impact.

TECHNICAL SKILLS
FastAPI, AWS, Machine Learning, Kubernetes, REST APIs, Transformers, Agile, Kafka, Python, CI/CD

PROFESSIONAL EXPERIENCE
Software Engineering Intern | Robinhood (Summer 2024)
- Developed automated test suites and backend features with FastAPI.
- Collaborated in daily standups and contributed to production pull requests.

EDUCATION
Ph.D. in Computer Science, Delhi Technological University (Graduated 2025)
","FastAPI, AWS, Machine Learning, Kubernetes, REST APIs, Transformers, Agile, Kafka, Python, CI/CD"
RES-0016,Emma Kim,emma.kim51@synthetic-talent.org,+1 (555) 153-5504,Backend Engineer,2,Junior,Master,M.S. in Computer Science,University of Illinois Urbana-Champaign,"FastAPI, Node.js, System Design, AWS, Java, Go, Kubernetes, Jira, Docker, PostgreSQL, Code Review, Redis, Kafka, Python, CI/CD","Emma Kim
emma.kim51@synthetic-talent.org | +1 (555) 153-5504 | Location: New York, NY

PROFESSIONAL SUMMARY
Results-driven Backend Engineer with 2 years of industry experience specializing in FastAPI, Node.js, System Design, AWS. Proven background building scalable solutions, collaborating across agile teams, and driving measurable engineering impact.

TECHNICAL SKILLS
FastAPI, Node.js, System Design, AWS, Java, Go, Kubernetes, Jira, Docker, PostgreSQL, Code Review, Redis, Kafka, Python, CI/CD

PROFESSIONAL EXPERIENCE
Backend Engineer | Meta (2023 - Present)
- Designed and deployed enterprise-grade systems utilizing FastAPI and Node.js, improving throughput by 45%.
- Collaborated with engineering stakeholders to optimize data pipelines and system reliability using System Design.
- Reduced system downtime and latency by 17% through proactive monitoring and automated CI/CD workflows.

EDUCATION
M.S. in Computer Science, University of Illinois Urbana-Champaign (Graduated 2023)
","FastAPI, Node.js, System Design, AWS, Java, Go, Kubernetes, Jira, Docker, PostgreSQL, Code Review, Redis, Kafka, Python, CI/CD"
RES-0017,James Davis,james.davis53@synthetic-talent.org,+1 (555) 593-6614,Cybersecurity Engineer,1,Junior,Bachelor,B.S. in Electrical and Computer Engineering,Carnegie Mellon University,"AWS, Go, Kubernetes, Jira, Docker, Code Review","James Davis
james.davis53@synthetic-talent.org | +1 (555) 593-6614 | Location: New York, NY

PROFESSIONAL SUMMARY
Results-driven Cybersecurity Engineer with 1 years of industry experience specializing in AWS, Go, Kubernetes, Jira. Proven background building scalable solutions, collaborating across agile teams, and driving measurable engineering impact.

TECHNICAL SKILLS
AWS, Go, Kubernetes, Jira, Docker, Code Review

PROFESSIONAL EXPERIENCE
Cybersecurity Engineer | Airbnb (2024 - Present)
- Designed and deployed enterprise-grade systems utilizing AWS and Go, improving throughput by 34%.
- Collaborated with engineering stakeholders to optimize data pipelines and system reliability using Kubernetes.
- Reduced system downtime and latency by 15% through proactive monitoring and automated CI/CD workflows.

EDUCATION
B.S. in Electrical and Computer Engineering, Carnegie Mellon University (Graduated 2024)
","AWS, Go, Kubernetes, Jira, Docker, Code Review"
RES-0018,David Johnson,david.johnson97@synthetic-talent.org,+1 (555) 152-1534,Cybersecurity Engineer,3,Mid-Level,Bachelor,B.Tech in Computer Science and Engineering,Sharda University,"AWS, Terraform, Kubernetes, REST APIs, Docker, PostgreSQL, Linux, Python, CI/CD, Unit Testing","David Johnson
david.johnson97@synthetic-talent.org | +1 (555) 152-1534 | Location: New York, NY

PROFESSIONAL SUMMARY
Results-driven Cybersecurity Engineer with 3 years of industry experience specializing in AWS, Terraform, Kubernetes, REST APIs. Proven background building scalable solutions, collaborating across agile teams, and driving measurable engineering impact.

TECHNICAL SKILLS
AWS, Terraform, Kubernetes, REST APIs, Docker, PostgreSQL, Linux, Python, CI/CD, Unit Testing

PROFESSIONAL EXPERIENCE
Cybersecurity Engineer | Adobe (2022 - Present)
- Designed and deployed enterprise-grade systems utilizing AWS and Terraform, improving throughput by 34%.
- Collaborated with engineering stakeholders to optimize data pipelines and system reliability using Kubernetes.
- Reduced system downtime and latency by 22% through proactive monitoring and automated CI/CD workflows.

EDUCATION
B.Tech in Computer Science and Engineering, Sharda University (Graduated 2022)
","AWS, Terraform, Kubernetes, REST APIs, Docker, PostgreSQL, Linux, Python, CI/CD, Unit Testing"
RES-0019,Zoe Rostova,zoe.rostova98@synthetic-talent.org,+1 (555) 764-9666,Data Scientist,5,Senior,Bachelor,B.Tech in Computer Science and Engineering,Delhi Technological University,"PyTorch, Machine Learning, Docker, NLP, Linux, SQL, Agile, Python","Zoe Rostova
zoe.rostova98@synthetic-talent.org | +1 (555) 764-9666 | Location: New York, NY

PROFESSIONAL SUMMARY
Results-driven Data Scientist with 5 years of industry experience specializing in PyTorch, Machine Learning, Docker, NLP. Proven background building scalable solutions, collaborating across agile teams, and driving measurable engineering impact.

TECHNICAL SKILLS
PyTorch, Machine Learning, Docker, NLP, Linux, SQL, Agile, Python

PROFESSIONAL EXPERIENCE
Senior Data Scientist | Spotify (2021 - Present)
- Designed and deployed enterprise-grade systems utilizing PyTorch and Machine Learning, improving throughput by 21%.
- Collaborated with engineering stakeholders to optimize data pipelines and system reliability using Docker.
- Reduced system downtime and latency by 12% through proactive monitoring and automated CI/CD workflows.

Data Scientist | Uber (2020 - 2021)
- Designed and deployed enterprise-grade systems utilizing PyTorch and Machine Learning, improving throughput by 23%.
- Collaborated with engineering stakeholders to optimize data pipelines and system reliability using Docker.
- Reduced system downtime and latency by 27% through proactive monitoring and automated CI/CD workflows.

EDUCATION
B.Tech in Computer Science and Engineering, Delhi Technological University (Graduated 2020)
","PyTorch, Machine Learning, Docker, NLP, Linux, SQL, Agile, Python"
RES-0020,Chen Wilson,chen.wilson22@synthetic-talent.org,+1 (555) 950-3017,Frontend Engineer,0,Junior,Bachelor,B.Tech in Computer Science and Engineering,Delhi Technological University,"GraphQL, REST APIs, Jira, HTML/CSS, React, CI/CD","Chen Wilson
chen.wilson22@synthetic-talent.org | +1 (555) 950-3017 | Location: New York, NY

PROFESSIONAL SUMMARY
Results-driven Frontend Engineer with 0 years of industry experience specializing in GraphQL, REST APIs, Jira, HTML/CSS. Proven background building scalable solutions, collaborating across agile teams, and driving measurable engineering impact.

TECHNICAL SKILLS
GraphQL, REST APIs, Jira, HTML/CSS, React, CI/CD

PROFESSIONAL EXPERIENCE
Software Engineering Intern | Amazon (Summer 2024)
- Developed automated test suites and backend features with GraphQL.
- Collaborated in daily standups and contributed to production pull requests.

EDUCATION
B.Tech in Computer Science and Engineering, Delhi Technological University (Graduated 2025)
","GraphQL, REST APIs, Jira, HTML/CSS, React, CI/CD"
RES-0021,James Wilson,james.wilson31@synthetic-talent.org,+1 (555) 930-6120,Frontend Engineer,2,Junior,Bachelor,B.Tech in Computer Science and Engineering,University of Illinois Urbana-Champaign,"JavaScript, Docker, HTML/CSS, Next.js, React, Code Review, Unit Testing","James Wilson
james.wilson31@synthetic-talent.org | +1 (555) 930-6120 | Location: New York, NY

PROFESSIONAL SUMMARY
Results-driven Frontend Engineer with 2 years of industry experience specializing in JavaScript, Docker, HTML/CSS, Next.js. Proven background building scalable solutions, collaborating across agile teams, and driving measurable engineering impact.

TECHNICAL SKILLS
JavaScript, Docker, HTML/CSS, Next.js, React, Code Review, Unit Testing

PROFESSIONAL EXPERIENCE
Frontend Engineer | Databricks (2023 - Present)
- Designed and deployed enterprise-grade systems utilizing JavaScript and Docker, improving throughput by 22%.
- Collaborated with engineering stakeholders to optimize data pipelines and system reliability using HTML/CSS.
- Reduced system downtime and latency by 21% through proactive monitoring and automated CI/CD workflows.

EDUCATION
B.Tech in Computer Science and Engineering, University of Illinois Urbana-Champaign (Graduated 2023)
","JavaScript, Docker, HTML/CSS, Next.js, React, Code Review, Unit Testing"
RES-0022,Michael Garcia,michael.garcia46@synthetic-talent.org,+1 (555) 161-9930,Frontend Engineer,5,Senior,Master,M.S. in Machine Learning and Data Science,UC Berkeley,"Node.js, TypeScript, JavaScript, Docker, HTML/CSS, Next.js, Git, React, CI/CD, Unit Testing","Michael Garcia
michael.garcia46@synthetic-talent.org | +1 (555) 161-9930 | Location: New York, NY

PROFESSIONAL SUMMARY
Results-driven Frontend Engineer with 5 years of industry experience specializing in Node.js, TypeScript, JavaScript, Docker. Proven background building scalable solutions, collaborating across agile teams, and driving measurable engineering impact.

TECHNICAL SKILLS
Node.js, TypeScript, JavaScript, Docker, HTML/CSS, Next.js, Git, React, CI/CD, Unit Testing

PROFESSIONAL EXPERIENCE
Frontend Engineer | Workday (2023 - Present)
- Designed and deployed enterprise-grade systems utilizing Node.js and TypeScript, improving throughput by 15%.
- Collaborated with engineering stakeholders to optimize data pipelines and system reliability using JavaScript.
- Reduced system downtime and latency by 14% through proactive monitoring and automated CI/CD workflows.

Frontend Engineer | Palantir (2020 - 2023)
- Designed and deployed enterprise-grade systems utilizing Node.js and TypeScript, improving throughput by 37%.
- Collaborated with engineering stakeholders to optimize data pipelines and system reliability using JavaScript.
- Reduced system downtime and latency by 17% through proactive monitoring and automated CI/CD workflows.

EDUCATION
M.S. in Machine Learning and Data Science, UC Berkeley (Graduated 2020)
","Node.js, TypeScript, JavaScript, Docker, HTML/CSS, Next.js, Git, React, CI/CD, Unit Testing"
RES-0023,Jordan Tanaka,jordan.tanaka74@synthetic-talent.org,+1 (555) 276-9479,Cybersecurity Engineer,0,Junior,Master,M.S. in Computer Science,Sharda University,"Terraform, Go, Kubernetes, Jira, Docker, Linux, Python","Jordan Tanaka
jordan.tanaka74@synthetic-talent.org | +1 (555) 276-9479 | Location: New York, NY

PROFESSIONAL SUMMARY
Results-driven Cybersecurity Engineer with 0 years of industry experience specializing in Terraform, Go, Kubernetes, Jira. Proven background building scalable solutions, collaborating across agile teams, and driving measurable engineering impact.

TECHNICAL SKILLS
Terraform, Go, Kubernetes, Jira, Docker, Linux, Python

PROFESSIONAL EXPERIENCE
Software Engineering Intern | Workday (Summer 2024)
- Developed automated test suites and backend features with Terraform.
- Collaborated in daily standups and contributed to production pull requests.

EDUCATION
M.S. in Computer Science, Sharda University (Graduated 2025)
","Terraform, Go, Kubernetes, Jira, Docker, Linux, Python"
RES-0024,Ananya Kim,ananya.kim22@synthetic-talent.org,+1 (555) 680-8902,Cloud & DevOps Engineer,5,Mid-Level,Master,M.S. in Machine Learning and Data Science,Cornell University,"Azure, Terraform, GCP, Go, Docker, Prometheus, Linux, Code Review, Python, CI/CD","Ananya Kim
ananya.kim22@synthetic-talent.org | +1 (555) 680-8902 | Location: New York, NY

PROFESSIONAL SUMMARY
Results-driven Cloud & DevOps Engineer with 5 years of industry experience specializing in Azure, Terraform, GCP, Go. Proven background building scalable solutions, collaborating across agile teams, and driving measurable engineering impact.

TECHNICAL SKILLS
Azure, Terraform, GCP, Go, Docker, Prometheus, Linux, Code Review, Python, CI/CD

PROFESSIONAL EXPERIENCE
Cloud & DevOps Engineer | Lyft (2023 - Present)
- Designed and deployed enterprise-grade systems utilizing Azure and Terraform, improving throughput by 24%.
- Collaborated with engineering stakeholders to optimize data pipelines and system reliability using GCP.
- Reduced system downtime and latency by 18% through proactive monitoring and automated CI/CD workflows.

Cloud & DevOps Engineer | Square / Block (2020 - 2023)
- Designed and deployed enterprise-grade systems utilizing Azure and Terraform, improving throughput by 34%.
- Collaborated with engineering stakeholders to optimize data pipelines and system reliability using GCP.
- Reduced system downtime and latency by 17% through proactive monitoring and automated CI/CD workflows.

EDUCATION
M.S. in Machine Learning and Data Science, Cornell University (Graduated 2020)
","Azure, Terraform, GCP, Go, Docker, Prometheus, Linux, Code Review, Python, CI/CD"
RES-0025,Sofia Patel,sofia.patel51@synthetic-talent.org,+1 (555) 442-7786,Machine Learning Engineer,1,Junior,Bachelor,B.S. in Computer Science,Sharda University,"FastAPI, PyTorch, Machine Learning, GCP, AWS, Kubernetes, Transformers, Git, CI/CD, Unit Testing","Sofia Patel
sofia.patel51@synthetic-talent.org | +1 (555) 442-7786 | Location: New York, NY

PROFESSIONAL SUMMARY
Results-driven Machine Learning Engineer with 1 years of industry experience specializing in FastAPI, PyTorch, Machine Learning, GCP. Proven background building scalable solutions, collaborating across agile teams, and driving measurable engineering impact.

TECHNICAL SKILLS
FastAPI, PyTorch, Machine Learning, GCP, AWS, Kubernetes, Transformers, Git, CI/CD, Unit Testing

PROFESSIONAL EXPERIENCE
Machine Learning Engineer | Stripe (2024 - Present)
- Designed and deployed enterprise-grade systems utilizing FastAPI and PyTorch, improving throughput by 41%.
- Collaborated with engineering stakeholders to optimize data pipelines and system reliability using Machine Learning.
- Reduced system downtime and latency by 10% through proactive monitoring and automated CI/CD workflows.

EDUCATION
B.S. in Computer Science, Sharda University (Graduated 2024)
","FastAPI, PyTorch, Machine Learning, GCP, AWS, Kubernetes, Transformers, Git, CI/CD, Unit Testing"
RES-0026,Chen Garcia,chen.garcia88@synthetic-talent.org,+1 (555) 253-6644,Machine Learning Engineer,2,Junior,Master,M.S. in Machine Learning and Data Science,University of Illinois Urbana-Champaign,"PyTorch, FastAPI, Machine Learning, Large Language Models, Kubernetes, Docker, Agile, Python, CI/CD, Unit Testing","Chen Garcia
chen.garcia88@synthetic-talent.org | +1 (555) 253-6644 | Location: New York, NY

PROFESSIONAL SUMMARY
Results-driven Machine Learning Engineer with 2 years of industry experience specializing in PyTorch, FastAPI, Machine Learning, Large Language Models. Proven background building scalable solutions, collaborating across agile teams, and driving measurable engineering impact.

TECHNICAL SKILLS
PyTorch, FastAPI, Machine Learning, Large Language Models, Kubernetes, Docker, Agile, Python, CI/CD, Unit Testing

PROFESSIONAL EXPERIENCE
Machine Learning Engineer | Splunk (2023 - Present)
- Designed and deployed enterprise-grade systems utilizing PyTorch and FastAPI, improving throughput by 36%.
- Collaborated with engineering stakeholders to optimize data pipelines and system reliability using Machine Learning.
- Reduced system downtime and latency by 12% through proactive monitoring and automated CI/CD workflows.

EDUCATION
M.S. in Machine Learning and Data Science, University of Illinois Urbana-Champaign (Graduated 2023)
","PyTorch, FastAPI, Machine Learning, Large Language Models, Kubernetes, Docker, Agile, Python, CI/CD, Unit Testing"
RES-0027,Arjun Anderson,arjun.anderson82@synthetic-talent.org,+1 (555) 192-2348,Cloud & DevOps Engineer,7,Senior,Bachelor,B.S. in Computer Science,Cornell University,"AWS, Azure, Terraform, GCP, Kubernetes, Docker, Prometheus, Git, Linux, Agile, CI/CD","Arjun Anderson
arjun.anderson82@synthetic-talent.org | +1 (555) 192-2348 | Location: New York, NY

PROFESSIONAL SUMMARY
Results-driven Cloud & DevOps Engineer with 7 years of industry experience specializing in AWS, Azure, Terraform, GCP. Proven background building scalable solutions, collaborating across agile teams, and driving measurable engineering impact.

TECHNICAL SKILLS
AWS, Azure, Terraform, GCP, Kubernetes, Docker, Prometheus, Git, Linux, Agile, CI/CD

PROFESSIONAL EXPERIENCE
Senior Cloud & DevOps Engineer | HubSpot (2023 - Present)
- Designed and deployed enterprise-grade systems utilizing AWS and Azure, improving throughput by 37%.
- Collaborated with engineering stakeholders to optimize data pipelines and system reliability using Terraform.
- Reduced system downtime and latency by 11% through proactive monitoring and automated CI/CD workflows.

Senior Cloud & DevOps Engineer | ServiceNow (2020 - 2023)
- Designed and deployed enterprise-grade systems utilizing AWS and Azure, improving throughput by 34%.
- Collaborated with engineering stakeholders to optimize data pipelines and system reliability using Terraform.
- Reduced system downtime and latency by 12% through proactive monitoring and automated CI/CD workflows.

Senior Cloud & DevOps Engineer | Intel (2018 - 2020)
- Designed and deployed enterprise-grade systems utilizing AWS and Azure, improving throughput by 18%.
- Collaborated with engineering stakeholders to optimize data pipelines and system reliability using Terraform.
- Reduced system downtime and latency by 15% through proactive monitoring and automated CI/CD workflows.

EDUCATION
B.S. in Computer Science, Cornell University (Graduated 2018)
","AWS, Azure, Terraform, GCP, Kubernetes, Docker, Prometheus, Git, Linux, Agile, CI/CD"
RES-0028,Ananya Tanaka,ananya.tanaka53@synthetic-talent.org,+1 (555) 790-3820,Machine Learning Engineer,0,Junior,Bachelor,B.Tech in Computer Science and Engineering,University of Illinois Urbana-Champaign,"PyTorch, AWS, Machine Learning, FastAPI, Large Language Models, Code Review, Unit Testing","Ananya Tanaka
ananya.tanaka53@synthetic-talent.org | +1 (555) 790-3820 | Location: New York, NY

PROFESSIONAL SUMMARY
Results-driven Machine Learning Engineer with 0 years of industry experience specializing in PyTorch, AWS, Machine Learning, FastAPI. Proven background building scalable solutions, collaborating across agile teams, and driving measurable engineering impact.

TECHNICAL SKILLS
PyTorch, AWS, Machine Learning, FastAPI, Large Language Models, Code Review, Unit Testing

PROFESSIONAL EXPERIENCE
Software Engineering Intern | HubSpot (Summer 2024)
- Developed automated test suites and backend features with PyTorch.
- Collaborated in daily standups and contributed to production pull requests.

EDUCATION
B.Tech in Computer Science and Engineering, University of Illinois Urbana-Champaign (Graduated 2025)
","PyTorch, AWS, Machine Learning, FastAPI, Large Language Models, Code Review, Unit Testing"
RES-0029,Vikram Wilson,vikram.wilson53@synthetic-talent.org,+1 (555) 518-4137,Machine Learning Engineer,11,Lead/Staff,Doctorate,Ph.D. in Computer Science,Cornell University,"PyTorch, GCP, Machine Learning, Large Language Models, Kubernetes, Transformers, Git, Code Review, Kafka, Python","Vikram Wilson
vikram.wilson53@synthetic-talent.org | +1 (555) 518-4137 | Location: New York, NY

PROFESSIONAL SUMMARY
Results-driven Machine Learning Engineer with 11 years of industry experience specializing in PyTorch, GCP, Machine Learning, Large Language Models. Proven background building scalable solutions, collaborating across agile teams, and driving measurable engineering impact.

TECHNICAL SKILLS
PyTorch, GCP, Machine Learning, Large Language Models, Kubernetes, Transformers, Git, Code Review, Kafka, Python

PROFESSIONAL EXPERIENCE
Senior Machine Learning Engineer | NVIDIA (2022 - Present)
- Designed and deployed enterprise-grade systems utilizing PyTorch and GCP, improving throughput by 38%.
- Collaborated with engineering stakeholders to optimize data pipelines and system reliability using Machine Learning.
- Reduced system downtime and latency by 30% through proactive monitoring and automated CI/CD workflows.

Senior Machine Learning Engineer | Uber (2018 - 2022)
- Designed and deployed enterprise-grade systems utilizing PyTorch and GCP, improving throughput by 21%.
- Collaborated with engineering stakeholders to optimize data pipelines and system reliability using Machine Learning.
- Reduced system downtime and latency by 29% through proactive monitoring and automated CI/CD workflows.

Senior Machine Learning Engineer | Wayfair (2014 - 2018)
- Designed and deployed enterprise-grade systems utilizing PyTorch and GCP, improving throughput by 22%.
- Collaborated with engineering stakeholders to optimize data pipelines and system reliability using Machine Learning.
- Reduced system downtime and latency by 13% through proactive monitoring and automated CI/CD workflows.

EDUCATION
Ph.D. in Computer Science, Cornell University (Graduated 2014)
","PyTorch, GCP, Machine Learning, Large Language Models, Kubernetes, Transformers, Git, Code Review, Kafka, Python"
RES-0030,Emily Rodriguez,emily.rodriguez39@synthetic-talent.org,+1 (555) 812-6935,Cybersecurity Engineer,8,Senior,Master,M.S. in Computer Science,University of Michigan,"AWS, Kubernetes, Jira, Docker, PostgreSQL, Linux, Agile, Python, CI/CD","Emily Rodriguez
emily.rodriguez39@synthetic-talent.org | +1 (555) 812-6935 | Location: New York, NY

PROFESSIONAL SUMMARY
Results-driven Cybersecurity Engineer with 8 years of industry experience specializing in AWS, Kubernetes, Jira, Docker. Proven background building scalable solutions, collaborating across agile teams, and driving measurable engineering impact.

TECHNICAL SKILLS
AWS, Kubernetes, Jira, Docker, PostgreSQL, Linux, Agile, Python, CI/CD

PROFESSIONAL EXPERIENCE
Senior Cybersecurity Engineer | Apple (2021 - Present)
- Designed and deployed enterprise-grade systems utilizing AWS and Kubernetes, improving throughput by 31%.
- Collaborated with engineering stakeholders to optimize data pipelines and system reliability using Jira.
- Reduced system downtime and latency by 17% through proactive monitoring and automated CI/CD workflows.

Senior Cybersecurity Engineer | Coinbase (2017 - 2021)
- Designed and deployed enterprise-grade systems utilizing AWS and Kubernetes, improving throughput by 35%.
- Collaborated with engineering stakeholders to optimize data pipelines and system reliability using Jira.
- Reduced system downtime and latency by 22% through proactive monitoring and automated CI/CD workflows.

EDUCATION
M.S. in Computer Science, University of Michigan (Graduated 2017)
","AWS, Kubernetes, Jira, Docker, PostgreSQL, Linux, Agile, Python, CI/CD"
RES-0031,Elena Kim,elena.kim11@synthetic-talent.org,+1 (555) 757-3964,Machine Learning Engineer,4,Mid-Level,Master,M.S. in Computer Science,UT Austin,"PyTorch, FastAPI, Machine Learning, AWS, GCP, Large Language Models, Kubernetes, Jira, Docker, Transformers, Git, Kafka, Python, CI/CD","Elena Kim
elena.kim11@synthetic-talent.org | +1 (555) 757-3964 | Location: New York, NY

PROFESSIONAL SUMMARY
Results-driven Machine Learning Engineer with 4 years of industry experience specializing in PyTorch, FastAPI, Machine Learning, AWS. Proven background building scalable solutions, collaborating across agile teams, and driving measurable engineering impact.

TECHNICAL SKILLS
PyTorch, FastAPI, Machine Learning, AWS, GCP, Large Language Models, Kubernetes, Jira, Docker, Transformers, Git, Kafka, Python, CI/CD

PROFESSIONAL EXPERIENCE
Machine Learning Engineer | Square / Block (2022 - Present)
- Designed and deployed enterprise-grade systems utilizing PyTorch and FastAPI, improving throughput by 36%.
- Collaborated with engineering stakeholders to optimize data pipelines and system reliability using Machine Learning.
- Reduced system downtime and latency by 27% through proactive monitoring and automated CI/CD workflows.

Machine Learning Engineer | Stripe (2021 - 2022)
- Designed and deployed enterprise-grade systems utilizing PyTorch and FastAPI, improving throughput by 44%.
- Collaborated with engineering stakeholders to optimize data pipelines and system reliability using Machine Learning.
- Reduced system downtime and latency by 24% through proactive monitoring and automated CI/CD workflows.

EDUCATION
M.S. in Computer Science, UT Austin (Graduated 2021)
","PyTorch, FastAPI, Machine Learning, AWS, GCP, Large Language Models, Kubernetes, Jira, Docker, Transformers, Git, Kafka, Python, CI/CD"
RES-0032,Marcus Johnson,marcus.johnson59@synthetic-talent.org,+1 (555) 106-4031,Frontend Engineer,13,Lead/Staff,Doctorate,Ph.D. in Computer Science,BITS Pilani,"Node.js, TypeScript, JavaScript, HTML/CSS, Next.js, Git, Agile","Marcus Johnson
marcus.johnson59@synthetic-talent.org | +1 (555) 106-4031 | Location: New York, NY

PROFESSIONAL SUMMARY
Results-driven Frontend Engineer with 13 years of industry experience specializing in Node.js, TypeScript, JavaScript, HTML/CSS. Proven background building scalable solutions, collaborating across agile teams, and driving measurable engineering impact.

TECHNICAL SKILLS
Node.js, TypeScript, JavaScript, HTML/CSS, Next.js, Git, Agile

PROFESSIONAL EXPERIENCE
Senior Frontend Engineer | Netflix (2022 - Present)
- Designed and deployed enterprise-grade systems utilizing Node.js and TypeScript, improving throughput by 43%.
- Collaborated with engineering stakeholders to optimize data pipelines and system reliability using JavaScript.
- Reduced system downtime and latency by 26% through proactive monitoring and automated CI/CD workflows.

Senior Frontend Engineer | Twilio (2020 - 2022)
- Designed and deployed enterprise-grade systems utilizing Node.js and TypeScript, improving throughput by 26%.
- Collaborated with engineering stakeholders to optimize data pipelines and system reliability using JavaScript.
- Reduced system downtime and latency by 20% through proactive monitoring and automated CI/CD workflows.

Senior Frontend Engineer | Robinhood (2018 - 2020)
- Designed and deployed enterprise-grade systems utilizing Node.js and TypeScript, improving throughput by 34%.
- Collaborated with engineering stakeholders to optimize data pipelines and system reliability using JavaScript.
- Reduced system downtime and latency by 18% through proactive monitoring and automated CI/CD workflows.

Senior Frontend Engineer | Salesforce (2014 - 2018)
- Designed and deployed enterprise-grade systems utilizing Node.js and TypeScript, improving throughput by 37%.
- Collaborated with engineering stakeholders to optimize data pipelines and system reliability using JavaScript.
- Reduced system downtime and latency by 20% through proactive monitoring and automated CI/CD workflows.

Senior Frontend Engineer | Meta (2012 - 2014)
- Designed and deployed enterprise-grade systems utilizing Node.js and TypeScript, improving throughput by 21%.
- Collaborated with engineering stakeholders to optimize data pipelines and system reliability using JavaScript.
- Reduced system downtime and latency by 28% through proactive monitoring and automated CI/CD workflows.

EDUCATION
Ph.D. in Computer Science, BITS Pilani (Graduated 2012)
","Node.js, TypeScript, JavaScript, HTML/CSS, Next.js, Git, Agile"
RES-0033,Ananya Sharma,ananya.sharma29@synthetic-talent.org,+1 (555) 853-5130,Backend Engineer,6,Senior,Bachelor,B.S. in Computer Science,Stanford University,"FastAPI, Go, Docker, Git, PostgreSQL, Code Review","Ananya Sharma
ananya.sharma29@synthetic-talent.org | +1 (555) 853-5130 | Location: New York, NY

PROFESSIONAL SUMMARY
Results-driven Backend Engineer with 6 years of industry experience specializing in FastAPI, Go, Docker, Git. Proven background building scalable solutions, collaborating across agile teams, and driving measurable engineering impact.

TECHNICAL SKILLS
FastAPI, Go, Docker, Git, PostgreSQL, Code Review

PROFESSIONAL EXPERIENCE
Senior Backend Engineer | Adobe (2022 - Present)
- Designed and deployed enterprise-grade systems utilizing FastAPI and Go, improving throughput by 15%.
- Collaborated with engineering stakeholders to optimize data pipelines and system reliability using Docker.
- Reduced system downtime and latency by 25% through proactive monitoring and automated CI/CD workflows.

Senior Backend Engineer | Zscaler (2019 - 2022)
- Designed and deployed enterprise-grade systems utilizing FastAPI and Go, improving throughput by 17%.
- Collaborated with engineering stakeholders to optimize data pipelines and system reliability using Docker.
- Reduced system downtime and latency by 29% through proactive monitoring and automated CI/CD workflows.

EDUCATION
B.S. in Computer Science, Stanford University (Graduated 2019)
","FastAPI, Go, Docker, Git, PostgreSQL, Code Review"
RES-0034,Zoe Rostova,zoe.rostova83@synthetic-talent.org,+1 (555) 947-3039,Backend Engineer,3,Mid-Level,Doctorate,Ph.D. in Computer Science,BITS Pilani,"AWS, System Design, Go, Kubernetes, Docker, Code Review, Redis, Python, Unit Testing","Zoe Rostova
zoe.rostova83@synthetic-talent.org | +1 (555) 947-3039 | Location: New York, NY

PROFESSIONAL SUMMARY
Results-driven Backend Engineer with 3 years of industry experience specializing in AWS, System Design, Go, Kubernetes. Proven background building scalable solutions, collaborating across agile teams, and driving measurable engineering impact.

TECHNICAL SKILLS
AWS, System Design, Go, Kubernetes, Docker, Code Review, Redis, Python, Unit Testing

PROFESSIONAL EXPERIENCE
Backend Engineer | Apple (2023 - Present)
- Designed and deployed enterprise-grade systems utilizing AWS and System Design, improving throughput by 27%.
- Collaborated with engineering stakeholders to optimize data pipelines and system reliability using Go.
- Reduced system downtime and latency by 30% through proactive monitoring and automated CI/CD workflows.

Backend Engineer | Palo Alto Networks (2022 - 2023)
- Designed and deployed enterprise-grade systems utilizing AWS and System Design, improving throughput by 36%.
- Collaborated with engineering stakeholders to optimize data pipelines and system reliability using Go.
- Reduced system downtime and latency by 29% through proactive monitoring and automated CI/CD workflows.

EDUCATION
Ph.D. in Computer Science, BITS Pilani (Graduated 2022)
","AWS, System Design, Go, Kubernetes, Docker, Code Review, Redis, Python, Unit Testing"
RES-0035,Emily Chen,emily.chen42@synthetic-talent.org,+1 (555) 930-2448,Frontend Engineer,4,Mid-Level,Doctorate,Ph.D. in Computer Science,Stanford University,"Node.js, TypeScript, Docker, HTML/CSS, Next.js, React, Code Review, Agile, CI/CD","Emily Chen
emily.chen42@synthetic-talent.org | +1 (555) 930-2448 | Location: New York, NY

PROFESSIONAL SUMMARY
Results-driven Frontend Engineer with 4 years of industry experience specializing in Node.js, TypeScript, Docker, HTML/CSS. Proven background building scalable solutions, collaborating across agile teams, and driving measurable engineering impact.

TECHNICAL SKILLS
Node.js, TypeScript, Docker, HTML/CSS, Next.js, React, Code Review, Agile, CI/CD

PROFESSIONAL EXPERIENCE
Senior Frontend Engineer | Palo Alto Networks (2021 - Present)
- Designed and deployed enterprise-grade systems utilizing Node.js and TypeScript, improving throughput by 44%.
- Collaborated with engineering stakeholders to optimize data pipelines and system reliability using Docker.
- Reduced system downtime and latency by 13% through proactive monitoring and automated CI/CD workflows.

EDUCATION
Ph.D. in Computer Science, Stanford University (Graduated 2021)
","Node.js, TypeScript, Docker, HTML/CSS, Next.js, React, Code Review, Agile, CI/CD"
RES-0036,Emma Kim,emma.kim12@synthetic-talent.org,+1 (555) 756-2482,Frontend Engineer,4,Mid-Level,Doctorate,Ph.D. in Computer Science,University of Michigan,"TypeScript, GraphQL, Docker, HTML/CSS, Code Review, CI/CD, Unit Testing","Emma Kim
emma.kim12@synthetic-talent.org | +1 (555) 756-2482 | Location: New York, NY

PROFESSIONAL SUMMARY
Results-driven Frontend Engineer with 4 years of industry experience specializing in TypeScript, GraphQL, Docker, HTML/CSS. Proven background building scalable solutions, collaborating across agile teams, and driving measurable engineering impact.

TECHNICAL SKILLS
TypeScript, GraphQL, Docker, HTML/CSS, Code Review, CI/CD, Unit Testing

PROFESSIONAL EXPERIENCE
Frontend Engineer | Databricks (2023 - Present)
- Designed and deployed enterprise-grade systems utilizing TypeScript and GraphQL, improving throughput by 27%.
- Collaborated with engineering stakeholders to optimize data pipelines and system reliability using Docker.
- Reduced system downtime and latency by 24% through proactive monitoring and automated CI/CD workflows.

Frontend Engineer | Uber (2021 - 2023)
- Designed and deployed enterprise-grade systems utilizing TypeScript and GraphQL, improving throughput by 27%.
- Collaborated with engineering stakeholders to optimize data pipelines and system reliability using Docker.
- Reduced system downtime and latency by 13% through proactive monitoring and automated CI/CD workflows.

EDUCATION
Ph.D. in Computer Science, University of Michigan (Graduated 2021)
","TypeScript, GraphQL, Docker, HTML/CSS, Code Review, CI/CD, Unit Testing"
RES-0037,Sofia Patel,sofia.patel25@synthetic-talent.org,+1 (555) 532-5523,Full Stack Engineer,2,Junior,Bachelor,B.Tech in Computer Science and Engineering,Georgia Tech,"GraphQL, REST APIs, Docker, React, Linux, Redis, Python, CI/CD","Sofia Patel
sofia.patel25@synthetic-talent.org | +1 (555) 532-5523 | Location: New York, NY

PROFESSIONAL SUMMARY
Results-driven Full Stack Engineer with 2 years of industry experience specializing in GraphQL, REST APIs, Docker, React. Proven background building scalable solutions, collaborating across agile teams, and driving measurable engineering impact.

TECHNICAL SKILLS
GraphQL, REST APIs, Docker, React, Linux, Redis, Python, CI/CD

PROFESSIONAL EXPERIENCE
Full Stack Engineer | Wayfair (2023 - Present)
- Designed and deployed enterprise-grade systems utilizing GraphQL and REST APIs, improving throughput by 21%.
- Collaborated with engineering stakeholders to optimize data pipelines and system reliability using Docker.
- Reduced system downtime and latency by 10% through proactive monitoring and automated CI/CD workflows.

EDUCATION
B.Tech in Computer Science and Engineering, Georgia Tech (Graduated 2023)
","GraphQL, REST APIs, Docker, React, Linux, Redis, Python, CI/CD"
RES-0038,James Rodriguez,james.rodriguez94@synthetic-talent.org,+1 (555) 994-4807,Data Engineer,4,Mid-Level,Master,M.S. in Computer Science,Sharda University,"GCP, Terraform, Spark, Docker, Git, PostgreSQL, SQL, Agile, Kafka, Python, Airflow","James Rodriguez
james.rodriguez94@synthetic-talent.org | +1 (555) 994-4807 | Location: New York, NY

PROFESSIONAL SUMMARY
Results-driven Data Engineer with 4 years of industry experience specializing in GCP, Terraform, Spark, Docker. Proven background building scalable solutions, collaborating across agile teams, and driving measurable engineering impact.

TECHNICAL SKILLS
GCP, Terraform, Spark, Docker, Git, PostgreSQL, SQL, Agile, Kafka, Python, Airflow

PROFESSIONAL EXPERIENCE
Data Engineer | Adobe (2023 - Present)
- Designed and deployed enterprise-grade systems utilizing GCP and Terraform, improving throughput by 20%.
- Collaborated with engineering stakeholders to optimize data pipelines and system reliability using Spark.
- Reduced system downtime and latency by 16% through proactive monitoring and automated CI/CD workflows.

Data Engineer | Oracle (2021 - 2023)
- Designed and deployed enterprise-grade systems utilizing GCP and Terraform, improving throughput by 41%.
- Collaborated with engineering stakeholders to optimize data pipelines and system reliability using Spark.
- Reduced system downtime and latency by 28% through proactive monitoring and automated CI/CD workflows.

EDUCATION
M.S. in Computer Science, Sharda University (Graduated 2021)
","GCP, Terraform, Spark, Docker, Git, PostgreSQL, SQL, Agile, Kafka, Python, Airflow"
RES-0039,Elena Johnson,elena.johnson66@synthetic-talent.org,+1 (555) 121-8496,Full Stack Engineer,9,Senior,Bachelor,B.S. in Computer Science,UT Austin,"AWS, Node.js, TypeScript, REST APIs, Docker, Git, Python","Elena Johnson
elena.johnson66@synthetic-talent.org | +1 (555) 121-8496 | Location: New York, NY

PROFESSIONAL SUMMARY
Results-driven Full Stack Engineer with 9 years of industry experience specializing in AWS, Node.js, TypeScript, REST APIs. Proven background building scalable solutions, collaborating across agile teams, and driving measurable engineering impact.

TECHNICAL SKILLS
AWS, Node.js, TypeScript, REST APIs, Docker, Git, Python

PROFESSIONAL EXPERIENCE
Senior Full Stack Engineer | Twilio (2023 - Present)
- Designed and deployed enterprise-grade systems utilizing AWS and Node.js, improving throughput by 45%.
- Collaborated with engineering stakeholders to optimize data pipelines and system reliability using TypeScript.
- Reduced system downtime and latency by 27% through proactive monitoring and automated CI/CD workflows.

Senior Full Stack Engineer | Intel (2020 - 2023)
- Designed and deployed enterprise-grade systems utilizing AWS and Node.js, improving throughput by 24%.
- Collaborated with engineering stakeholders to optimize data pipelines and system reliability using TypeScript.
- Reduced system downtime and latency by 11% through proactive monitoring and automated CI/CD workflows.

Senior Full Stack Engineer | Splunk (2018 - 2020)
- Designed and deployed enterprise-grade systems utilizing AWS and Node.js, improving throughput by 39%.
- Collaborated with engineering stakeholders to optimize data pipelines and system reliability using TypeScript.
- Reduced system downtime and latency by 25% through proactive monitoring and automated CI/CD workflows.

Senior Full Stack Engineer | ServiceNow (2016 - 2018)
- Designed and deployed enterprise-grade systems utilizing AWS and Node.js, improving throughput by 19%.
- Collaborated with engineering stakeholders to optimize data pipelines and system reliability using TypeScript.
- Reduced system downtime and latency by 11% through proactive monitoring and automated CI/CD workflows.

EDUCATION
B.S. in Computer Science, UT Austin (Graduated 2016)
","AWS, Node.js, TypeScript, REST APIs, Docker, Git, Python"
RES-0040,Marcus Tanaka,marcus.tanaka53@synthetic-talent.org,+1 (555) 542-9323,Machine Learning Engineer,5,Mid-Level,Master,M.S. in Machine Learning and Data Science,UT Austin,"PyTorch, AWS, Machine Learning, Large Language Models, Kubernetes, REST APIs, Jira, Docker, Kafka","Marcus Tanaka
marcus.tanaka53@synthetic-talent.org | +1 (555) 542-9323 | Location: New York, NY

PROFESSIONAL SUMMARY
Results-driven Machine Learning Engineer with 5 years of industry experience specializing in PyTorch, AWS, Machine Learning, Large Language Models. Proven background building scalable solutions, collaborating across agile teams, and driving measurable engineering impact.

TECHNICAL SKILLS
PyTorch, AWS, Machine Learning, Large Language Models, Kubernetes, REST APIs, Jira, Docker, Kafka

PROFESSIONAL EXPERIENCE
Senior Machine Learning Engineer | Cloudflare (2021 - Present)
- Designed and deployed enterprise-grade systems utilizing PyTorch and AWS, improving throughput by 27%.
- Collaborated with engineering stakeholders to optimize data pipelines and system reliability using Machine Learning.
- Reduced system downtime and latency by 25% through proactive monitoring and automated CI/CD workflows.

Machine Learning Engineer | Airbnb (2020 - 2021)
- Designed and deployed enterprise-grade systems utilizing PyTorch and AWS, improving throughput by 19%.
- Collaborated with engineering stakeholders to optimize data pipelines and system reliability using Machine Learning.
- Reduced system downtime and latency by 11% through proactive monitoring and automated CI/CD workflows.

EDUCATION
M.S. in Machine Learning and Data Science, UT Austin (Graduated 2020)
","PyTorch, AWS, Machine Learning, Large Language Models, Kubernetes, REST APIs, Jira, Docker, Kafka"
RES-0041,Sarah Vance,sarah.vance17@synthetic-talent.org,+1 (555) 907-6351,Cybersecurity Engineer,8,Senior,Bachelor,B.S. in Electrical and Computer Engineering,University of Illinois Urbana-Champaign,"Go, Kubernetes, REST APIs, Docker, Git, PostgreSQL, Linux, CI/CD","Sarah Vance
sarah.vance17@synthetic-talent.org | +1 (555) 907-6351 | Location: New York, NY

PROFESSIONAL SUMMARY
Results-driven Cybersecurity Engineer with 8 years of industry experience specializing in Go, Kubernetes, REST APIs, Docker. Proven background building scalable solutions, collaborating across agile teams, and driving measurable engineering impact.

TECHNICAL SKILLS
Go, Kubernetes, REST APIs, Docker, Git, PostgreSQL, Linux, CI/CD

PROFESSIONAL EXPERIENCE
Senior Cybersecurity Engineer | Amazon (2021 - Present)
- Designed and deployed enterprise-grade systems utilizing Go and Kubernetes, improving throughput by 35%.
- Collaborated with engineering stakeholders to optimize data pipelines and system reliability using REST APIs.
- Reduced system downtime and latency by 13% through proactive monitoring and automated CI/CD workflows.

Senior Cybersecurity Engineer | Google (2017 - 2021)
- Designed and deployed enterprise-grade systems utilizing Go and Kubernetes, improving throughput by 30%.
- Collaborated with engineering stakeholders to optimize data pipelines and system reliability using REST APIs.
- Reduced system downtime and latency by 11% through proactive monitoring and automated CI/CD workflows.

EDUCATION
B.S. in Electrical and Computer Engineering, University of Illinois Urbana-Champaign (Graduated 2017)
","Go, Kubernetes, REST APIs, Docker, Git, PostgreSQL, Linux, CI/CD"
RES-0042,Liam Miller,liam.miller79@synthetic-talent.org,+1 (555) 195-1550,Full Stack Engineer,5,Senior,Doctorate,Ph.D. in Computer Science,Carnegie Mellon University,"AWS, Node.js, TypeScript, GraphQL, Docker, PostgreSQL, React, Linux, Python, Unit Testing","Liam Miller
liam.miller79@synthetic-talent.org | +1 (555) 195-1550 | Location: New York, NY

PROFESSIONAL SUMMARY
Results-driven Full Stack Engineer with 5 years of industry experience specializing in AWS, Node.js, TypeScript, GraphQL. Proven background building scalable solutions, collaborating across agile teams, and driving measurable engineering impact.

TECHNICAL SKILLS
AWS, Node.js, TypeScript, GraphQL, Docker, PostgreSQL, React, Linux, Python, Unit Testing

PROFESSIONAL EXPERIENCE
Senior Full Stack Engineer | Apple (2021 - Present)
- Designed and deployed enterprise-grade systems utilizing AWS and Node.js, improving throughput by 17%.
- Collaborated with engineering stakeholders to optimize data pipelines and system reliability using TypeScript.
- Reduced system downtime and latency by 24% through proactive monitoring and automated CI/CD workflows.

Full Stack Engineer | Intel (2020 - 2021)
- Designed and deployed enterprise-grade systems utilizing AWS and Node.js, improving throughput by 44%.
- Collaborated with engineering stakeholders to optimize data pipelines and system reliability using TypeScript.
- Reduced system downtime and latency by 26% through proactive monitoring and automated CI/CD workflows.

EDUCATION
Ph.D. in Computer Science, Carnegie Mellon University (Graduated 2020)
","AWS, Node.js, TypeScript, GraphQL, Docker, PostgreSQL, React, Linux, Python, Unit Testing"
RES-0043,Sofia Kim,sofia.kim38@synthetic-talent.org,+1 (555) 207-4311,Full Stack Engineer,4,Mid-Level,Bachelor,B.S. in Computer Science,Sharda University,"AWS, FastAPI, TypeScript, GraphQL, Jira, Git, PostgreSQL, Redis, Python, CI/CD","Sofia Kim
sofia.kim38@synthetic-talent.org | +1 (555) 207-4311 | Location: New York, NY

PROFESSIONAL SUMMARY
Results-driven Full Stack Engineer with 4 years of industry experience specializing in AWS, FastAPI, TypeScript, GraphQL. Proven background building scalable solutions, collaborating across agile teams, and driving measurable engineering impact.

TECHNICAL SKILLS
AWS, FastAPI, TypeScript, GraphQL, Jira, Git, PostgreSQL, Redis, Python, CI/CD

PROFESSIONAL EXPERIENCE
Full Stack Engineer | Spotify (2023 - Present)
- Designed and deployed enterprise-grade systems utilizing AWS and FastAPI, improving throughput by 37%.
- Collaborated with engineering stakeholders to optimize data pipelines and system reliability using TypeScript.
- Reduced system downtime and latency by 12% through proactive monitoring and automated CI/CD workflows.

Full Stack Engineer | Cisco (2021 - 2023)
- Designed and deployed enterprise-grade systems utilizing AWS and FastAPI, improving throughput by 31%.
- Collaborated with engineering stakeholders to optimize data pipelines and system reliability using TypeScript.
- Reduced system downtime and latency by 27% through proactive monitoring and automated CI/CD workflows.

EDUCATION
B.S. in Computer Science, Sharda University (Graduated 2021)
","AWS, FastAPI, TypeScript, GraphQL, Jira, Git, PostgreSQL, Redis, Python, CI/CD"
RES-0044,Kavita Rodriguez,kavita.rodriguez34@synthetic-talent.org,+1 (555) 867-1485,Machine Learning Engineer,4,Mid-Level,Bachelor,B.S. in Computer Science,Carnegie Mellon University,"FastAPI, PyTorch, Machine Learning, GCP, Large Language Models, Kubernetes, Docker, Transformers, Git, Python, CI/CD, Unit Testing","Kavita Rodriguez
kavita.rodriguez34@synthetic-talent.org | +1 (555) 867-1485 | Location: New York, NY

PROFESSIONAL SUMMARY
Results-driven Machine Learning Engineer with 4 years of industry experience specializing in FastAPI, PyTorch, Machine Learning, GCP. Proven background building scalable solutions, collaborating across agile teams, and driving measurable engineering impact.

TECHNICAL SKILLS
FastAPI, PyTorch, Machine Learning, GCP, Large Language Models, Kubernetes, Docker, Transformers, Git, Python, CI/CD, Unit Testing

PROFESSIONAL EXPERIENCE
Senior Machine Learning Engineer | Salesforce (2021 - Present)
- Designed and deployed enterprise-grade systems utilizing FastAPI and PyTorch, improving throughput by 20%.
- Collaborated with engineering stakeholders to optimize data pipelines and system reliability using Machine Learning.
- Reduced system downtime and latency by 21% through proactive monitoring and automated CI/CD workflows.

EDUCATION
B.S. in Computer Science, Carnegie Mellon University (Graduated 2021)
","FastAPI, PyTorch, Machine Learning, GCP, Large Language Models, Kubernetes, Docker, Transformers, Git, Python, CI/CD, Unit Testing"
RES-0045,Emma Jones,emma.jones40@synthetic-talent.org,+1 (555) 472-2828,Data Engineer,5,Mid-Level,Master,M.S. in Computer Science,University of Illinois Urbana-Champaign,"AWS, Spark, Docker, Git, PostgreSQL, SQL, Kafka, Python, Unit Testing, Airflow","Emma Jones
emma.jones40@synthetic-talent.org | +1 (555) 472-2828 | Location: New York, NY

PROFESSIONAL SUMMARY
Results-driven Data Engineer with 5 years of industry experience specializing in AWS, Spark, Docker, Git. Proven background building scalable solutions, collaborating across agile teams, and driving measurable engineering impact.

TECHNICAL SKILLS
AWS, Spark, Docker, Git, PostgreSQL, SQL, Kafka, Python, Unit Testing, Airflow

PROFESSIONAL EXPERIENCE
Data Engineer | CrowdStrike (2023 - Present)
- Designed and deployed enterprise-grade systems utilizing AWS and Spark, improving throughput by 36%.
- Collaborated with engineering stakeholders to optimize data pipelines and system reliability using Docker.
- Reduced system downtime and latency by 11% through proactive monitoring and automated CI/CD workflows.

Data Engineer | Amazon (2020 - 2023)
- Designed and deployed enterprise-grade systems utilizing AWS and Spark, improving throughput by 45%.
- Collaborated with engineering stakeholders to optimize data pipelines and system reliability using Docker.
- Reduced system downtime and latency by 11% through proactive monitoring and automated CI/CD workflows.

EDUCATION
M.S. in Computer Science, University of Illinois Urbana-Champaign (Graduated 2020)
","AWS, Spark, Docker, Git, PostgreSQL, SQL, Kafka, Python, Unit Testing, Airflow"
RES-0046,Vikram Rostova,vikram.rostova17@synthetic-talent.org,+1 (555) 901-2341,Backend Engineer,3,Mid-Level,Master,M.S. in Computer Science,Delhi Technological University,"Node.js, System Design, Java, Go, Kubernetes, Docker, Git, PostgreSQL, Agile, Redis, Python, CI/CD","Vikram Rostova
vikram.rostova17@synthetic-talent.org | +1 (555) 901-2341 | Location: New York, NY

PROFESSIONAL SUMMARY
Results-driven Backend Engineer with 3 years of industry experience specializing in Node.js, System Design, Java, Go. Proven background building scalable solutions, collaborating across agile teams, and driving measurable engineering impact.

TECHNICAL SKILLS
Node.js, System Design, Java, Go, Kubernetes, Docker, Git, PostgreSQL, Agile, Redis, Python, CI/CD

PROFESSIONAL EXPERIENCE
Backend Engineer | Zscaler (2022 - Present)
- Designed and deployed enterprise-grade systems utilizing Node.js and System Design, improving throughput by 16%.
- Collaborated with engineering stakeholders to optimize data pipelines and system reliability using Java.
- Reduced system downtime and latency by 17% through proactive monitoring and automated CI/CD workflows.

EDUCATION
M.S. in Computer Science, Delhi Technological University (Graduated 2022)
","Node.js, System Design, Java, Go, Kubernetes, Docker, Git, PostgreSQL, Agile, Redis, Python, CI/CD"
RES-0047,Ananya Miller,ananya.miller91@synthetic-talent.org,+1 (555) 351-3833,Cloud & DevOps Engineer,1,Junior,Bachelor,B.Tech in Computer Science and Engineering,University of Washington,"AWS, Azure, Terraform, GCP, Go, Kubernetes, Docker, Prometheus, Linux, Code Review, Python, CI/CD","Ananya Miller
ananya.miller91@synthetic-talent.org | +1 (555) 351-3833 | Location: New York, NY

PROFESSIONAL SUMMARY
Results-driven Cloud & DevOps Engineer with 1 years of industry experience specializing in AWS, Azure, Terraform, GCP. Proven background building scalable solutions, collaborating across agile teams, and driving measurable engineering impact.

TECHNICAL SKILLS
AWS, Azure, Terraform, GCP, Go, Kubernetes, Docker, Prometheus, Linux, Code Review, Python, CI/CD

PROFESSIONAL EXPERIENCE
Cloud & DevOps Engineer | Instacart (2024 - Present)
- Designed and deployed enterprise-grade systems utilizing AWS and Azure, improving throughput by 17%.
- Collaborated with engineering stakeholders to optimize data pipelines and system reliability using Terraform.
- Reduced system downtime and latency by 27% through proactive monitoring and automated CI/CD workflows.

EDUCATION
B.Tech in Computer Science and Engineering, University of Washington (Graduated 2024)
","AWS, Azure, Terraform, GCP, Go, Kubernetes, Docker, Prometheus, Linux, Code Review, Python, CI/CD"
RES-0048,Jordan Wilson,jordan.wilson68@synthetic-talent.org,+1 (555) 757-5816,Cybersecurity Engineer,7,Senior,Doctorate,Ph.D. in Computer Science,Cornell University,"AWS, Go, Kubernetes, Jira, Linux","Jordan Wilson
jordan.wilson68@synthetic-talent.org | +1 (555) 757-5816 | Location: New York, NY

PROFESSIONAL SUMMARY
Results-driven Cybersecurity Engineer with 7 years of industry experience specializing in AWS, Go, Kubernetes, Jira. Proven background building scalable solutions, collaborating across agile teams, and driving measurable engineering impact.

TECHNICAL SKILLS
AWS, Go, Kubernetes, Jira, Linux

PROFESSIONAL EXPERIENCE
Senior Cybersecurity Engineer | Workday (2022 - Present)
- Designed and deployed enterprise-grade systems utilizing AWS and Go, improving throughput by 33%.
- Collaborated with engineering stakeholders to optimize data pipelines and system reliability using Kubernetes.
- Reduced system downtime and latency by 16% through proactive monitoring and automated CI/CD workflows.

Senior Cybersecurity Engineer | Meta (2020 - 2022)
- Designed and deployed enterprise-grade systems utilizing AWS and Go, improving throughput by 32%.
- Collaborated with engineering stakeholders to optimize data pipelines and system reliability using Kubernetes.
- Reduced system downtime and latency by 17% through proactive monitoring and automated CI/CD workflows.

Senior Cybersecurity Engineer | Netflix (2018 - 2020)
- Designed and deployed enterprise-grade systems utilizing AWS and Go, improving throughput by 26%.
- Collaborated with engineering stakeholders to optimize data pipelines and system reliability using Kubernetes.
- Reduced system downtime and latency by 20% through proactive monitoring and automated CI/CD workflows.

EDUCATION
Ph.D. in Computer Science, Cornell University (Graduated 2018)
","AWS, Go, Kubernetes, Jira, Linux"
RES-0049,Michael Jones,michael.jones85@synthetic-talent.org,+1 (555) 348-8774,Cybersecurity Engineer,2,Junior,Doctorate,Ph.D. in Computer Science,University of Washington,"AWS, Kubernetes, Jira, Docker, Git, Linux, Python","Michael Jones
michael.jones85@synthetic-talent.org | +1 (555) 348-8774 | Location: New York, NY

PROFESSIONAL SUMMARY
Results-driven Cybersecurity Engineer with 2 years of industry experience specializing in AWS, Kubernetes, Jira, Docker. Proven background building scalable solutions, collaborating across agile teams, and driving measurable engineering impact.

TECHNICAL SKILLS
AWS, Kubernetes, Jira, Docker, Git, Linux, Python

PROFESSIONAL EXPERIENCE
Cybersecurity Engineer | CrowdStrike (2023 - Present)
- Designed and deployed enterprise-grade systems utilizing AWS and Kubernetes, improving throughput by 22%.
- Collaborated with engineering stakeholders to optimize data pipelines and system reliability using Jira.
- Reduced system downtime and latency by 29% through proactive monitoring and automated CI/CD workflows.

EDUCATION
Ph.D. in Computer Science, University of Washington (Graduated 2023)
","AWS, Kubernetes, Jira, Docker, Git, Linux, Python"
RES-0050,Sofia Kim,sofia.kim94@synthetic-talent.org,+1 (555) 902-5057,Data Scientist,7,Senior,Master,M.S. in Machine Learning and Data Science,UC Berkeley,"Machine Learning, Deep Learning, REST APIs, Docker, SQL, Agile, Python, Scikit-Learn, Pandas","Sofia Kim
sofia.kim94@synthetic-talent.org | +1 (555) 902-5057 | Location: New York, NY

PROFESSIONAL SUMMARY
Results-driven Data Scientist with 7 years of industry experience specializing in Machine Learning, Deep Learning, REST APIs, Docker. Proven background building scalable solutions, collaborating across agile teams, and driving measurable engineering impact.

TECHNICAL SKILLS
Machine Learning, Deep Learning, REST APIs, Docker, SQL, Agile, Python, Scikit-Learn, Pandas

PROFESSIONAL EXPERIENCE
Senior Data Scientist | CrowdStrike (2023 - Present)
- Designed and deployed enterprise-grade systems utilizing Machine Learning and Deep Learning, improving throughput by 18%.
- Collaborated with engineering stakeholders to optimize data pipelines and system reliability using REST APIs.
- Reduced system downtime and latency by 15% through proactive monitoring and automated CI/CD workflows.

Senior Data Scientist | HubSpot (2019 - 2023)
- Designed and deployed enterprise-grade systems utilizing Machine Learning and Deep Learning, improving throughput by 17%.
- Collaborated with engineering stakeholders to optimize data pipelines and system reliability using REST APIs.
- Reduced system downtime and latency by 25% through proactive monitoring and automated CI/CD workflows.

Senior Data Scientist | Stripe (2018 - 2019)
- Designed and deployed enterprise-grade systems utilizing Machine Learning and Deep Learning, improving throughput by 26%.
- Collaborated with engineering stakeholders to optimize data pipelines and system reliability using REST APIs.
- Reduced system downtime and latency by 30% through proactive monitoring and automated CI/CD workflows.

EDUCATION
M.S. in Machine Learning and Data Science, UC Berkeley (Graduated 2018)
","Machine Learning, Deep Learning, REST APIs, Docker, SQL, Agile, Python, Scikit-Learn, Pandas"
RES-0051,Daniel Sharma,daniel.sharma49@synthetic-talent.org,+1 (555) 631-4938,Machine Learning Engineer,6,Senior,Doctorate,Ph.D. in Computer Science,MIT,"FastAPI, PyTorch, Machine Learning, GCP, AWS, Docker, Linux, Agile, Kafka, Python, CI/CD","Daniel Sharma
daniel.sharma49@synthetic-talent.org | +1 (555) 631-4938 | Location: New York, NY

PROFESSIONAL SUMMARY
Results-driven Machine Learning Engineer with 6 years of industry experience specializing in FastAPI, PyTorch, Machine Learning, GCP. Proven background building scalable solutions, collaborating across agile teams, and driving measurable engineering impact.

TECHNICAL SKILLS
FastAPI, PyTorch, Machine Learning, GCP, AWS, Docker, Linux, Agile, Kafka, Python, CI/CD

PROFESSIONAL EXPERIENCE
Senior Machine Learning Engineer | Netflix (2023 - Present)
- Designed and deployed enterprise-grade systems utilizing FastAPI and PyTorch, improving throughput by 38%.
- Collaborated with engineering stakeholders to optimize data pipelines and system reliability using Machine Learning.
- Reduced system downtime and latency by 27% through proactive monitoring and automated CI/CD workflows.

Senior Machine Learning Engineer | NVIDIA (2020 - 2023)
- Designed and deployed enterprise-grade systems utilizing FastAPI and PyTorch, improving throughput by 39%.
- Collaborated with engineering stakeholders to optimize data pipelines and system reliability using Machine Learning.
- Reduced system downtime and latency by 29% through proactive monitoring and automated CI/CD workflows.

Senior Machine Learning Engineer | Palantir (2019 - 2020)
- Designed and deployed enterprise-grade systems utilizing FastAPI and PyTorch, improving throughput by 30%.
- Collaborated with engineering stakeholders to optimize data pipelines and system reliability using Machine Learning.
- Reduced system downtime and latency by 12% through proactive monitoring and automated CI/CD workflows.

EDUCATION
Ph.D. in Computer Science, MIT (Graduated 2019)
","FastAPI, PyTorch, Machine Learning, GCP, AWS, Docker, Linux, Agile, Kafka, Python, CI/CD"
RES-0052,Kavita Vance,kavita.vance38@synthetic-talent.org,+1 (555) 663-7579,Cloud & DevOps Engineer,2,Junior,Master,M.S. in Computer Science,MIT,"AWS, Azure, Terraform, Kubernetes, Docker, Prometheus, Git, Linux, Python, CI/CD, Unit Testing","Kavita Vance
kavita.vance38@synthetic-talent.org | +1 (555) 663-7579 | Location: New York, NY

PROFESSIONAL SUMMARY
Results-driven Cloud & DevOps Engineer with 2 years of industry experience specializing in AWS, Azure, Terraform, Kubernetes. Proven background building scalable solutions, collaborating across agile teams, and driving measurable engineering impact.

TECHNICAL SKILLS
AWS, Azure, Terraform, Kubernetes, Docker, Prometheus, Git, Linux, Python, CI/CD, Unit Testing

PROFESSIONAL EXPERIENCE
Cloud & DevOps Engineer | Atlassian (2023 - Present)
- Designed and deployed enterprise-grade systems utilizing AWS and Azure, improving throughput by 36%.
- Collaborated with engineering stakeholders to optimize data pipelines and system reliability using Terraform.
- Reduced system downtime and latency by 14% through proactive monitoring and automated CI/CD workflows.

EDUCATION
M.S. in Computer Science, MIT (Graduated 2023)
","AWS, Azure, Terraform, Kubernetes, Docker, Prometheus, Git, Linux, Python, CI/CD, Unit Testing"
RES-0053,Vikram Sharma,vikram.sharma11@synthetic-talent.org,+1 (555) 196-7042,Cloud & DevOps Engineer,9,Senior,Bachelor,B.S. in Electrical and Computer Engineering,UT Austin,"Terraform, Kubernetes, Docker, Prometheus, Linux, Agile, CI/CD","Vikram Sharma
vikram.sharma11@synthetic-talent.org | +1 (555) 196-7042 | Location: New York, NY

PROFESSIONAL SUMMARY
Results-driven Cloud & DevOps Engineer with 9 years of industry experience specializing in Terraform, Kubernetes, Docker, Prometheus. Proven background building scalable solutions, collaborating across agile teams, and driving measurable engineering impact.

TECHNICAL SKILLS
Terraform, Kubernetes, Docker, Prometheus, Linux, Agile, CI/CD

PROFESSIONAL EXPERIENCE
Senior Cloud & DevOps Engineer | HubSpot (2023 - Present)
- Designed and deployed enterprise-grade systems utilizing Terraform and Kubernetes, improving throughput by 39%.
- Collaborated with engineering stakeholders to optimize data pipelines and system reliability using Docker.
- Reduced system downtime and latency by 26% through proactive monitoring and automated CI/CD workflows.

Senior Cloud & DevOps Engineer | Stripe (2019 - 2023)
- Designed and deployed enterprise-grade systems utilizing Terraform and Kubernetes, improving throughput by 33%.
- Collaborated with engineering stakeholders to optimize data pipelines and system reliability using Docker.
- Reduced system downtime and latency by 25% through proactive monitoring and automated CI/CD workflows.

Senior Cloud & DevOps Engineer | Databricks (2016 - 2019)
- Designed and deployed enterprise-grade systems utilizing Terraform and Kubernetes, improving throughput by 15%.
- Collaborated with engineering stakeholders to optimize data pipelines and system reliability using Docker.
- Reduced system downtime and latency by 12% through proactive monitoring and automated CI/CD workflows.

EDUCATION
B.S. in Electrical and Computer Engineering, UT Austin (Graduated 2016)
","Terraform, Kubernetes, Docker, Prometheus, Linux, Agile, CI/CD"
RES-0054,Carlos Anderson,carlos.anderson34@synthetic-talent.org,+1 (555) 508-7618,Cybersecurity Engineer,9,Senior,Bachelor,B.Tech in Computer Science and Engineering,Sharda University,"AWS, Terraform, Kubernetes, Docker, Git, PostgreSQL, Linux, Agile, CI/CD","Carlos Anderson
carlos.anderson34@synthetic-talent.org | +1 (555) 508-7618 | Location: New York, NY

PROFESSIONAL SUMMARY
Results-driven Cybersecurity Engineer with 9 years of industry experience specializing in AWS, Terraform, Kubernetes, Docker. Proven background building scalable solutions, collaborating across agile teams, and driving measurable engineering impact.

TECHNICAL SKILLS
AWS, Terraform, Kubernetes, Docker, Git, PostgreSQL, Linux, Agile, CI/CD

PROFESSIONAL EXPERIENCE
Senior Cybersecurity Engineer | Netflix (2021 - Present)
- Designed and deployed enterprise-grade systems utilizing AWS and Terraform, improving throughput by 44%.
- Collaborated with engineering stakeholders to optimize data pipelines and system reliability using Kubernetes.
- Reduced system downtime and latency by 26% through proactive monitoring and automated CI/CD workflows.

Senior Cybersecurity Engineer | Square / Block (2018 - 2021)
- Designed and deployed enterprise-grade systems utilizing AWS and Terraform, improving throughput by 26%.
- Collaborated with engineering stakeholders to optimize data pipelines and system reliability using Kubernetes.
- Reduced system downtime and latency by 22% through proactive monitoring and automated CI/CD workflows.

Senior Cybersecurity Engineer | Twilio (2016 - 2018)
- Designed and deployed enterprise-grade systems utilizing AWS and Terraform, improving throughput by 33%.
- Collaborated with engineering stakeholders to optimize data pipelines and system reliability using Kubernetes.
- Reduced system downtime and latency by 14% through proactive monitoring and automated CI/CD workflows.

EDUCATION
B.Tech in Computer Science and Engineering, Sharda University (Graduated 2016)
","AWS, Terraform, Kubernetes, Docker, Git, PostgreSQL, Linux, Agile, CI/CD"
RES-0055,Michael Chen,michael.chen65@synthetic-talent.org,+1 (555) 774-8222,Full Stack Engineer,14,Lead/Staff,Bachelor,B.S. in Computer Science,Cornell University,"FastAPI, Node.js, TypeScript, Jira, Docker, PostgreSQL, React, Agile, Python, CI/CD","Michael Chen
michael.chen65@synthetic-talent.org | +1 (555) 774-8222 | Location: New York, NY

PROFESSIONAL SUMMARY
Results-driven Full Stack Engineer with 14 years of industry experience specializing in FastAPI, Node.js, TypeScript, Jira. Proven background building scalable solutions, collaborating across agile teams, and driving measurable engineering impact.

TECHNICAL SKILLS
FastAPI, Node.js, TypeScript, Jira, Docker, PostgreSQL, React, Agile, Python, CI/CD

PROFESSIONAL EXPERIENCE
Senior Full Stack Engineer | Splunk (2021 - Present)
- Designed and deployed enterprise-grade systems utilizing FastAPI and Node.js, improving throughput by 44%.
- Collaborated with engineering stakeholders to optimize data pipelines and system reliability using TypeScript.
- Reduced system downtime and latency by 11% through proactive monitoring and automated CI/CD workflows.

Senior Full Stack Engineer | DoorDash (2018 - 2021)
- Designed and deployed enterprise-grade systems utilizing FastAPI and Node.js, improving throughput by 44%.
- Collaborated with engineering stakeholders to optimize data pipelines and system reliability using TypeScript.
- Reduced system downtime and latency by 18% through proactive monitoring and automated CI/CD workflows.

Senior Full Stack Engineer | Twilio (2016 - 2018)
- Designed and deployed enterprise-grade systems utilizing FastAPI and Node.js, improving throughput by 24%.
- Collaborated with engineering stakeholders to optimize data pipelines and system reliability using TypeScript.
- Reduced system downtime and latency by 17% through proactive monitoring and automated CI/CD workflows.

Senior Full Stack Engineer | Pinterest (2013 - 2016)
- Designed and deployed enterprise-grade systems utilizing FastAPI and Node.js, improving throughput by 26%.
- Collaborated with engineering stakeholders to optimize data pipelines and system reliability using TypeScript.
- Reduced system downtime and latency by 15% through proactive monitoring and automated CI/CD workflows.

Senior Full Stack Engineer | Google (2011 - 2013)
- Designed and deployed enterprise-grade systems utilizing FastAPI and Node.js, improving throughput by 30%.
- Collaborated with engineering stakeholders to optimize data pipelines and system reliability using TypeScript.
- Reduced system downtime and latency by 22% through proactive monitoring and automated CI/CD workflows.

EDUCATION
B.S. in Computer Science, Cornell University (Graduated 2011)
","FastAPI, Node.js, TypeScript, Jira, Docker, PostgreSQL, React, Agile, Python, CI/CD"
RES-0056,Michael Garcia,michael.garcia12@synthetic-talent.org,+1 (555) 753-6210,Data Scientist,1,Junior,Master,M.S. in Machine Learning and Data Science,BITS Pilani,"PyTorch, Machine Learning, Deep Learning, REST APIs, Jira, NLP, SQL, Scikit-Learn, Pandas","Michael Garcia
michael.garcia12@synthetic-talent.org | +1 (555) 753-6210 | Location: New York, NY

PROFESSIONAL SUMMARY
Results-driven Data Scientist with 1 years of industry experience specializing in PyTorch, Machine Learning, Deep Learning, REST APIs. Proven background building scalable solutions, collaborating across agile teams, and driving measurable engineering impact.

TECHNICAL SKILLS
PyTorch, Machine Learning, Deep Learning, REST APIs, Jira, NLP, SQL, Scikit-Learn, Pandas

PROFESSIONAL EXPERIENCE
Data Scientist | Palo Alto Networks (2024 - Present)
- Designed and deployed enterprise-grade systems utilizing PyTorch and Machine Learning, improving throughput by 25%.
- Collaborated with engineering stakeholders to optimize data pipelines and system reliability using Deep Learning.
- Reduced system downtime and latency by 13% through proactive monitoring and automated CI/CD workflows.

EDUCATION
M.S. in Machine Learning and Data Science, BITS Pilani (Graduated 2024)
","PyTorch, Machine Learning, Deep Learning, REST APIs, Jira, NLP, SQL, Scikit-Learn, Pandas"
RES-0057,Rahul Brown,rahul.brown50@synthetic-talent.org,+1 (555) 373-9041,Full Stack Engineer,3,Mid-Level,Bachelor,B.Tech in Computer Science and Engineering,MIT,"FastAPI, Node.js, TypeScript, Docker, PostgreSQL, React, Linux, Code Review, Redis, Python, CI/CD","Rahul Brown
rahul.brown50@synthetic-talent.org | +1 (555) 373-9041 | Location: New York, NY

PROFESSIONAL SUMMARY
Results-driven Full Stack Engineer with 3 years of industry experience specializing in FastAPI, Node.js, TypeScript, Docker. Proven background building scalable solutions, collaborating across agile teams, and driving measurable engineering impact.

TECHNICAL SKILLS
FastAPI, Node.js, TypeScript, Docker, PostgreSQL, React, Linux, Code Review, Redis, Python, CI/CD

PROFESSIONAL EXPERIENCE
Full Stack Engineer | Oracle (2023 - Present)
- Designed and deployed enterprise-grade systems utilizing FastAPI and Node.js, improving throughput by 41%.
- Collaborated with engineering stakeholders to optimize data pipelines and system reliability using TypeScript.
- Reduced system downtime and latency by 21% through proactive monitoring and automated CI/CD workflows.

Full Stack Engineer | Uber (2022 - 2023)
- Designed and deployed enterprise-grade systems utilizing FastAPI and Node.js, improving throughput by 37%.
- Collaborated with engineering stakeholders to optimize data pipelines and system reliability using TypeScript.
- Reduced system downtime and latency by 19% through proactive monitoring and automated CI/CD workflows.

EDUCATION
B.Tech in Computer Science and Engineering, MIT (Graduated 2022)
","FastAPI, Node.js, TypeScript, Docker, PostgreSQL, React, Linux, Code Review, Redis, Python, CI/CD"
RES-0058,James Anderson,james.anderson14@synthetic-talent.org,+1 (555) 801-6375,Backend Engineer,7,Senior,Bachelor,B.S. in Computer Science,MIT,"Node.js, System Design, Java, PostgreSQL, Linux, Code Review, Kafka","James Anderson
james.anderson14@synthetic-talent.org | +1 (555) 801-6375 | Location: New York, NY

PROFESSIONAL SUMMARY
Results-driven Backend Engineer with 7 years of industry experience specializing in Node.js, System Design, Java, PostgreSQL. Proven background building scalable solutions, collaborating across agile teams, and driving measurable engineering impact.

TECHNICAL SKILLS
Node.js, System Design, Java, PostgreSQL, Linux, Code Review, Kafka

PROFESSIONAL EXPERIENCE
Senior Backend Engineer | Coinbase (2022 - Present)
- Designed and deployed enterprise-grade systems utilizing Node.js and System Design, improving throughput by 45%.
- Collaborated with engineering stakeholders to optimize data pipelines and system reliability using Java.
- Reduced system downtime and latency by 24% through proactive monitoring and automated CI/CD workflows.

Senior Backend Engineer | Databricks (2020 - 2022)
- Designed and deployed enterprise-grade systems utilizing Node.js and System Design, improving throughput by 25%.
- Collaborated with engineering stakeholders to optimize data pipelines and system reliability using Java.
- Reduced system downtime and latency by 28% through proactive monitoring and automated CI/CD workflows.

Senior Backend Engineer | Atlassian (2018 - 2020)
- Designed and deployed enterprise-grade systems utilizing Node.js and System Design, improving throughput by 23%.
- Collaborated with engineering stakeholders to optimize data pipelines and system reliability using Java.
- Reduced system downtime and latency by 25% through proactive monitoring and automated CI/CD workflows.

EDUCATION
B.S. in Computer Science, MIT (Graduated 2018)
","Node.js, System Design, Java, PostgreSQL, Linux, Code Review, Kafka"
RES-0059,Marcus Jones,marcus.jones33@synthetic-talent.org,+1 (555) 360-7110,Machine Learning Engineer,1,Junior,Master,M.S. in Computer Science,Carnegie Mellon University,"FastAPI, PyTorch, GCP, Large Language Models, Kubernetes, Jira, Docker, Transformers, Agile, Kafka","Marcus Jones
marcus.jones33@synthetic-talent.org | +1 (555) 360-7110 | Location: New York, NY

PROFESSIONAL SUMMARY
Results-driven Machine Learning Engineer with 1 years of industry experience specializing in FastAPI, PyTorch, GCP, Large Language Models. Proven background building scalable solutions, collaborating across agile teams, and driving measurable engineering impact.

TECHNICAL SKILLS
FastAPI, PyTorch, GCP, Large Language Models, Kubernetes, Jira, Docker, Transformers, Agile, Kafka

PROFESSIONAL EXPERIENCE
Machine Learning Engineer | Shopify (2024 - Present)
- Designed and deployed enterprise-grade systems utilizing FastAPI and PyTorch, improving throughput by 37%.
- Collaborated with engineering stakeholders to optimize data pipelines and system reliability using GCP.
- Reduced system downtime and latency by 21% through proactive monitoring and automated CI/CD workflows.

EDUCATION
M.S. in Computer Science, Carnegie Mellon University (Graduated 2024)
","FastAPI, PyTorch, GCP, Large Language Models, Kubernetes, Jira, Docker, Transformers, Agile, Kafka"
RES-0060,Emily Vance,emily.vance77@synthetic-talent.org,+1 (555) 431-8772,Data Scientist,2,Mid-Level,Bachelor,B.S. in Electrical and Computer Engineering,Delhi Technological University,"PyTorch, AWS, Unit Testing, Deep Learning, BigQuery, Jira, Docker, NLP, Python, Scikit-Learn, Pandas","Emily Vance
emily.vance77@synthetic-talent.org | +1 (555) 431-8772 | Location: New York, NY

PROFESSIONAL SUMMARY
Results-driven Data Scientist with 2 years of industry experience specializing in PyTorch, AWS, Unit Testing, Deep Learning. Proven background building scalable solutions, collaborating across agile teams, and driving measurable engineering impact.

TECHNICAL SKILLS
PyTorch, AWS, Unit Testing, Deep Learning, BigQuery, Jira, Docker, NLP, Python, Scikit-Learn, Pandas

PROFESSIONAL EXPERIENCE
Data Scientist | Instacart (2023 - Present)
- Designed and deployed enterprise-grade systems utilizing PyTorch and AWS, improving throughput by 43%.
- Collaborated with engineering stakeholders to optimize data pipelines and system reliability using Unit Testing.
- Reduced system downtime and latency by 13% through proactive monitoring and automated CI/CD workflows.

EDUCATION
B.S. in Electrical and Computer Engineering, Delhi Technological University (Graduated 2023)
","PyTorch, AWS, Unit Testing, Deep Learning, GCP, Jira, Docker, NLP, Python, Scikit-Learn, Pandas"
RES-0061,Liam Anderson,liam.anderson14@synthetic-talent.org,+1 (555) 927-3197,Frontend Engineer,2,Mid-Level,Bachelor,B.S. in Electrical and Computer Engineering,UT Austin,"TypeScript, GraphQL, REST APIs, Next.js, React, Unit Testing","Liam Anderson
liam.anderson14@synthetic-talent.org | +1 (555) 927-3197 | Location: New York, NY

PROFESSIONAL SUMMARY
Results-driven Frontend Engineer with 2 years of industry experience specializing in TypeScript, GraphQL, REST APIs, Next.js. Proven background building scalable solutions, collaborating across agile teams, and driving measurable engineering impact.

TECHNICAL SKILLS
TypeScript, GraphQL, REST APIs, Next.js, React, Unit Testing

PROFESSIONAL EXPERIENCE
Frontend Engineer | CrowdStrike (2023 - Present)
- Designed and deployed enterprise-grade systems utilizing TypeScript and GraphQL, improving throughput by 16%.
- Collaborated with engineering stakeholders to optimize data pipelines and system reliability using REST APIs.
- Reduced system downtime and latency by 15% through proactive monitoring and automated CI/CD workflows.

EDUCATION
B.S. in Electrical and Computer Engineering, UT Austin (Graduated 2023)
","TypeScript, GraphQL, REST APIs, Next.js, React, Unit Testing"
RES-0062,Zoe Miller,zoe.miller38@synthetic-talent.org,+1 (555) 920-1733,Data Engineer,9,Senior,Doctorate,Ph.D. in Computer Science,Georgia Tech,"AWS, GCP, Terraform, Spark, Docker, Git, PostgreSQL, SQL, Kafka, Python, Unit Testing, Airflow","Zoe Miller
zoe.miller38@synthetic-talent.org | +1 (555) 920-1733 | Location: New York, NY

PROFESSIONAL SUMMARY
Results-driven Data Engineer with 9 years of industry experience specializing in AWS, GCP, Terraform, Spark. Proven background building scalable solutions, collaborating across agile teams, and driving measurable engineering impact.

TECHNICAL SKILLS
AWS, GCP, Terraform, Spark, Docker, Git, PostgreSQL, SQL, Kafka, Python, Unit Testing, Airflow

PROFESSIONAL EXPERIENCE
Senior Data Engineer | Cisco (2023 - Present)
- Designed and deployed enterprise-grade systems utilizing AWS and GCP, improving throughput by 26%.
- Collaborated with engineering stakeholders to optimize data pipelines and system reliability using Terraform.
- Reduced system downtime and latency by 17% through proactive monitoring and automated CI/CD workflows.

Senior Data Engineer | Google (2019 - 2023)
- Designed and deployed enterprise-grade systems utilizing AWS and GCP, improving throughput by 16%.
- Collaborated with engineering stakeholders to optimize data pipelines and system reliability using Terraform.
- Reduced system downtime and latency by 22% through proactive monitoring and automated CI/CD workflows.

Senior Data Engineer | Salesforce (2017 - 2019)
- Designed and deployed enterprise-grade systems utilizing AWS and GCP, improving throughput by 23%.
- Collaborated with engineering stakeholders to optimize data pipelines and system reliability using Terraform.
- Reduced system downtime and latency by 22% through proactive monitoring and automated CI/CD workflows.

Senior Data Engineer | Spotify (2016 - 2017)
- Designed and deployed enterprise-grade systems utilizing AWS and GCP, improving throughput by 42%.
- Collaborated with engineering stakeholders to optimize data pipelines and system reliability using Terraform.
- Reduced system downtime and latency by 12% through proactive monitoring and automated CI/CD workflows.

EDUCATION
Ph.D. in Computer Science, Georgia Tech (Graduated 2016)
","AWS, GCP, Terraform, Spark, Docker, Git, PostgreSQL, SQL, Kafka, Python, Unit Testing, Airflow"
RES-0063,Michael Rostova,michael.rostova29@synthetic-talent.org,+1 (555) 696-8253,Data Engineer,4,Mid-Level,Bachelor,B.S. in Computer Science,Delhi Technological University,"AWS, Terraform, GCP, REST APIs, Docker, SQL, Code Review, Kafka, Airflow, Snowflake","Michael Rostova
michael.rostova29@synthetic-talent.org | +1 (555) 696-8253 | Location: New York, NY

PROFESSIONAL SUMMARY
Results-driven Data Engineer with 4 years of industry experience specializing in AWS, Terraform, GCP, REST APIs. Proven background building scalable solutions, collaborating across agile teams, and driving measurable engineering impact.

TECHNICAL SKILLS
AWS, Terraform, GCP, REST APIs, Docker, SQL, Code Review, Kafka, Airflow, Snowflake

PROFESSIONAL EXPERIENCE
Data Engineer | Reddit (2022 - Present)
- Designed and deployed enterprise-grade systems utilizing AWS and Terraform, improving throughput by 42%.
- Collaborated with engineering stakeholders to optimize data pipelines and system reliability using GCP.
- Reduced system downtime and latency by 19% through proactive monitoring and automated CI/CD workflows.

Data Engineer | Robinhood (2021 - 2022)
- Designed and deployed enterprise-grade systems utilizing AWS and Terraform, improving throughput by 21%.
- Collaborated with engineering stakeholders to optimize data pipelines and system reliability using GCP.
- Reduced system downtime and latency by 30% through proactive monitoring and automated CI/CD workflows.

EDUCATION
B.S. in Computer Science, Delhi Technological University (Graduated 2021)
","AWS, Terraform, GCP, REST APIs, Docker, SQL, Code Review, Kafka, Airflow, Snowflake"
RES-0064,Rahul Brown,rahul.brown62@synthetic-talent.org,+1 (555) 393-3030,Data Scientist,1,Junior,Bachelor,B.S. in Electrical and Computer Engineering,IIT Bombay,"Deep Learning, BigQuery, Git, Linux, SQL, Python, Scikit-Learn","Rahul Brown
rahul.brown62@synthetic-talent.org | +1 (555) 393-3030 | Location: New York, NY

PROFESSIONAL SUMMARY
Results-driven Data Scientist with 1 years of industry experience specializing in Deep Learning, BigQuery, Git, Linux. Proven background building scalable solutions, collaborating across agile teams, and driving measurable engineering impact.

TECHNICAL SKILLS
Deep Learning, BigQuery, Git, Linux, SQL, Python, Scikit-Learn

PROFESSIONAL EXPERIENCE
Data Scientist | Cisco (2024 - Present)
- Designed and deployed enterprise-grade systems utilizing Deep Learning and BigQuery, improving throughput by 33%.
- Collaborated with engineering stakeholders to optimize data pipelines and system reliability using Git.
- Reduced system downtime and latency by 22% through proactive monitoring and automated CI/CD workflows.

EDUCATION
B.S. in Electrical and Computer Engineering, IIT Bombay (Graduated 2024)
","Deep Learning, GCP, Git, Linux, SQL, Python, Scikit-Learn"
RES-0065,Kavita Garcia,kavita.garcia59@synthetic-talent.org,+1 (555) 770-4486,Machine Learning Engineer,7,Senior,Doctorate,Ph.D. in Computer Science,University of Michigan,"FastAPI, AWS, Machine Learning, GCP, Large Language Models, Kubernetes, Docker, Transformers, Git, Code Review, Kafka, Python","Kavita Garcia
kavita.garcia59@synthetic-talent.org | +1 (555) 770-4486 | Location: New York, NY

PROFESSIONAL SUMMARY
Results-driven Machine Learning Engineer with 7 years of industry experience specializing in FastAPI, AWS, Machine Learning, GCP. Proven background building scalable solutions, collaborating across agile teams, and driving measurable engineering impact.

TECHNICAL SKILLS
FastAPI, AWS, Machine Learning, GCP, Large Language Models, Kubernetes, Docker, Transformers, Git, Code Review, Kafka, Python

PROFESSIONAL EXPERIENCE
Senior Machine Learning Engineer | Palo Alto Networks (2022 - Present)
- Designed and deployed enterprise-grade systems utilizing FastAPI and AWS, improving throughput by 36%.
- Collaborated with engineering stakeholders to optimize data pipelines and system reliability using Machine Learning.
- Reduced system downtime and latency by 30% through proactive monitoring and automated CI/CD workflows.

Senior Machine Learning Engineer | Lyft (2018 - 2022)
- Designed and deployed enterprise-grade systems utilizing FastAPI and AWS, improving throughput by 27%.
- Collaborated with engineering stakeholders to optimize data pipelines and system reliability using Machine Learning.
- Reduced system downtime and latency by 17% through proactive monitoring and automated CI/CD workflows.

EDUCATION
Ph.D. in Computer Science, University of Michigan (Graduated 2018)
","FastAPI, AWS, Machine Learning, GCP, Large Language Models, Kubernetes, Docker, Transformers, Git, Code Review, Kafka, Python"
RES-0066,Aisha Smith,aisha.smith11@synthetic-talent.org,+1 (555) 300-1071,Data Engineer,2,Mid-Level,Bachelor,B.Tech in Computer Science and Engineering,Cornell University,"AWS, GCP, REST APIs, PostgreSQL, SQL, Kafka, Unit Testing, Snowflake","Aisha Smith
aisha.smith11@synthetic-talent.org | +1 (555) 300-1071 | Location: New York, NY

PROFESSIONAL SUMMARY
Results-driven Data Engineer with 2 years of industry experience specializing in AWS, GCP, REST APIs, PostgreSQL. Proven background building scalable solutions, collaborating across agile teams, and driving measurable engineering impact.

TECHNICAL SKILLS
AWS, GCP, REST APIs, PostgreSQL, SQL, Kafka, Unit Testing, Snowflake

PROFESSIONAL EXPERIENCE
Data Engineer | Snowflake (2023 - Present)
- Designed and deployed enterprise-grade systems utilizing AWS and GCP, improving throughput by 45%.
- Collaborated with engineering stakeholders to optimize data pipelines and system reliability using REST APIs.
- Reduced system downtime and latency by 27% through proactive monitoring and automated CI/CD workflows.

EDUCATION
B.Tech in Computer Science and Engineering, Cornell University (Graduated 2023)
","AWS, GCP, REST APIs, PostgreSQL, SQL, Kafka, Unit Testing, Snowflake"
RES-0067,Arjun Davis,arjun.davis73@synthetic-talent.org,+1 (555) 558-4207,Cybersecurity Engineer,7,Senior,Bachelor,B.S. in Computer Science,University of Washington,"AWS, Terraform, Go, Kubernetes, REST APIs, Docker, Git, PostgreSQL, Linux, Python, CI/CD","Arjun Davis
arjun.davis73@synthetic-talent.org | +1 (555) 558-4207 | Location: New York, NY

PROFESSIONAL SUMMARY
Results-driven Cybersecurity Engineer with 7 years of industry experience specializing in AWS, Terraform, Go, Kubernetes. Proven background building scalable solutions, collaborating across agile teams, and driving measurable engineering impact.

TECHNICAL SKILLS
AWS, Terraform, Go, Kubernetes, REST APIs, Docker, Git, PostgreSQL, Linux, Python, CI/CD

PROFESSIONAL EXPERIENCE
Senior Cybersecurity Engineer | MongoDB Inc. (2023 - Present)
- Designed and deployed enterprise-grade systems utilizing AWS and Terraform, improving throughput by 34%.
- Collaborated with engineering stakeholders to optimize data pipelines and system reliability using Go.
- Reduced system downtime and latency by 21% through proactive monitoring and automated CI/CD workflows.

Senior Cybersecurity Engineer | Wayfair (2019 - 2023)
- Designed and deployed enterprise-grade systems utilizing AWS and Terraform, improving throughput by 18%.
- Collaborated with engineering stakeholders to optimize data pipelines and system reliability using Go.
- Reduced system downtime and latency by 25% through proactive monitoring and automated CI/CD workflows.

Senior Cybersecurity Engineer | Reddit (2018 - 2019)
- Designed and deployed enterprise-grade systems utilizing AWS and Terraform, improving throughput by 45%.
- Collaborated with engineering stakeholders to optimize data pipelines and system reliability using Go.
- Reduced system downtime and latency by 13% through proactive monitoring and automated CI/CD workflows.

EDUCATION
B.S. in Computer Science, University of Washington (Graduated 2018)
","AWS, Terraform, Go, Kubernetes, REST APIs, Docker, Git, PostgreSQL, Linux, Python, CI/CD"
RES-0068,Arjun Taylor,arjun.taylor50@synthetic-talent.org,+1 (555) 640-5296,Backend Engineer,2,Junior,Master,M.S. in Machine Learning and Data Science,UT Austin,"FastAPI, AWS, Java, Go, Kubernetes, REST APIs, PostgreSQL, Linux, Redis, Python, CI/CD","Arjun Taylor
arjun.taylor50@synthetic-talent.org | +1 (555) 640-5296 | Location: New York, NY

PROFESSIONAL SUMMARY
Results-driven Backend Engineer with 2 years of industry experience specializing in FastAPI, AWS, Java, Go. Proven background building scalable solutions, collaborating across agile teams, and driving measurable engineering impact.

TECHNICAL SKILLS
FastAPI, AWS, Java, Go, Kubernetes, REST APIs, PostgreSQL, Linux, Redis, Python, CI/CD

PROFESSIONAL EXPERIENCE
Backend Engineer | Cloudflare (2023 - Present)
- Designed and deployed enterprise-grade systems utilizing FastAPI and AWS, improving throughput by 22%.
- Collaborated with engineering stakeholders to optimize data pipelines and system reliability using Java.
- Reduced system downtime and latency by 27% through proactive monitoring and automated CI/CD workflows.

EDUCATION
M.S. in Machine Learning and Data Science, UT Austin (Graduated 2023)
","FastAPI, AWS, Java, Go, Kubernetes, REST APIs, PostgreSQL, Linux, Redis, Python, CI/CD"
RES-0069,Marcus Smith,marcus.smith49@synthetic-talent.org,+1 (555) 395-5153,Machine Learning Engineer,8,Senior,Bachelor,B.S. in Computer Science,University of Michigan,"FastAPI, PyTorch, GCP, AWS, REST APIs, Git, Kafka, Python, CI/CD","Marcus Smith
marcus.smith49@synthetic-talent.org | +1 (555) 395-5153 | Location: New York, NY

PROFESSIONAL SUMMARY
Results-driven Machine Learning Engineer with 8 years of industry experience specializing in FastAPI, PyTorch, GCP, AWS. Proven background building scalable solutions, collaborating across agile teams, and driving measurable engineering impact.

TECHNICAL SKILLS
FastAPI, PyTorch, GCP, AWS, REST APIs, Git, Kafka, Python, CI/CD

PROFESSIONAL EXPERIENCE
Senior Machine Learning Engineer | Snowflake (2023 - Present)
- Designed and deployed enterprise-grade systems utilizing FastAPI and PyTorch, improving throughput by 22%.
- Collaborated with engineering stakeholders to optimize data pipelines and system reliability using GCP.
- Reduced system downtime and latency by 20% through proactive monitoring and automated CI/CD workflows.

Senior Machine Learning Engineer | NVIDIA (2019 - 2023)
- Designed and deployed enterprise-grade systems utilizing FastAPI and PyTorch, improving throughput by 22%.
- Collaborated with engineering stakeholders to optimize data pipelines and system reliability using GCP.
- Reduced system downtime and latency by 26% through proactive monitoring and automated CI/CD workflows.

Senior Machine Learning Engineer | Square / Block (2017 - 2019)
- Designed and deployed enterprise-grade systems utilizing FastAPI and PyTorch, improving throughput by 30%.
- Collaborated with engineering stakeholders to optimize data pipelines and system reliability using GCP.
- Reduced system downtime and latency by 12% through proactive monitoring and automated CI/CD workflows.

EDUCATION
B.S. in Computer Science, University of Michigan (Graduated 2017)
","FastAPI, PyTorch, GCP, AWS, REST APIs, Git, Kafka, Python, CI/CD"
RES-0070,Sofia Gupta,sofia.gupta55@synthetic-talent.org,+1 (555) 842-9606,Data Scientist,0,Junior,Bachelor,B.Tech in Computer Science and Engineering,IIT Bombay,"AWS, PyTorch, Unit Testing, Deep Learning, BigQuery, Git, NLP, Python, Pandas","Sofia Gupta
sofia.gupta55@synthetic-talent.org | +1 (555) 842-9606 | Location: New York, NY

PROFESSIONAL SUMMARY
Results-driven Data Scientist with 0 years of industry experience specializing in AWS, PyTorch, Unit Testing, Deep Learning. Proven background building scalable solutions, collaborating across agile teams, and driving measurable engineering impact.

TECHNICAL SKILLS
AWS, PyTorch, Unit Testing, Deep Learning, BigQuery, Git, NLP, Python, Pandas

PROFESSIONAL EXPERIENCE
Software Engineering Intern | Microsoft (Summer 2024)
- Developed automated test suites and backend features with AWS.
- Collaborated in daily standups and contributed to production pull requests.

EDUCATION
B.Tech in Computer Science and Engineering, IIT Bombay (Graduated 2025)
","AWS, PyTorch, Unit Testing, Deep Learning, GCP, Git, NLP, Python, Pandas"
RES-0071,Carlos Davis,carlos.davis87@synthetic-talent.org,+1 (555) 760-9308,Backend Engineer,4,Mid-Level,Master,M.S. in Computer Science,Cornell University,"FastAPI, AWS, System Design, Node.js, Go, Kubernetes, REST APIs, Docker, Redis, Kafka, Python, CI/CD, Unit Testing","Carlos Davis
carlos.davis87@synthetic-talent.org | +1 (555) 760-9308 | Location: New York, NY

PROFESSIONAL SUMMARY
Results-driven Backend Engineer with 4 years of industry experience specializing in FastAPI, AWS, System Design, Node.js. Proven background building scalable solutions, collaborating across agile teams, and driving measurable engineering impact.

TECHNICAL SKILLS
FastAPI, AWS, System Design, Node.js, Go, Kubernetes, REST APIs, Docker, Redis, Kafka, Python, CI/CD, Unit Testing

PROFESSIONAL EXPERIENCE
Backend Engineer | Oracle (2023 - Present)
- Designed and deployed enterprise-grade systems utilizing FastAPI and AWS, improving throughput by 21%.
- Collaborated with engineering stakeholders to optimize data pipelines and system reliability using System Design.
- Reduced system downtime and latency by 17% through proactive monitoring and automated CI/CD workflows.

Backend Engineer | Microsoft (2021 - 2023)
- Designed and deployed enterprise-grade systems utilizing FastAPI and AWS, improving throughput by 20%.
- Collaborated with engineering stakeholders to optimize data pipelines and system reliability using System Design.
- Reduced system downtime and latency by 18% through proactive monitoring and automated CI/CD workflows.

EDUCATION
M.S. in Computer Science, Cornell University (Graduated 2021)
","FastAPI, AWS, System Design, Node.js, Go, Kubernetes, REST APIs, Docker, Redis, Kafka, Python, CI/CD, Unit Testing"
RES-0072,Liam Kim,liam.kim44@synthetic-talent.org,+1 (555) 496-6702,Data Engineer,2,Junior,Bachelor,B.S. in Electrical and Computer Engineering,Stanford University,"AWS, Terraform, GCP, Jira, Spark, Docker, Git, PostgreSQL, Snowflake, Kafka, Python, Airflow","Liam Kim
liam.kim44@synthetic-talent.org | +1 (555) 496-6702 | Location: New York, NY

PROFESSIONAL SUMMARY
Results-driven Data Engineer with 2 years of industry experience specializing in AWS, Terraform, GCP, Jira. Proven background building scalable solutions, collaborating across agile teams, and driving measurable engineering impact.

TECHNICAL SKILLS
AWS, Terraform, GCP, Jira, Spark, Docker, Git, PostgreSQL, Snowflake, Kafka, Python, Airflow

PROFESSIONAL EXPERIENCE
Data Engineer | Cloudflare (2023 - Present)
- Designed and deployed enterprise-grade systems utilizing AWS and Terraform, improving throughput by 44%.
- Collaborated with engineering stakeholders to optimize data pipelines and system reliability using GCP.
- Reduced system downtime and latency by 14% through proactive monitoring and automated CI/CD workflows.

EDUCATION
B.S. in Electrical and Computer Engineering, Stanford University (Graduated 2023)
","AWS, Terraform, GCP, Jira, Spark, Docker, Git, PostgreSQL, Snowflake, Kafka, Python, Airflow"
RES-0073,Aisha Patel,aisha.patel38@synthetic-talent.org,+1 (555) 654-5844,Backend Engineer,3,Mid-Level,Doctorate,Ph.D. in Computer Science,BITS Pilani,"AWS, System Design, Java, Go, Git, PostgreSQL, Agile, Redis","Aisha Patel
aisha.patel38@synthetic-talent.org | +1 (555) 654-5844 | Location: New York, NY

PROFESSIONAL SUMMARY
Results-driven Backend Engineer with 3 years of industry experience specializing in AWS, System Design, Java, Go. Proven background building scalable solutions, collaborating across agile teams, and driving measurable engineering impact.

TECHNICAL SKILLS
AWS, System Design, Java, Go, Git, PostgreSQL, Agile, Redis

PROFESSIONAL EXPERIENCE
Backend Engineer | Robinhood (2022 - Present)
- Designed and deployed enterprise-grade systems utilizing AWS and System Design, improving throughput by 37%.
- Collaborated with engineering stakeholders to optimize data pipelines and system reliability using Java.
- Reduced system downtime and latency by 23% through proactive monitoring and automated CI/CD workflows.

EDUCATION
Ph.D. in Computer Science, BITS Pilani (Graduated 2022)
","AWS, System Design, Java, Go, Git, PostgreSQL, Agile, Redis"
RES-0074,Chen Vance,chen.vance56@synthetic-talent.org,+1 (555) 590-2018,Cloud & DevOps Engineer,9,Senior,Doctorate,Ph.D. in Computer Science,University of Illinois Urbana-Champaign,"AWS, GCP, Kubernetes, Jira, Docker, Prometheus, Linux, Python","Chen Vance
chen.vance56@synthetic-talent.org | +1 (555) 590-2018 | Location: New York, NY

PROFESSIONAL SUMMARY
Results-driven Cloud & DevOps Engineer with 9 years of industry experience specializing in AWS, GCP, Kubernetes, Jira. Proven background building scalable solutions, collaborating across agile teams, and driving measurable engineering impact.

TECHNICAL SKILLS
AWS, GCP, Kubernetes, Jira, Docker, Prometheus, Linux, Python

PROFESSIONAL EXPERIENCE
Senior Cloud & DevOps Engineer | Wayfair (2023 - Present)
- Designed and deployed enterprise-grade systems utilizing AWS and GCP, improving throughput by 42%.
- Collaborated with engineering stakeholders to optimize data pipelines and system reliability using Kubernetes.
- Reduced system downtime and latency by 23% through proactive monitoring and automated CI/CD workflows.

Senior Cloud & DevOps Engineer | Stripe (2019 - 2023)
- Designed and deployed enterprise-grade systems utilizing AWS and GCP, improving throughput by 34%.
- Collaborated with engineering stakeholders to optimize data pipelines and system reliability using Kubernetes.
- Reduced system downtime and latency by 17% through proactive monitoring and automated CI/CD workflows.

Senior Cloud & DevOps Engineer | Twilio (2016 - 2019)
- Designed and deployed enterprise-grade systems utilizing AWS and GCP, improving throughput by 44%.
- Collaborated with engineering stakeholders to optimize data pipelines and system reliability using Kubernetes.
- Reduced system downtime and latency by 14% through proactive monitoring and automated CI/CD workflows.

EDUCATION
Ph.D. in Computer Science, University of Illinois Urbana-Champaign (Graduated 2016)
","AWS, GCP, Kubernetes, Jira, Docker, Prometheus, Linux, Python"
RES-0075,Sofia Garcia,sofia.garcia61@synthetic-talent.org,+1 (555) 785-3776,Machine Learning Engineer,2,Junior,Bachelor,B.Tech in Computer Science and Engineering,UC Berkeley,"PyTorch, AWS, Kubernetes, Jira, Code Review, Kafka, CI/CD","Sofia Garcia
sofia.garcia61@synthetic-talent.org | +1 (555) 785-3776 | Location: New York, NY

PROFESSIONAL SUMMARY
Results-driven Machine Learning Engineer with 2 years of industry experience specializing in PyTorch, AWS, Kubernetes, Jira. Proven background building scalable solutions, collaborating across agile teams, and driving measurable engineering impact.

TECHNICAL SKILLS
PyTorch, AWS, Kubernetes, Jira, Code Review, Kafka, CI/CD

PROFESSIONAL EXPERIENCE
Machine Learning Engineer | Coinbase (2023 - Present)
- Designed and deployed enterprise-grade systems utilizing PyTorch and AWS, improving throughput by 19%.
- Collaborated with engineering stakeholders to optimize data pipelines and system reliability using Kubernetes.
- Reduced system downtime and latency by 22% through proactive monitoring and automated CI/CD workflows.

EDUCATION
B.Tech in Computer Science and Engineering, UC Berkeley (Graduated 2023)
","PyTorch, AWS, Kubernetes, Jira, Code Review, Kafka, CI/CD"
RES-0076,Emily Davis,emily.davis17@synthetic-talent.org,+1 (555) 621-7892,Data Scientist,2,Junior,Master,M.S. in Computer Science,University of Illinois Urbana-Champaign,"Unit Testing, Machine Learning, Deep Learning, BigQuery, Jira, Docker, SQL, Python, Scikit-Learn, Pandas","Emily Davis
emily.davis17@synthetic-talent.org | +1 (555) 621-7892 | Location: New York, NY

PROFESSIONAL SUMMARY
Results-driven Data Scientist with 2 years of industry experience specializing in Unit Testing, Machine Learning, Deep Learning, BigQuery. Proven background building scalable solutions, collaborating across agile teams, and driving measurable engineering impact.

TECHNICAL SKILLS
Unit Testing, Machine Learning, Deep Learning, BigQuery, Jira, Docker, SQL, Python, Scikit-Learn, Pandas

PROFESSIONAL EXPERIENCE
Data Scientist | Atlassian (2023 - Present)
- Designed and deployed enterprise-grade systems utilizing Unit Testing and Machine Learning, improving throughput by 42%.
- Collaborated with engineering stakeholders to optimize data pipelines and system reliability using Deep Learning.
- Reduced system downtime and latency by 26% through proactive monitoring and automated CI/CD workflows.

EDUCATION
M.S. in Computer Science, University of Illinois Urbana-Champaign (Graduated 2023)
","Unit Testing, Machine Learning, Deep Learning, GCP, Jira, Docker, SQL, Python, Scikit-Learn, Pandas"
RES-0077,Chloe Smith,chloe.smith25@synthetic-talent.org,+1 (555) 591-9289,Backend Engineer,0,Junior,Bachelor,B.S. in Electrical and Computer Engineering,Sharda University,"Node.js, Java, REST APIs, Docker, PostgreSQL, Agile, Kafka, CI/CD","Chloe Smith
chloe.smith25@synthetic-talent.org | +1 (555) 591-9289 | Location: New York, NY

PROFESSIONAL SUMMARY
Results-driven Backend Engineer with 0 years of industry experience specializing in Node.js, Java, REST APIs, Docker. Proven background building scalable solutions, collaborating across agile teams, and driving measurable engineering impact.

TECHNICAL SKILLS
Node.js, Java, REST APIs, Docker, PostgreSQL, Agile, Kafka, CI/CD

PROFESSIONAL EXPERIENCE
Software Engineering Intern | Meta (Summer 2024)
- Developed automated test suites and backend features with Node.js.
- Collaborated in daily standups and contributed to production pull requests.

EDUCATION
B.S. in Electrical and Computer Engineering, Sharda University (Graduated 2025)
","Node.js, Java, REST APIs, Docker, PostgreSQL, Agile, Kafka, CI/CD"
RES-0078,James Anderson,james.anderson44@synthetic-talent.org,+1 (555) 456-8768,Cybersecurity Engineer,6,Senior,Bachelor,B.Tech in Computer Science and Engineering,Stanford University,"Terraform, Go, Docker, Linux, Code Review, Python","James Anderson
james.anderson44@synthetic-talent.org | +1 (555) 456-8768 | Location: New York, NY

PROFESSIONAL SUMMARY
Results-driven Cybersecurity Engineer with 6 years of industry experience specializing in Terraform, Go, Docker, Linux. Proven background building scalable solutions, collaborating across agile teams, and driving measurable engineering impact.

TECHNICAL SKILLS
Terraform, Go, Docker, Linux, Code Review, Python

PROFESSIONAL EXPERIENCE
Senior Cybersecurity Engineer | Zscaler (2021 - Present)
- Designed and deployed enterprise-grade systems utilizing Terraform and Go, improving throughput by 38%.
- Collaborated with engineering stakeholders to optimize data pipelines and system reliability using Docker.
- Reduced system downtime and latency by 26% through proactive monitoring and automated CI/CD workflows.

Senior Cybersecurity Engineer | Pinterest (2019 - 2021)
- Designed and deployed enterprise-grade systems utilizing Terraform and Go, improving throughput by 17%.
- Collaborated with engineering stakeholders to optimize data pipelines and system reliability using Docker.
- Reduced system downtime and latency by 26% through proactive monitoring and automated CI/CD workflows.

EDUCATION
B.Tech in Computer Science and Engineering, Stanford University (Graduated 2019)
","Terraform, Go, Docker, Linux, Code Review, Python"
RES-0079,Alex Gupta,alex.gupta18@synthetic-talent.org,+1 (555) 434-3469,Machine Learning Engineer,0,Junior,Doctorate,Ph.D. in Computer Science,MIT,"FastAPI, PyTorch, GCP, AWS, Large Language Models, Kubernetes, Jira, Docker, Transformers, Code Review, Kafka, Python, CI/CD","Alex Gupta
alex.gupta18@synthetic-talent.org | +1 (555) 434-3469 | Location: New York, NY

PROFESSIONAL SUMMARY
Results-driven Machine Learning Engineer with 0 years of industry experience specializing in FastAPI, PyTorch, GCP, AWS. Proven background building scalable solutions, collaborating across agile teams, and driving measurable engineering impact.

TECHNICAL SKILLS
FastAPI, PyTorch, GCP, AWS, Large Language Models, Kubernetes, Jira, Docker, Transformers, Code Review, Kafka, Python, CI/CD

PROFESSIONAL EXPERIENCE
Software Engineering Intern | Reddit (Summer 2024)
- Developed automated test suites and backend features with FastAPI.
- Collaborated in daily standups and contributed to production pull requests.

EDUCATION
Ph.D. in Computer Science, MIT (Graduated 2025)
","FastAPI, PyTorch, GCP, AWS, Large Language Models, Kubernetes, Jira, Docker, Transformers, Code Review, Kafka, Python, CI/CD"
RES-0080,Liam Kim,liam.kim91@synthetic-talent.org,+1 (555) 726-6517,Frontend Engineer,7,Senior,Master,M.S. in Computer Science,UT Austin,"Node.js, TypeScript, JavaScript, Docker, HTML/CSS, Next.js, React, Agile, CI/CD, Unit Testing","Liam Kim
liam.kim91@synthetic-talent.org | +1 (555) 726-6517 | Location: New York, NY

PROFESSIONAL SUMMARY
Results-driven Frontend Engineer with 7 years of industry experience specializing in Node.js, TypeScript, JavaScript, Docker. Proven background building scalable solutions, collaborating across agile teams, and driving measurable engineering impact.

TECHNICAL SKILLS
Node.js, TypeScript, JavaScript, Docker, HTML/CSS, Next.js, React, Agile, CI/CD, Unit Testing

PROFESSIONAL EXPERIENCE
Senior Frontend Engineer | Instacart (2022 - Present)
- Designed and deployed enterprise-grade systems utilizing Node.js and TypeScript, improving throughput by 41%.
- Collaborated with engineering stakeholders to optimize data pipelines and system reliability using JavaScript.
- Reduced system downtime and latency by 12% through proactive monitoring and automated CI/CD workflows.

Senior Frontend Engineer | Snowflake (2018 - 2022)
- Designed and deployed enterprise-grade systems utilizing Node.js and TypeScript, improving throughput by 25%.
- Collaborated with engineering stakeholders to optimize data pipelines and system reliability using JavaScript.
- Reduced system downtime and latency by 18% through proactive monitoring and automated CI/CD workflows.

EDUCATION
M.S. in Computer Science, UT Austin (Graduated 2018)
","Node.js, TypeScript, JavaScript, Docker, HTML/CSS, Next.js, React, Agile, CI/CD, Unit Testing"
RES-0081,Sofia Tanaka,sofia.tanaka73@synthetic-talent.org,+1 (555) 129-7317,Cloud & DevOps Engineer,11,Lead/Staff,Bachelor,B.S. in Electrical and Computer Engineering,IIT Bombay,"AWS, Azure, Terraform, GCP, Docker, Linux, Agile, Python, CI/CD","Sofia Tanaka
sofia.tanaka73@synthetic-talent.org | +1 (555) 129-7317 | Location: New York, NY

PROFESSIONAL SUMMARY
Results-driven Cloud & DevOps Engineer with 11 years of industry experience specializing in AWS, Azure, Terraform, GCP. Proven background building scalable solutions, collaborating across agile teams, and driving measurable engineering impact.

TECHNICAL SKILLS
AWS, Azure, Terraform, GCP, Docker, Linux, Agile, Python, CI/CD

PROFESSIONAL EXPERIENCE
Senior Cloud & DevOps Engineer | Microsoft (2023 - Present)
- Designed and deployed enterprise-grade systems utilizing AWS and Azure, improving throughput by 16%.
- Collaborated with engineering stakeholders to optimize data pipelines and system reliability using Terraform.
- Reduced system downtime and latency by 10% through proactive monitoring and automated CI/CD workflows.

Senior Cloud & DevOps Engineer | Cisco (2021 - 2023)
- Designed and deployed enterprise-grade systems utilizing AWS and Azure, improving throughput by 44%.
- Collaborated with engineering stakeholders to optimize data pipelines and system reliability using Terraform.
- Reduced system downtime and latency by 24% through proactive monitoring and automated CI/CD workflows.

Senior Cloud & DevOps Engineer | Snowflake (2017 - 2021)
- Designed and deployed enterprise-grade systems utilizing AWS and Azure, improving throughput by 23%.
- Collaborated with engineering stakeholders to optimize data pipelines and system reliability using Terraform.
- Reduced system downtime and latency by 29% through proactive monitoring and automated CI/CD workflows.

Senior Cloud & DevOps Engineer | Netflix (2014 - 2017)
- Designed and deployed enterprise-grade systems utilizing AWS and Azure, improving throughput by 20%.
- Collaborated with engineering stakeholders to optimize data pipelines and system reliability using Terraform.
- Reduced system downtime and latency by 16% through proactive monitoring and automated CI/CD workflows.

EDUCATION
B.S. in Electrical and Computer Engineering, IIT Bombay (Graduated 2014)
","AWS, Azure, Terraform, GCP, Docker, Linux, Agile, Python, CI/CD"
RES-0082,Carlos Chen,carlos.chen18@synthetic-talent.org,+1 (555) 464-8562,Cloud & DevOps Engineer,6,Mid-Level,Bachelor,B.S. in Computer Science,Sharda University,"AWS, Azure, Terraform, Go, Kubernetes, REST APIs, Prometheus, Linux, Agile, CI/CD","Carlos Chen
carlos.chen18@synthetic-talent.org | +1 (555) 464-8562 | Location: New York, NY

PROFESSIONAL SUMMARY
Results-driven Cloud & DevOps Engineer with 6 years of industry experience specializing in AWS, Azure, Terraform, Go. Proven background building scalable solutions, collaborating across agile teams, and driving measurable engineering impact.

TECHNICAL SKILLS
AWS, Azure, Terraform, Go, Kubernetes, REST APIs, Prometheus, Linux, Agile, CI/CD

PROFESSIONAL EXPERIENCE
Senior Cloud & DevOps Engineer | Zscaler (2021 - Present)
- Designed and deployed enterprise-grade systems utilizing AWS and Azure, improving throughput by 45%.
- Collaborated with engineering stakeholders to optimize data pipelines and system reliability using Terraform.
- Reduced system downtime and latency by 18% through proactive monitoring and automated CI/CD workflows.

Senior Cloud & DevOps Engineer | Cloudflare (2019 - 2021)
- Designed and deployed enterprise-grade systems utilizing AWS and Azure, improving throughput by 45%.
- Collaborated with engineering stakeholders to optimize data pipelines and system reliability using Terraform.
- Reduced system downtime and latency by 13% through proactive monitoring and automated CI/CD workflows.

EDUCATION
B.S. in Computer Science, Sharda University (Graduated 2019)
","AWS, Azure, Terraform, Go, Kubernetes, REST APIs, Prometheus, Linux, Agile, CI/CD"
RES-0083,Arjun Jones,arjun.jones59@synthetic-talent.org,+1 (555) 625-8287,Backend Engineer,6,Senior,Bachelor,B.Tech in Computer Science and Engineering,MIT,"FastAPI, Node.js, System Design, AWS, Java, Go, Kubernetes, Docker, PostgreSQL, Agile, Redis, Python, CI/CD, Unit Testing","Arjun Jones
arjun.jones59@synthetic-talent.org | +1 (555) 625-8287 | Location: New York, NY

PROFESSIONAL SUMMARY
Results-driven Backend Engineer with 6 years of industry experience specializing in FastAPI, Node.js, System Design, AWS. Proven background building scalable solutions, collaborating across agile teams, and driving measurable engineering impact.

TECHNICAL SKILLS
FastAPI, Node.js, System Design, AWS, Java, Go, Kubernetes, Docker, PostgreSQL, Agile, Redis, Python, CI/CD, Unit Testing

PROFESSIONAL EXPERIENCE
Senior Backend Engineer | CrowdStrike (2022 - Present)
- Designed and deployed enterprise-grade systems utilizing FastAPI and Node.js, improving throughput by 24%.
- Collaborated with engineering stakeholders to optimize data pipelines and system reliability using System Design.
- Reduced system downtime and latency by 12% through proactive monitoring and automated CI/CD workflows.

Senior Backend Engineer | Netflix (2019 - 2022)
- Designed and deployed enterprise-grade systems utilizing FastAPI and Node.js, improving throughput by 19%.
- Collaborated with engineering stakeholders to optimize data pipelines and system reliability using System Design.
- Reduced system downtime and latency by 18% through proactive monitoring and automated CI/CD workflows.

EDUCATION
B.Tech in Computer Science and Engineering, MIT (Graduated 2019)
","FastAPI, Node.js, System Design, AWS, Java, Go, Kubernetes, Docker, PostgreSQL, Agile, Redis, Python, CI/CD, Unit Testing"
RES-0084,Sarah Patel,sarah.patel67@synthetic-talent.org,+1 (555) 502-7362,Machine Learning Engineer,3,Mid-Level,Master,M.S. in Computer Science,Stanford University,"PyTorch, AWS, Machine Learning, Large Language Models, Jira, Docker, Transformers, Agile, Python","Sarah Patel
sarah.patel67@synthetic-talent.org | +1 (555) 502-7362 | Location: New York, NY

PROFESSIONAL SUMMARY
Results-driven Machine Learning Engineer with 3 years of industry experience specializing in PyTorch, AWS, Machine Learning, Large Language Models. Proven background building scalable solutions, collaborating across agile teams, and driving measurable engineering impact.

TECHNICAL SKILLS
PyTorch, AWS, Machine Learning, Large Language Models, Jira, Docker, Transformers, Agile, Python

PROFESSIONAL EXPERIENCE
Machine Learning Engineer | Spotify (2023 - Present)
- Designed and deployed enterprise-grade systems utilizing PyTorch and AWS, improving throughput by 41%.
- Collaborated with engineering stakeholders to optimize data pipelines and system reliability using Machine Learning.
- Reduced system downtime and latency by 30% through proactive monitoring and automated CI/CD workflows.

Machine Learning Engineer | Netflix (2022 - 2023)
- Designed and deployed enterprise-grade systems utilizing PyTorch and AWS, improving throughput by 21%.
- Collaborated with engineering stakeholders to optimize data pipelines and system reliability using Machine Learning.
- Reduced system downtime and latency by 20% through proactive monitoring and automated CI/CD workflows.

EDUCATION
M.S. in Computer Science, Stanford University (Graduated 2022)
","PyTorch, AWS, Machine Learning, Large Language Models, Jira, Docker, Transformers, Agile, Python"
RES-0085,Michael Kim,michael.kim56@synthetic-talent.org,+1 (555) 904-5961,Data Scientist,1,Junior,Bachelor,B.S. in Electrical and Computer Engineering,BITS Pilani,"AWS, Deep Learning, BigQuery, Jira, Docker, Git, NLP, SQL, Pandas","Michael Kim
michael.kim56@synthetic-talent.org | +1 (555) 904-5961 | Location: New York, NY

PROFESSIONAL SUMMARY
Results-driven Data Scientist with 1 years of industry experience specializing in AWS, Deep Learning, BigQuery, Jira. Proven background building scalable solutions, collaborating across agile teams, and driving measurable engineering impact.

TECHNICAL SKILLS
AWS, Deep Learning, BigQuery, Jira, Docker, Git, NLP, SQL, Pandas

PROFESSIONAL EXPERIENCE
Data Scientist | Atlassian (2024 - Present)
- Designed and deployed enterprise-grade systems utilizing AWS and Deep Learning, improving throughput by 34%.
- Collaborated with engineering stakeholders to optimize data pipelines and system reliability using BigQuery.
- Reduced system downtime and latency by 12% through proactive monitoring and automated CI/CD workflows.

EDUCATION
B.S. in Electrical and Computer Engineering, BITS Pilani (Graduated 2024)
","AWS, Deep Learning, GCP, Jira, Docker, Git, NLP, SQL, Pandas"
RES-0086,Liam Davis,liam.davis56@synthetic-talent.org,+1 (555) 943-7011,Backend Engineer,2,Mid-Level,Bachelor,B.S. in Computer Science,University of Illinois Urbana-Champaign,"FastAPI, Java, Go, Kubernetes, Docker, Git, PostgreSQL, Code Review, Python","Liam Davis
liam.davis56@synthetic-talent.org | +1 (555) 943-7011 | Location: New York, NY

PROFESSIONAL SUMMARY
Results-driven Backend Engineer with 2 years of industry experience specializing in FastAPI, Java, Go, Kubernetes. Proven background building scalable solutions, collaborating across agile teams, and driving measurable engineering impact.

TECHNICAL SKILLS
FastAPI, Java, Go, Kubernetes, Docker, Git, PostgreSQL, Code Review, Python

PROFESSIONAL EXPERIENCE
Backend Engineer | Salesforce (2023 - Present)
- Designed and deployed enterprise-grade systems utilizing FastAPI and Java, improving throughput by 27%.
- Collaborated with engineering stakeholders to optimize data pipelines and system reliability using Go.
- Reduced system downtime and latency by 17% through proactive monitoring and automated CI/CD workflows.

EDUCATION
B.S. in Computer Science, University of Illinois Urbana-Champaign (Graduated 2023)
","FastAPI, Java, Go, Kubernetes, Docker, Git, PostgreSQL, Code Review, Python"
RES-0087,Chloe Sharma,chloe.sharma77@synthetic-talent.org,+1 (555) 559-9554,Full Stack Engineer,0,Junior,Bachelor,B.S. in Electrical and Computer Engineering,UC Berkeley,"AWS, TypeScript, Docker, PostgreSQL, React, Linux, Code Review, Redis, Python","Chloe Sharma
chloe.sharma77@synthetic-talent.org | +1 (555) 559-9554 | Location: New York, NY

PROFESSIONAL SUMMARY
Results-driven Full Stack Engineer with 0 years of industry experience specializing in AWS, TypeScript, Docker, PostgreSQL. Proven background building scalable solutions, collaborating across agile teams, and driving measurable engineering impact.

TECHNICAL SKILLS
AWS, TypeScript, Docker, PostgreSQL, React, Linux, Code Review, Redis, Python

PROFESSIONAL EXPERIENCE
Software Engineering Intern | Shopify (Summer 2024)
- Developed automated test suites and backend features with AWS.
- Collaborated in daily standups and contributed to production pull requests.

EDUCATION
B.S. in Electrical and Computer Engineering, UC Berkeley (Graduated 2025)
","AWS, TypeScript, Docker, PostgreSQL, React, Linux, Code Review, Redis, Python"
RES-0088,Marcus Taylor,marcus.taylor79@synthetic-talent.org,+1 (555) 446-4999,Backend Engineer,2,Junior,Master,M.S. in Computer Science,University of Illinois Urbana-Champaign,"Node.js, System Design, Java, Kubernetes, REST APIs, Jira, Docker, PostgreSQL, Redis, Kafka, Python, CI/CD","Marcus Taylor
marcus.taylor79@synthetic-talent.org | +1 (555) 446-4999 | Location: New York, NY

PROFESSIONAL SUMMARY
Results-driven Backend Engineer with 2 years of industry experience specializing in Node.js, System Design, Java, Kubernetes. Proven background building scalable solutions, collaborating across agile teams, and driving measurable engineering impact.

TECHNICAL SKILLS
Node.js, System Design, Java, Kubernetes, REST APIs, Jira, Docker, PostgreSQL, Redis, Kafka, Python, CI/CD

PROFESSIONAL EXPERIENCE
Backend Engineer | Google (2023 - Present)
- Designed and deployed enterprise-grade systems utilizing Node.js and System Design, improving throughput by 37%.
- Collaborated with engineering stakeholders to optimize data pipelines and system reliability using Java.
- Reduced system downtime and latency by 19% through proactive monitoring and automated CI/CD workflows.

EDUCATION
M.S. in Computer Science, University of Illinois Urbana-Champaign (Graduated 2023)
","Node.js, System Design, Java, Kubernetes, REST APIs, Jira, Docker, PostgreSQL, Redis, Kafka, Python, CI/CD"
RES-0089,Vikram Tanaka,vikram.tanaka95@synthetic-talent.org,+1 (555) 560-9652,Backend Engineer,12,Lead/Staff,Bachelor,B.S. in Computer Science,UC Berkeley,"AWS, Java, Docker, Git, Agile, Redis, Python","Vikram Tanaka
vikram.tanaka95@synthetic-talent.org | +1 (555) 560-9652 | Location: New York, NY

PROFESSIONAL SUMMARY
Results-driven Backend Engineer with 12 years of industry experience specializing in AWS, Java, Docker, Git. Proven background building scalable solutions, collaborating across agile teams, and driving measurable engineering impact.

TECHNICAL SKILLS
AWS, Java, Docker, Git, Agile, Redis, Python

PROFESSIONAL EXPERIENCE
Senior Backend Engineer | Amazon (2021 - Present)
- Designed and deployed enterprise-grade systems utilizing AWS and Java, improving throughput by 33%.
- Collaborated with engineering stakeholders to optimize data pipelines and system reliability using Docker.
- Reduced system downtime and latency by 11% through proactive monitoring and automated CI/CD workflows.

Senior Backend Engineer | Instacart (2018 - 2021)
- Designed and deployed enterprise-grade systems utilizing AWS and Java, improving throughput by 42%.
- Collaborated with engineering stakeholders to optimize data pipelines and system reliability using Docker.
- Reduced system downtime and latency by 19% through proactive monitoring and automated CI/CD workflows.

Senior Backend Engineer | Netflix (2016 - 2018)
- Designed and deployed enterprise-grade systems utilizing AWS and Java, improving throughput by 39%.
- Collaborated with engineering stakeholders to optimize data pipelines and system reliability using Docker.
- Reduced system downtime and latency by 10% through proactive monitoring and automated CI/CD workflows.

Senior Backend Engineer | Palantir (2013 - 2016)
- Designed and deployed enterprise-grade systems utilizing AWS and Java, improving throughput by 36%.
- Collaborated with engineering stakeholders to optimize data pipelines and system reliability using Docker.
- Reduced system downtime and latency by 30% through proactive monitoring and automated CI/CD workflows.

EDUCATION
B.S. in Computer Science, UC Berkeley (Graduated 2013)
","AWS, Java, Docker, Git, Agile, Redis, Python"
RES-0090,Carlos Patel,carlos.patel53@synthetic-talent.org,+1 (555) 951-5429,Frontend Engineer,8,Senior,Bachelor,B.S. in Electrical and Computer Engineering,Sharda University,"REST APIs, HTML/CSS, React, CI/CD, Unit Testing","Carlos Patel
carlos.patel53@synthetic-talent.org | +1 (555) 951-5429 | Location: New York, NY

PROFESSIONAL SUMMARY
Results-driven Frontend Engineer with 8 years of industry experience specializing in REST APIs, HTML/CSS, React, CI/CD. Proven background building scalable solutions, collaborating across agile teams, and driving measurable engineering impact.

TECHNICAL SKILLS
REST APIs, HTML/CSS, React, CI/CD, Unit Testing

PROFESSIONAL EXPERIENCE
Senior Frontend Engineer | Cloudflare (2022 - Present)
- Designed and deployed enterprise-grade systems utilizing REST APIs and HTML/CSS, improving throughput by 24%.
- Collaborated with engineering stakeholders to optimize data pipelines and system reliability using React.
- Reduced system downtime and latency by 29% through proactive monitoring and automated CI/CD workflows.

Senior Frontend Engineer | Databricks (2018 - 2022)
- Designed and deployed enterprise-grade systems utilizing REST APIs and HTML/CSS, improving throughput by 30%.
- Collaborated with engineering stakeholders to optimize data pipelines and system reliability using React.
- Reduced system downtime and latency by 10% through proactive monitoring and automated CI/CD workflows.

Senior Frontend Engineer | Google (2017 - 2018)
- Designed and deployed enterprise-grade systems utilizing REST APIs and HTML/CSS, improving throughput by 35%.
- Collaborated with engineering stakeholders to optimize data pipelines and system reliability using React.
- Reduced system downtime and latency by 23% through proactive monitoring and automated CI/CD workflows.

EDUCATION
B.S. in Electrical and Computer Engineering, Sharda University (Graduated 2017)
","REST APIs, HTML/CSS, React, CI/CD, Unit Testing"
RES-0091,Jordan Patel,jordan.patel43@synthetic-talent.org,+1 (555) 927-8201,Cybersecurity Engineer,6,Mid-Level,Bachelor,B.S. in Electrical and Computer Engineering,University of Washington,"AWS, Terraform, Kubernetes, Docker, Agile, Python, CI/CD, Unit Testing","Jordan Patel
jordan.patel43@synthetic-talent.org | +1 (555) 927-8201 | Location: New York, NY

PROFESSIONAL SUMMARY
Results-driven Cybersecurity Engineer with 6 years of industry experience specializing in AWS, Terraform, Kubernetes, Docker. Proven background building scalable solutions, collaborating across agile teams, and driving measurable engineering impact.

TECHNICAL SKILLS
AWS, Terraform, Kubernetes, Docker, Agile, Python, CI/CD, Unit Testing

PROFESSIONAL EXPERIENCE
Senior Cybersecurity Engineer | Uber (2022 - Present)
- Designed and deployed enterprise-grade systems utilizing AWS and Terraform, improving throughput by 29%.
- Collaborated with engineering stakeholders to optimize data pipelines and system reliability using Kubernetes.
- Reduced system downtime and latency by 19% through proactive monitoring and automated CI/CD workflows.

Senior Cybersecurity Engineer | Palo Alto Networks (2020 - 2022)
- Designed and deployed enterprise-grade systems utilizing AWS and Terraform, improving throughput by 45%.
- Collaborated with engineering stakeholders to optimize data pipelines and system reliability using Kubernetes.
- Reduced system downtime and latency by 15% through proactive monitoring and automated CI/CD workflows.

Senior Cybersecurity Engineer | Stripe (2019 - 2020)
- Designed and deployed enterprise-grade systems utilizing AWS and Terraform, improving throughput by 33%.
- Collaborated with engineering stakeholders to optimize data pipelines and system reliability using Kubernetes.
- Reduced system downtime and latency by 22% through proactive monitoring and automated CI/CD workflows.

EDUCATION
B.S. in Electrical and Computer Engineering, University of Washington (Graduated 2019)
","AWS, Terraform, Kubernetes, Docker, Agile, Python, CI/CD, Unit Testing"
RES-0092,Jordan Gupta,jordan.gupta99@synthetic-talent.org,+1 (555) 570-5845,Cybersecurity Engineer,9,Senior,Bachelor,B.S. in Computer Science,UT Austin,"AWS, Terraform, Go, Kubernetes, PostgreSQL, Linux, Agile, Python, CI/CD, Unit Testing","Jordan Gupta
jordan.gupta99@synthetic-talent.org | +1 (555) 570-5845 | Location: New York, NY

PROFESSIONAL SUMMARY
Results-driven Cybersecurity Engineer with 9 years of industry experience specializing in AWS, Terraform, Go, Kubernetes. Proven background building scalable solutions, collaborating across agile teams, and driving measurable engineering impact.

TECHNICAL SKILLS
AWS, Terraform, Go, Kubernetes, PostgreSQL, Linux, Agile, Python, CI/CD, Unit Testing

PROFESSIONAL EXPERIENCE
Senior Cybersecurity Engineer | Coinbase (2023 - Present)
- Designed and deployed enterprise-grade systems utilizing AWS and Terraform, improving throughput by 45%.
- Collaborated with engineering stakeholders to optimize data pipelines and system reliability using Go.
- Reduced system downtime and latency by 15% through proactive monitoring and automated CI/CD workflows.

Senior Cybersecurity Engineer | Salesforce (2021 - 2023)
- Designed and deployed enterprise-grade systems utilizing AWS and Terraform, improving throughput by 37%.
- Collaborated with engineering stakeholders to optimize data pipelines and system reliability using Go.
- Reduced system downtime and latency by 26% through proactive monitoring and automated CI/CD workflows.

Senior Cybersecurity Engineer | Amazon (2018 - 2021)
- Designed and deployed enterprise-grade systems utilizing AWS and Terraform, improving throughput by 15%.
- Collaborated with engineering stakeholders to optimize data pipelines and system reliability using Go.
- Reduced system downtime and latency by 29% through proactive monitoring and automated CI/CD workflows.

Senior Cybersecurity Engineer | Netflix (2016 - 2018)
- Designed and deployed enterprise-grade systems utilizing AWS and Terraform, improving throughput by 21%.
- Collaborated with engineering stakeholders to optimize data pipelines and system reliability using Go.
- Reduced system downtime and latency by 15% through proactive monitoring and automated CI/CD workflows.

EDUCATION
B.S. in Computer Science, UT Austin (Graduated 2016)
","AWS, Terraform, Go, Kubernetes, PostgreSQL, Linux, Agile, Python, CI/CD, Unit Testing"
RES-0093,Aisha Johnson,aisha.johnson19@synthetic-talent.org,+1 (555) 854-5018,Full Stack Engineer,7,Senior,Bachelor,B.Tech in Computer Science and Engineering,UT Austin,"AWS, FastAPI, TypeScript, GraphQL, Docker, Git, PostgreSQL, React, Python, Unit Testing","Aisha Johnson
aisha.johnson19@synthetic-talent.org | +1 (555) 854-5018 | Location: New York, NY

PROFESSIONAL SUMMARY
Results-driven Full Stack Engineer with 7 years of industry experience specializing in AWS, FastAPI, TypeScript, GraphQL. Proven background building scalable solutions, collaborating across agile teams, and driving measurable engineering impact.

TECHNICAL SKILLS
AWS, FastAPI, TypeScript, GraphQL, Docker, Git, PostgreSQL, React, Python, Unit Testing

PROFESSIONAL EXPERIENCE
Senior Full Stack Engineer | Twilio (2023 - Present)
- Designed and deployed enterprise-grade systems utilizing AWS and FastAPI, improving throughput by 41%.
- Collaborated with engineering stakeholders to optimize data pipelines and system reliability using TypeScript.
- Reduced system downtime and latency by 13% through proactive monitoring and automated CI/CD workflows.

Senior Full Stack Engineer | Square / Block (2019 - 2023)
- Designed and deployed enterprise-grade systems utilizing AWS and FastAPI, improving throughput by 45%.
- Collaborated with engineering stakeholders to optimize data pipelines and system reliability using TypeScript.
- Reduced system downtime and latency by 24% through proactive monitoring and automated CI/CD workflows.

Senior Full Stack Engineer | Instacart (2018 - 2019)
- Designed and deployed enterprise-grade systems utilizing AWS and FastAPI, improving throughput by 35%.
- Collaborated with engineering stakeholders to optimize data pipelines and system reliability using TypeScript.
- Reduced system downtime and latency by 15% through proactive monitoring and automated CI/CD workflows.

EDUCATION
B.Tech in Computer Science and Engineering, UT Austin (Graduated 2018)
","AWS, FastAPI, TypeScript, GraphQL, Docker, Git, PostgreSQL, React, Python, Unit Testing"
RES-0094,David Kim,david.kim24@synthetic-talent.org,+1 (555) 714-5946,Machine Learning Engineer,2,Mid-Level,Bachelor,B.S. in Electrical and Computer Engineering,Cornell University,"FastAPI, PyTorch, Machine Learning, AWS, Large Language Models, GCP, Kubernetes, REST APIs, Docker, Transformers, Agile, Kafka, Python, CI/CD","David Kim
david.kim24@synthetic-talent.org | +1 (555) 714-5946 | Location: New York, NY

PROFESSIONAL SUMMARY
Results-driven Machine Learning Engineer with 2 years of industry experience specializing in FastAPI, PyTorch, Machine Learning, AWS. Proven background building scalable solutions, collaborating across agile teams, and driving measurable engineering impact.

TECHNICAL SKILLS
FastAPI, PyTorch, Machine Learning, AWS, Large Language Models, GCP, Kubernetes, REST APIs, Docker, Transformers, Agile, Kafka, Python, CI/CD

PROFESSIONAL EXPERIENCE
Machine Learning Engineer | Robinhood (2023 - Present)
- Designed and deployed enterprise-grade systems utilizing FastAPI and PyTorch, improving throughput by 32%.
- Collaborated with engineering stakeholders to optimize data pipelines and system reliability using Machine Learning.
- Reduced system downtime and latency by 23% through proactive monitoring and automated CI/CD workflows.

EDUCATION
B.S. in Electrical and Computer Engineering, Cornell University (Graduated 2023)
","FastAPI, PyTorch, Machine Learning, AWS, Large Language Models, GCP, Kubernetes, REST APIs, Docker, Transformers, Agile, Kafka, Python, CI/CD"
RES-0095,Emily Rodriguez,emily.rodriguez54@synthetic-talent.org,+1 (555) 805-8990,Full Stack Engineer,1,Junior,Doctorate,Ph.D. in Computer Science,Sharda University,"AWS, FastAPI, GraphQL, Docker, PostgreSQL, Linux, Python, CI/CD, Unit Testing","Emily Rodriguez
emily.rodriguez54@synthetic-talent.org | +1 (555) 805-8990 | Location: New York, NY

PROFESSIONAL SUMMARY
Results-driven Full Stack Engineer with 1 years of industry experience specializing in AWS, FastAPI, GraphQL, Docker. Proven background building scalable solutions, collaborating across agile teams, and driving measurable engineering impact.

TECHNICAL SKILLS
AWS, FastAPI, GraphQL, Docker, PostgreSQL, Linux, Python, CI/CD, Unit Testing

PROFESSIONAL EXPERIENCE
Full Stack Engineer | Airbnb (2024 - Present)
- Designed and deployed enterprise-grade systems utilizing AWS and FastAPI, improving throughput by 30%.
- Collaborated with engineering stakeholders to optimize data pipelines and system reliability using GraphQL.
- Reduced system downtime and latency by 13% through proactive monitoring and automated CI/CD workflows.

EDUCATION
Ph.D. in Computer Science, Sharda University (Graduated 2024)
","AWS, FastAPI, GraphQL, Docker, PostgreSQL, Linux, Python, CI/CD, Unit Testing"
RES-0096,James Brown,james.brown26@synthetic-talent.org,+1 (555) 308-1388,Data Scientist,6,Senior,Master,M.S. in Computer Science,University of Washington,"AWS, PyTorch, Machine Learning, Unit Testing, BigQuery, Jira, Docker, NLP, Python, Scikit-Learn, Pandas","James Brown
james.brown26@synthetic-talent.org | +1 (555) 308-1388 | Location: New York, NY

PROFESSIONAL SUMMARY
Results-driven Data Scientist with 6 years of industry experience specializing in AWS, PyTorch, Machine Learning, Unit Testing. Proven background building scalable solutions, collaborating across agile teams, and driving measurable engineering impact.

TECHNICAL SKILLS
AWS, PyTorch, Machine Learning, Unit Testing, BigQuery, Jira, Docker, NLP, Python, Scikit-Learn, Pandas

PROFESSIONAL EXPERIENCE
Senior Data Scientist | Cisco (2023 - Present)
- Designed and deployed enterprise-grade systems utilizing AWS and PyTorch, improving throughput by 35%.
- Collaborated with engineering stakeholders to optimize data pipelines and system reliability using Machine Learning.
- Reduced system downtime and latency by 30% through proactive monitoring and automated CI/CD workflows.

Senior Data Scientist | Databricks (2021 - 2023)
- Designed and deployed enterprise-grade systems utilizing AWS and PyTorch, improving throughput by 39%.
- Collaborated with engineering stakeholders to optimize data pipelines and system reliability using Machine Learning.
- Reduced system downtime and latency by 28% through proactive monitoring and automated CI/CD workflows.

Senior Data Scientist | Robinhood (2019 - 2021)
- Designed and deployed enterprise-grade systems utilizing AWS and PyTorch, improving throughput by 34%.
- Collaborated with engineering stakeholders to optimize data pipelines and system reliability using Machine Learning.
- Reduced system downtime and latency by 24% through proactive monitoring and automated CI/CD workflows.

EDUCATION
M.S. in Computer Science, University of Washington (Graduated 2019)
","AWS, PyTorch, Machine Learning, Unit Testing, GCP, Jira, Docker, NLP, Python, Scikit-Learn, Pandas"
RES-0097,Michael Sharma,michael.sharma64@synthetic-talent.org,+1 (555) 123-7724,Full Stack Engineer,5,Mid-Level,Bachelor,B.Tech in Computer Science and Engineering,Georgia Tech,"FastAPI, Node.js, AWS, TypeScript, GraphQL, REST APIs, Docker, Git, React, Redis, Python, CI/CD","Michael Sharma
michael.sharma64@synthetic-talent.org | +1 (555) 123-7724 | Location: New York, NY

PROFESSIONAL SUMMARY
Results-driven Full Stack Engineer with 5 years of industry experience specializing in FastAPI, Node.js, AWS, TypeScript. Proven background building scalable solutions, collaborating across agile teams, and driving measurable engineering impact.

TECHNICAL SKILLS
FastAPI, Node.js, AWS, TypeScript, GraphQL, REST APIs, Docker, Git, React, Redis, Python, CI/CD

PROFESSIONAL EXPERIENCE
Full Stack Engineer | Salesforce (2022 - Present)
- Designed and deployed enterprise-grade systems utilizing FastAPI and Node.js, improving throughput by 27%.
- Collaborated with engineering stakeholders to optimize data pipelines and system reliability using AWS.
- Reduced system downtime and latency by 12% through proactive monitoring and automated CI/CD workflows.

Full Stack Engineer | HubSpot (2020 - 2022)
- Designed and deployed enterprise-grade systems utilizing FastAPI and Node.js, improving throughput by 41%.
- Collaborated with engineering stakeholders to optimize data pipelines and system reliability using AWS.
- Reduced system downtime and latency by 25% through proactive monitoring and automated CI/CD workflows.

EDUCATION
B.Tech in Computer Science and Engineering, Georgia Tech (Graduated 2020)
","FastAPI, Node.js, AWS, TypeScript, GraphQL, REST APIs, Docker, Git, React, Redis, Python, CI/CD"
RES-0098,Sofia Patel,sofia.patel67@synthetic-talent.org,+1 (555) 205-4008,Data Scientist,4,Mid-Level,Bachelor,B.S. in Computer Science,Stanford University,"PyTorch, AWS, Machine Learning, Deep Learning, REST APIs, Docker, NLP, SQL, Agile, Python, Scikit-Learn, Pandas","Sofia Patel
sofia.patel67@synthetic-talent.org | +1 (555) 205-4008 | Location: New York, NY

PROFESSIONAL SUMMARY
Results-driven Data Scientist with 4 years of industry experience specializing in PyTorch, AWS, Machine Learning, Deep Learning. Proven background building scalable solutions, collaborating across agile teams, and driving measurable engineering impact.

TECHNICAL SKILLS
PyTorch, AWS, Machine Learning, Deep Learning, REST APIs, Docker, NLP, SQL, Agile, Python, Scikit-Learn, Pandas

PROFESSIONAL EXPERIENCE
Data Scientist | Spotify (2023 - Present)
- Designed and deployed enterprise-grade systems utilizing PyTorch and AWS, improving throughput by 32%.
- Collaborated with engineering stakeholders to optimize data pipelines and system reliability using Machine Learning.
- Reduced system downtime and latency by 19% through proactive monitoring and automated CI/CD workflows.

Data Scientist | Atlassian (2021 - 2023)
- Designed and deployed enterprise-grade systems utilizing PyTorch and AWS, improving throughput by 36%.
- Collaborated with engineering stakeholders to optimize data pipelines and system reliability using Machine Learning.
- Reduced system downtime and latency by 16% through proactive monitoring and automated CI/CD workflows.

EDUCATION
B.S. in Computer Science, Stanford University (Graduated 2021)
","PyTorch, AWS, Machine Learning, Deep Learning, REST APIs, Docker, NLP, SQL, Agile, Python, Scikit-Learn, Pandas"
RES-0099,Kavita Garcia,kavita.garcia93@synthetic-talent.org,+1 (555) 508-4645,Machine Learning Engineer,2,Mid-Level,Master,M.S. in Computer Science,Carnegie Mellon University,"FastAPI, PyTorch, AWS, GCP, Large Language Models, Kubernetes, Docker, Transformers, Code Review, Kafka, Python, Unit Testing","Kavita Garcia
kavita.garcia93@synthetic-talent.org | +1 (555) 508-4645 | Location: New York, NY

PROFESSIONAL SUMMARY
Results-driven Machine Learning Engineer with 2 years of industry experience specializing in FastAPI, PyTorch, AWS, GCP. Proven background building scalable solutions, collaborating across agile teams, and driving measurable engineering impact.

TECHNICAL SKILLS
FastAPI, PyTorch, AWS, GCP, Large Language Models, Kubernetes, Docker, Transformers, Code Review, Kafka, Python, Unit Testing

PROFESSIONAL EXPERIENCE
Machine Learning Engineer | Splunk (2023 - Present)
- Designed and deployed enterprise-grade systems utilizing FastAPI and PyTorch, improving throughput by 16%.
- Collaborated with engineering stakeholders to optimize data pipelines and system reliability using AWS.
- Reduced system downtime and latency by 15% through proactive monitoring and automated CI/CD workflows.

EDUCATION
M.S. in Computer Science, Carnegie Mellon University (Graduated 2023)
","FastAPI, PyTorch, AWS, GCP, Large Language Models, Kubernetes, Docker, Transformers, Code Review, Kafka, Python, Unit Testing"
RES-0100,Emma Patel,emma.patel15@synthetic-talent.org,+1 (555) 980-7708,Cybersecurity Engineer,3,Junior,Bachelor,B.S. in Electrical and Computer Engineering,Delhi Technological University,"AWS, Terraform, Go, Kubernetes, Docker, PostgreSQL, Linux, Code Review, Agile, Python, CI/CD","Emma Patel
emma.patel15@synthetic-talent.org | +1 (555) 980-7708 | Location: New York, NY

PROFESSIONAL SUMMARY
Results-driven Cybersecurity Engineer with 3 years of industry experience specializing in AWS, Terraform, Go, Kubernetes. Proven background building scalable solutions, collaborating across agile teams, and driving measurable engineering impact.

TECHNICAL SKILLS
AWS, Terraform, Go, Kubernetes, Docker, PostgreSQL, Linux, Code Review, Agile, Python, CI/CD

PROFESSIONAL EXPERIENCE
Cybersecurity Engineer | NVIDIA (2022 - Present)
- Designed and deployed enterprise-grade systems utilizing AWS and Terraform, improving throughput by 37%.
- Collaborated with engineering stakeholders to optimize data pipelines and system reliability using Go.
- Reduced system downtime and latency by 14% through proactive monitoring and automated CI/CD workflows.

EDUCATION
B.S. in Electrical and Computer Engineering, Delhi Technological University (Graduated 2022)
","AWS, Terraform, Go, Kubernetes, Docker, PostgreSQL, Linux, Code Review, Agile, Python, CI/CD"
RES-0101,Sofia Gupta,sofia.gupta55@synthetic-talent.org,+1 (555) 530-7664,Backend Engineer,2,Mid-Level,Doctorate,Ph.D. in Computer Science,University of Illinois Urbana-Champaign,"FastAPI, Node.js, System Design, Go, REST APIs, Docker, PostgreSQL, Agile, Kafka, CI/CD","Sofia Gupta
sofia.gupta55@synthetic-talent.org | +1 (555) 530-7664 | Location: New York, NY

PROFESSIONAL SUMMARY
Results-driven Backend Engineer with 2 years of industry experience specializing in FastAPI, Node.js, System Design, Go. Proven background building scalable solutions, collaborating across agile teams, and driving measurable engineering impact.

TECHNICAL SKILLS
FastAPI, Node.js, System Design, Go, REST APIs, Docker, PostgreSQL, Agile, Kafka, CI/CD

PROFESSIONAL EXPERIENCE
Backend Engineer | Intel (2023 - Present)
- Designed and deployed enterprise-grade systems utilizing FastAPI and Node.js, improving throughput by 39%.
- Collaborated with engineering stakeholders to optimize data pipelines and system reliability using System Design.
- Reduced system downtime and latency by 13% through proactive monitoring and automated CI/CD workflows.

EDUCATION
Ph.D. in Computer Science, University of Illinois Urbana-Champaign (Graduated 2023)
","FastAPI, Node.js, System Design, Go, REST APIs, Docker, PostgreSQL, Agile, Kafka, CI/CD"
RES-0102,Alex Johnson,alex.johnson88@synthetic-talent.org,+1 (555) 395-8640,Frontend Engineer,4,Mid-Level,Bachelor,B.S. in Electrical and Computer Engineering,Georgia Tech,"Node.js, GraphQL, JavaScript, Jira, HTML/CSS, Git, CI/CD","Alex Johnson
alex.johnson88@synthetic-talent.org | +1 (555) 395-8640 | Location: New York, NY

PROFESSIONAL SUMMARY
Results-driven Frontend Engineer with 4 years of industry experience specializing in Node.js, GraphQL, JavaScript, Jira. Proven background building scalable solutions, collaborating across agile teams, and driving measurable engineering impact.

TECHNICAL SKILLS
Node.js, GraphQL, JavaScript, Jira, HTML/CSS, Git, CI/CD

PROFESSIONAL EXPERIENCE
Senior Frontend Engineer | Netflix (2021 - Present)
- Designed and deployed enterprise-grade systems utilizing Node.js and GraphQL, improving throughput by 17%.
- Collaborated with engineering stakeholders to optimize data pipelines and system reliability using JavaScript.
- Reduced system downtime and latency by 20% through proactive monitoring and automated CI/CD workflows.

EDUCATION
B.S. in Electrical and Computer Engineering, Georgia Tech (Graduated 2021)
","Node.js, GraphQL, JavaScript, Jira, HTML/CSS, Git, CI/CD"
RES-0103,Zoe Miller,zoe.miller48@synthetic-talent.org,+1 (555) 290-9468,Data Scientist,2,Junior,Master,M.S. in Machine Learning and Data Science,BITS Pilani,"PyTorch, AWS, Machine Learning, Deep Learning, BigQuery, Docker, NLP, Linux, SQL, Code Review, Python, Scikit-Learn","Zoe Miller
zoe.miller48@synthetic-talent.org | +1 (555) 290-9468 | Location: New York, NY

PROFESSIONAL SUMMARY
Results-driven Data Scientist with 2 years of industry experience specializing in PyTorch, AWS, Machine Learning, Deep Learning. Proven background building scalable solutions, collaborating across agile teams, and driving measurable engineering impact.

TECHNICAL SKILLS
PyTorch, AWS, Machine Learning, Deep Learning, BigQuery, Docker, NLP, Linux, SQL, Code Review, Python, Scikit-Learn

PROFESSIONAL EXPERIENCE
Data Scientist | DoorDash (2023 - Present)
- Designed and deployed enterprise-grade systems utilizing PyTorch and AWS, improving throughput by 20%.
- Collaborated with engineering stakeholders to optimize data pipelines and system reliability using Machine Learning.
- Reduced system downtime and latency by 17% through proactive monitoring and automated CI/CD workflows.

EDUCATION
M.S. in Machine Learning and Data Science, BITS Pilani (Graduated 2023)
","PyTorch, AWS, Machine Learning, Deep Learning, GCP, Docker, NLP, Linux, SQL, Code Review, Python, Scikit-Learn"
RES-0104,Elena Taylor,elena.taylor17@synthetic-talent.org,+1 (555) 954-4680,Data Scientist,1,Junior,Bachelor,B.Tech in Computer Science and Engineering,MIT,"PyTorch, Machine Learning, BigQuery, Docker, Git, NLP, SQL, Agile, Python, Scikit-Learn, Pandas","Elena Taylor
elena.taylor17@synthetic-talent.org | +1 (555) 954-4680 | Location: New York, NY

PROFESSIONAL SUMMARY
Results-driven Data Scientist with 1 years of industry experience specializing in PyTorch, Machine Learning, BigQuery, Docker. Proven background building scalable solutions, collaborating across agile teams, and driving measurable engineering impact.

TECHNICAL SKILLS
PyTorch, Machine Learning, BigQuery, Docker, Git, NLP, SQL, Agile, Python, Scikit-Learn, Pandas

PROFESSIONAL EXPERIENCE
Data Scientist | Amazon (2024 - Present)
- Designed and deployed enterprise-grade systems utilizing PyTorch and Machine Learning, improving throughput by 38%.
- Collaborated with engineering stakeholders to optimize data pipelines and system reliability using BigQuery.
- Reduced system downtime and latency by 26% through proactive monitoring and automated CI/CD workflows.

EDUCATION
B.Tech in Computer Science and Engineering, MIT (Graduated 2024)
","PyTorch, Machine Learning, GCP, Docker, Git, NLP, SQL, Agile, Python, Scikit-Learn, Pandas"
RES-0105,Sarah Kim,sarah.kim64@synthetic-talent.org,+1 (555) 999-1729,Backend Engineer,6,Senior,Master,M.S. in Machine Learning and Data Science,University of Illinois Urbana-Champaign,"AWS, FastAPI, System Design, Kubernetes, PostgreSQL, Linux, Code Review, Redis, Kafka, Python, CI/CD","Sarah Kim
sarah.kim64@synthetic-talent.org | +1 (555) 999-1729 | Location: New York, NY

PROFESSIONAL SUMMARY
Results-driven Backend Engineer with 6 years of industry experience specializing in AWS, FastAPI, System Design, Kubernetes. Proven background building scalable solutions, collaborating across agile teams, and driving measurable engineering impact.

TECHNICAL SKILLS
AWS, FastAPI, System Design, Kubernetes, PostgreSQL, Linux, Code Review, Redis, Kafka, Python, CI/CD

PROFESSIONAL EXPERIENCE
Senior Backend Engineer | Google (2021 - Present)
- Designed and deployed enterprise-grade systems utilizing AWS and FastAPI, improving throughput by 25%.
- Collaborated with engineering stakeholders to optimize data pipelines and system reliability using System Design.
- Reduced system downtime and latency by 18% through proactive monitoring and automated CI/CD workflows.

Senior Backend Engineer | Instacart (2019 - 2021)
- Designed and deployed enterprise-grade systems utilizing AWS and FastAPI, improving throughput by 27%.
- Collaborated with engineering stakeholders to optimize data pipelines and system reliability using System Design.
- Reduced system downtime and latency by 18% through proactive monitoring and automated CI/CD workflows.

EDUCATION
M.S. in Machine Learning and Data Science, University of Illinois Urbana-Champaign (Graduated 2019)
","AWS, FastAPI, System Design, Kubernetes, PostgreSQL, Linux, Code Review, Redis, Kafka, Python, CI/CD"
RES-0106,Emma Vance,emma.vance77@synthetic-talent.org,+1 (555) 539-8845,Backend Engineer,9,Lead/Staff,Master,M.S. in Computer Science,UT Austin,"Node.js, Java, Go, REST APIs, Docker, PostgreSQL, Code Review, Redis, Kafka, Python","Emma Vance
emma.vance77@synthetic-talent.org | +1 (555) 539-8845 | Location: New York, NY

PROFESSIONAL SUMMARY
Results-driven Backend Engineer with 9 years of industry experience specializing in Node.js, Java, Go, REST APIs. Proven background building scalable solutions, collaborating across agile teams, and driving measurable engineering impact.

TECHNICAL SKILLS
Node.js, Java, Go, REST APIs, Docker, PostgreSQL, Code Review, Redis, Kafka, Python

PROFESSIONAL EXPERIENCE
Senior Backend Engineer | HubSpot (2023 - Present)
- Designed and deployed enterprise-grade systems utilizing Node.js and Java, improving throughput by 28%.
- Collaborated with engineering stakeholders to optimize data pipelines and system reliability using Go.
- Reduced system downtime and latency by 16% through proactive monitoring and automated CI/CD workflows.

Senior Backend Engineer | Meta (2019 - 2023)
- Designed and deployed enterprise-grade systems utilizing Node.js and Java, improving throughput by 29%.
- Collaborated with engineering stakeholders to optimize data pipelines and system reliability using Go.
- Reduced system downtime and latency by 18% through proactive monitoring and automated CI/CD workflows.

Senior Backend Engineer | Amazon (2016 - 2019)
- Designed and deployed enterprise-grade systems utilizing Node.js and Java, improving throughput by 16%.
- Collaborated with engineering stakeholders to optimize data pipelines and system reliability using Go.
- Reduced system downtime and latency by 28% through proactive monitoring and automated CI/CD workflows.

EDUCATION
M.S. in Computer Science, UT Austin (Graduated 2016)
","Node.js, Java, Go, REST APIs, Docker, PostgreSQL, Code Review, Redis, Kafka, Python"
RES-0107,Sarah Anderson,sarah.anderson57@synthetic-talent.org,+1 (555) 159-6140,Frontend Engineer,2,Junior,Master,M.S. in Machine Learning and Data Science,Carnegie Mellon University,"Node.js, TypeScript, GraphQL, JavaScript, Docker, HTML/CSS, Next.js, Git, React, Agile","Sarah Anderson
sarah.anderson57@synthetic-talent.org | +1 (555) 159-6140 | Location: New York, NY

PROFESSIONAL SUMMARY
Results-driven Frontend Engineer with 2 years of industry experience specializing in Node.js, TypeScript, GraphQL, JavaScript. Proven background building scalable solutions, collaborating across agile teams, and driving measurable engineering impact.

TECHNICAL SKILLS
Node.js, TypeScript, GraphQL, JavaScript, Docker, HTML/CSS, Next.js, Git, React, Agile

PROFESSIONAL EXPERIENCE
Frontend Engineer | Stripe (2023 - Present)
- Designed and deployed enterprise-grade systems utilizing Node.js and TypeScript, improving throughput by 23%.
- Collaborated with engineering stakeholders to optimize data pipelines and system reliability using GraphQL.
- Reduced system downtime and latency by 19% through proactive monitoring and automated CI/CD workflows.

EDUCATION
M.S. in Machine Learning and Data Science, Carnegie Mellon University (Graduated 2023)
","Node.js, TypeScript, GraphQL, JavaScript, Docker, HTML/CSS, Next.js, Git, React, Agile"
RES-0108,Vikram Gupta,vikram.gupta74@synthetic-talent.org,+1 (555) 264-7356,Machine Learning Engineer,2,Mid-Level,Bachelor,B.Tech in Computer Science and Engineering,University of Michigan,"FastAPI, PyTorch, Machine Learning, AWS, Large Language Models, Kubernetes, Docker, Linux, Code Review, Python, CI/CD","Vikram Gupta
vikram.gupta74@synthetic-talent.org | +1 (555) 264-7356 | Location: New York, NY

PROFESSIONAL SUMMARY
Results-driven Machine Learning Engineer with 2 years of industry experience specializing in FastAPI, PyTorch, Machine Learning, AWS. Proven background building scalable solutions, collaborating across agile teams, and driving measurable engineering impact.

TECHNICAL SKILLS
FastAPI, PyTorch, Machine Learning, AWS, Large Language Models, Kubernetes, Docker, Linux, Code Review, Python, CI/CD

PROFESSIONAL EXPERIENCE
Machine Learning Engineer | Snowflake (2023 - Present)
- Designed and deployed enterprise-grade systems utilizing FastAPI and PyTorch, improving throughput by 22%.
- Collaborated with engineering stakeholders to optimize data pipelines and system reliability using Machine Learning.
- Reduced system downtime and latency by 10% through proactive monitoring and automated CI/CD workflows.

EDUCATION
B.Tech in Computer Science and Engineering, University of Michigan (Graduated 2023)
","FastAPI, PyTorch, Machine Learning, AWS, Large Language Models, Kubernetes, Docker, Linux, Code Review, Python, CI/CD"
RES-0109,James Tanaka,james.tanaka77@synthetic-talent.org,+1 (555) 709-1291,Data Engineer,10,Lead/Staff,Bachelor,B.S. in Electrical and Computer Engineering,MIT,"Terraform, Spark, PostgreSQL, Linux, SQL, Agile, Kafka, Python, Airflow","James Tanaka
james.tanaka77@synthetic-talent.org | +1 (555) 709-1291 | Location: New York, NY

PROFESSIONAL SUMMARY
Results-driven Data Engineer with 10 years of industry experience specializing in Terraform, Spark, PostgreSQL, Linux. Proven background building scalable solutions, collaborating across agile teams, and driving measurable engineering impact.

TECHNICAL SKILLS
Terraform, Spark, PostgreSQL, Linux, SQL, Agile, Kafka, Python, Airflow

PROFESSIONAL EXPERIENCE
Senior Data Engineer | HubSpot (2022 - Present)
- Designed and deployed enterprise-grade systems utilizing Terraform and Spark, improving throughput by 18%.
- Collaborated with engineering stakeholders to optimize data pipelines and system reliability using PostgreSQL.
- Reduced system downtime and latency by 26% through proactive monitoring and automated CI/CD workflows.

Senior Data Engineer | Zscaler (2019 - 2022)
- Designed and deployed enterprise-grade systems utilizing Terraform and Spark, improving throughput by 19%.
- Collaborated with engineering stakeholders to optimize data pipelines and system reliability using PostgreSQL.
- Reduced system downtime and latency by 12% through proactive monitoring and automated CI/CD workflows.

Senior Data Engineer | Palantir (2016 - 2019)
- Designed and deployed enterprise-grade systems utilizing Terraform and Spark, improving throughput by 18%.
- Collaborated with engineering stakeholders to optimize data pipelines and system reliability using PostgreSQL.
- Reduced system downtime and latency by 25% through proactive monitoring and automated CI/CD workflows.

Senior Data Engineer | MongoDB Inc. (2015 - 2016)
- Designed and deployed enterprise-grade systems utilizing Terraform and Spark, improving throughput by 35%.
- Collaborated with engineering stakeholders to optimize data pipelines and system reliability using PostgreSQL.
- Reduced system downtime and latency by 15% through proactive monitoring and automated CI/CD workflows.

EDUCATION
B.S. in Electrical and Computer Engineering, MIT (Graduated 2015)
","Terraform, Spark, PostgreSQL, Linux, SQL, Agile, Kafka, Python, Airflow"
RES-0110,Emily Brown,emily.brown85@synthetic-talent.org,+1 (555) 212-4688,Backend Engineer,1,Junior,Bachelor,B.S. in Electrical and Computer Engineering,UC Berkeley,"AWS, System Design, Go, Kubernetes, PostgreSQL, Code Review, Agile","Emily Brown
emily.brown85@synthetic-talent.org | +1 (555) 212-4688 | Location: New York, NY

PROFESSIONAL SUMMARY
Results-driven Backend Engineer with 1 years of industry experience specializing in AWS, System Design, Go, Kubernetes. Proven background building scalable solutions, collaborating across agile teams, and driving measurable engineering impact.

TECHNICAL SKILLS
AWS, System Design, Go, Kubernetes, PostgreSQL, Code Review, Agile

PROFESSIONAL EXPERIENCE
Backend Engineer | Twilio (2024 - Present)
- Designed and deployed enterprise-grade systems utilizing AWS and System Design, improving throughput by 35%.
- Collaborated with engineering stakeholders to optimize data pipelines and system reliability using Go.
- Reduced system downtime and latency by 30% through proactive monitoring and automated CI/CD workflows.

EDUCATION
B.S. in Electrical and Computer Engineering, UC Berkeley (Graduated 2024)
","AWS, System Design, Go, Kubernetes, PostgreSQL, Code Review, Agile"
RES-0111,Carlos Williams,carlos.williams48@synthetic-talent.org,+1 (555) 792-6537,Data Scientist,4,Mid-Level,Master,M.S. in Machine Learning and Data Science,Georgia Tech,"Machine Learning, REST APIs, Docker, Linux, SQL, Python, Scikit-Learn","Carlos Williams
carlos.williams48@synthetic-talent.org | +1 (555) 792-6537 | Location: New York, NY

PROFESSIONAL SUMMARY
Results-driven Data Scientist with 4 years of industry experience specializing in Machine Learning, REST APIs, Docker, Linux. Proven background building scalable solutions, collaborating across agile teams, and driving measurable engineering impact.

TECHNICAL SKILLS
Machine Learning, REST APIs, Docker, Linux, SQL, Python, Scikit-Learn

PROFESSIONAL EXPERIENCE
Senior Data Scientist | Intel (2021 - Present)
- Designed and deployed enterprise-grade systems utilizing Machine Learning and REST APIs, improving throughput by 42%.
- Collaborated with engineering stakeholders to optimize data pipelines and system reliability using Docker.
- Reduced system downtime and latency by 26% through proactive monitoring and automated CI/CD workflows.

EDUCATION
M.S. in Machine Learning and Data Science, Georgia Tech (Graduated 2021)
","Machine Learning, REST APIs, Docker, Linux, SQL, Python, Scikit-Learn"
RES-0112,Ananya Johnson,ananya.johnson96@synthetic-talent.org,+1 (555) 824-7575,Backend Engineer,1,Junior,Doctorate,Ph.D. in Computer Science,BITS Pilani,"Node.js, System Design, Java, Kubernetes, Jira, Code Review, Redis","Ananya Johnson
ananya.johnson96@synthetic-talent.org | +1 (555) 824-7575 | Location: New York, NY

PROFESSIONAL SUMMARY
Results-driven Backend Engineer with 1 years of industry experience specializing in Node.js, System Design, Java, Kubernetes. Proven background building scalable solutions, collaborating across agile teams, and driving measurable engineering impact.

TECHNICAL SKILLS
Node.js, System Design, Java, Kubernetes, Jira, Code Review, Redis

PROFESSIONAL EXPERIENCE
Backend Engineer | Palantir (2024 - Present)
- Designed and deployed enterprise-grade systems utilizing Node.js and System Design, improving throughput by 20%.
- Collaborated with engineering stakeholders to optimize data pipelines and system reliability using Java.
- Reduced system downtime and latency by 26% through proactive monitoring and automated CI/CD workflows.

EDUCATION
Ph.D. in Computer Science, BITS Pilani (Graduated 2024)
","Node.js, System Design, Java, Kubernetes, Jira, Code Review, Redis"
RES-0113,Daniel Smith,daniel.smith68@synthetic-talent.org,+1 (555) 663-3976,Full Stack Engineer,7,Senior,Bachelor,B.S. in Electrical and Computer Engineering,UT Austin,"Node.js, TypeScript, Docker, PostgreSQL, React, Linux, Agile, Redis, Python","Daniel Smith
daniel.smith68@synthetic-talent.org | +1 (555) 663-3976 | Location: New York, NY

PROFESSIONAL SUMMARY
Results-driven Full Stack Engineer with 7 years of industry experience specializing in Node.js, TypeScript, Docker, PostgreSQL. Proven background building scalable solutions, collaborating across agile teams, and driving measurable engineering impact.

TECHNICAL SKILLS
Node.js, TypeScript, Docker, PostgreSQL, React, Linux, Agile, Redis, Python

PROFESSIONAL EXPERIENCE
Senior Full Stack Engineer | Uber (2023 - Present)
- Designed and deployed enterprise-grade systems utilizing Node.js and TypeScript, improving throughput by 17%.
- Collaborated with engineering stakeholders to optimize data pipelines and system reliability using Docker.
- Reduced system downtime and latency by 13% through proactive monitoring and automated CI/CD workflows.

Senior Full Stack Engineer | Cloudflare (2020 - 2023)
- Designed and deployed enterprise-grade systems utilizing Node.js and TypeScript, improving throughput by 24%.
- Collaborated with engineering stakeholders to optimize data pipelines and system reliability using Docker.
- Reduced system downtime and latency by 11% through proactive monitoring and automated CI/CD workflows.

Senior Full Stack Engineer | Stripe (2018 - 2020)
- Designed and deployed enterprise-grade systems utilizing Node.js and TypeScript, improving throughput by 22%.
- Collaborated with engineering stakeholders to optimize data pipelines and system reliability using Docker.
- Reduced system downtime and latency by 14% through proactive monitoring and automated CI/CD workflows.

EDUCATION
B.S. in Electrical and Computer Engineering, UT Austin (Graduated 2018)
","Node.js, TypeScript, Docker, PostgreSQL, React, Linux, Agile, Redis, Python"
RES-0114,Emma Brown,emma.brown18@synthetic-talent.org,+1 (555) 126-8390,Cybersecurity Engineer,3,Mid-Level,Bachelor,B.S. in Electrical and Computer Engineering,University of Michigan,"AWS, Terraform, Go, Kubernetes, Jira, Git, PostgreSQL, Python, CI/CD","Emma Brown
emma.brown18@synthetic-talent.org | +1 (555) 126-8390 | Location: New York, NY

PROFESSIONAL SUMMARY
Results-driven Cybersecurity Engineer with 3 years of industry experience specializing in AWS, Terraform, Go, Kubernetes. Proven background building scalable solutions, collaborating across agile teams, and driving measurable engineering impact.

TECHNICAL SKILLS
AWS, Terraform, Go, Kubernetes, Jira, Git, PostgreSQL, Python, CI/CD

PROFESSIONAL EXPERIENCE
Cybersecurity Engineer | Cisco (2022 - Present)
- Designed and deployed enterprise-grade systems utilizing AWS and Terraform, improving throughput by 23%.
- Collaborated with engineering stakeholders to optimize data pipelines and system reliability using Go.
- Reduced system downtime and latency by 22% through proactive monitoring and automated CI/CD workflows.

EDUCATION
B.S. in Electrical and Computer Engineering, University of Michigan (Graduated 2022)
","AWS, Terraform, Go, Kubernetes, Jira, Git, PostgreSQL, Python, CI/CD"
RES-0115,Ananya Garcia,ananya.garcia87@synthetic-talent.org,+1 (555) 459-8054,Backend Engineer,15,Lead/Staff,Bachelor,B.S. in Computer Science,BITS Pilani,"Node.js, Java, Go, Kubernetes, Git, Linux, Redis, Kafka","Ananya Garcia
ananya.garcia87@synthetic-talent.org | +1 (555) 459-8054 | Location: New York, NY

PROFESSIONAL SUMMARY
Results-driven Backend Engineer with 15 years of industry experience specializing in Node.js, Java, Go, Kubernetes. Proven background building scalable solutions, collaborating across agile teams, and driving measurable engineering impact.

TECHNICAL SKILLS
Node.js, Java, Go, Kubernetes, Git, Linux, Redis, Kafka

PROFESSIONAL EXPERIENCE
Senior Backend Engineer | Spotify (2022 - Present)
- Designed and deployed enterprise-grade systems utilizing Node.js and Java, improving throughput by 36%.
- Collaborated with engineering stakeholders to optimize data pipelines and system reliability using Go.
- Reduced system downtime and latency by 26% through proactive monitoring and automated CI/CD workflows.

Senior Backend Engineer | Snowflake (2018 - 2022)
- Designed and deployed enterprise-grade systems utilizing Node.js and Java, improving throughput by 29%.
- Collaborated with engineering stakeholders to optimize data pipelines and system reliability using Go.
- Reduced system downtime and latency by 15% through proactive monitoring and automated CI/CD workflows.

Senior Backend Engineer | NVIDIA (2015 - 2018)
- Designed and deployed enterprise-grade systems utilizing Node.js and Java, improving throughput by 42%.
- Collaborated with engineering stakeholders to optimize data pipelines and system reliability using Go.
- Reduced system downtime and latency by 26% through proactive monitoring and automated CI/CD workflows.

Senior Backend Engineer | Palo Alto Networks (2013 - 2015)
- Designed and deployed enterprise-grade systems utilizing Node.js and Java, improving throughput by 44%.
- Collaborated with engineering stakeholders to optimize data pipelines and system reliability using Go.
- Reduced system downtime and latency by 18% through proactive monitoring and automated CI/CD workflows.

Senior Backend Engineer | Uber (2010 - 2013)
- Designed and deployed enterprise-grade systems utilizing Node.js and Java, improving throughput by 43%.
- Collaborated with engineering stakeholders to optimize data pipelines and system reliability using Go.
- Reduced system downtime and latency by 21% through proactive monitoring and automated CI/CD workflows.

EDUCATION
B.S. in Computer Science, BITS Pilani (Graduated 2010)
","Node.js, Java, Go, Kubernetes, Git, Linux, Redis, Kafka"
RES-0116,Emma Rostova,emma.rostova75@synthetic-talent.org,+1 (555) 498-7343,Data Engineer,8,Senior,Doctorate,Ph.D. in Computer Science,Stanford University,"AWS, Terraform, GCP, Spark, Docker, SQL, Code Review, Kafka, Python, Unit Testing, Snowflake","Emma Rostova
emma.rostova75@synthetic-talent.org | +1 (555) 498-7343 | Location: New York, NY

PROFESSIONAL SUMMARY
Results-driven Data Engineer with 8 years of industry experience specializing in AWS, Terraform, GCP, Spark. Proven background building scalable solutions, collaborating across agile teams, and driving measurable engineering impact.

TECHNICAL SKILLS
AWS, Terraform, GCP, Spark, Docker, SQL, Code Review, Kafka, Python, Unit Testing, Snowflake

PROFESSIONAL EXPERIENCE
Senior Data Engineer | Reddit (2022 - Present)
- Designed and deployed enterprise-grade systems utilizing AWS and Terraform, improving throughput by 44%.
- Collaborated with engineering stakeholders to optimize data pipelines and system reliability using GCP.
- Reduced system downtime and latency by 23% through proactive monitoring and automated CI/CD workflows.

Senior Data Engineer | Splunk (2020 - 2022)
- Designed and deployed enterprise-grade systems utilizing AWS and Terraform, improving throughput by 44%.
- Collaborated with engineering stakeholders to optimize data pipelines and system reliability using GCP.
- Reduced system downtime and latency by 14% through proactive monitoring and automated CI/CD workflows.

Senior Data Engineer | Zscaler (2018 - 2020)
- Designed and deployed enterprise-grade systems utilizing AWS and Terraform, improving throughput by 40%.
- Collaborated with engineering stakeholders to optimize data pipelines and system reliability using GCP.
- Reduced system downtime and latency by 16% through proactive monitoring and automated CI/CD workflows.

Senior Data Engineer | Palantir (2017 - 2018)
- Designed and deployed enterprise-grade systems utilizing AWS and Terraform, improving throughput by 34%.
- Collaborated with engineering stakeholders to optimize data pipelines and system reliability using GCP.
- Reduced system downtime and latency by 23% through proactive monitoring and automated CI/CD workflows.

EDUCATION
Ph.D. in Computer Science, Stanford University (Graduated 2017)
","AWS, Terraform, GCP, Spark, Docker, SQL, Code Review, Kafka, Python, Unit Testing, Snowflake"
RES-0117,Zoe Davis,zoe.davis50@synthetic-talent.org,+1 (555) 232-3562,Backend Engineer,7,Senior,Bachelor,B.Tech in Computer Science and Engineering,BITS Pilani,"AWS, FastAPI, System Design, Java, Go, Kubernetes, PostgreSQL, Linux, Redis, Python, CI/CD, Unit Testing","Zoe Davis
zoe.davis50@synthetic-talent.org | +1 (555) 232-3562 | Location: New York, NY

PROFESSIONAL SUMMARY
Results-driven Backend Engineer with 7 years of industry experience specializing in AWS, FastAPI, System Design, Java. Proven background building scalable solutions, collaborating across agile teams, and driving measurable engineering impact.

TECHNICAL SKILLS
AWS, FastAPI, System Design, Java, Go, Kubernetes, PostgreSQL, Linux, Redis, Python, CI/CD, Unit Testing

PROFESSIONAL EXPERIENCE
Senior Backend Engineer | Palantir (2023 - Present)
- Designed and deployed enterprise-grade systems utilizing AWS and FastAPI, improving throughput by 22%.
- Collaborated with engineering stakeholders to optimize data pipelines and system reliability using System Design.
- Reduced system downtime and latency by 23% through proactive monitoring and automated CI/CD workflows.

Senior Backend Engineer | Zscaler (2021 - 2023)
- Designed and deployed enterprise-grade systems utilizing AWS and FastAPI, improving throughput by 34%.
- Collaborated with engineering stakeholders to optimize data pipelines and system reliability using System Design.
- Reduced system downtime and latency by 28% through proactive monitoring and automated CI/CD workflows.

Senior Backend Engineer | Shopify (2019 - 2021)
- Designed and deployed enterprise-grade systems utilizing AWS and FastAPI, improving throughput by 27%.
- Collaborated with engineering stakeholders to optimize data pipelines and system reliability using System Design.
- Reduced system downtime and latency by 17% through proactive monitoring and automated CI/CD workflows.

Senior Backend Engineer | Stripe (2018 - 2019)
- Designed and deployed enterprise-grade systems utilizing AWS and FastAPI, improving throughput by 44%.
- Collaborated with engineering stakeholders to optimize data pipelines and system reliability using System Design.
- Reduced system downtime and latency by 11% through proactive monitoring and automated CI/CD workflows.

EDUCATION
B.Tech in Computer Science and Engineering, BITS Pilani (Graduated 2018)
","AWS, FastAPI, System Design, Java, Go, Kubernetes, PostgreSQL, Linux, Redis, Python, CI/CD, Unit Testing"
RES-0118,Emma Smith,emma.smith27@synthetic-talent.org,+1 (555) 454-8000,Data Scientist,2,Junior,Bachelor,B.S. in Computer Science,IIT Bombay,"AWS, Machine Learning, Deep Learning, BigQuery, Jira, Docker, NLP, Linux, SQL, Python, Scikit-Learn, Pandas","Emma Smith
emma.smith27@synthetic-talent.org | +1 (555) 454-8000 | Location: New York, NY

PROFESSIONAL SUMMARY
Results-driven Data Scientist with 2 years of industry experience specializing in AWS, Machine Learning, Deep Learning, BigQuery. Proven background building scalable solutions, collaborating across agile teams, and driving measurable engineering impact.

TECHNICAL SKILLS
AWS, Machine Learning, Deep Learning, BigQuery, Jira, Docker, NLP, Linux, SQL, Python, Scikit-Learn, Pandas

PROFESSIONAL EXPERIENCE
Data Scientist | Netflix (2023 - Present)
- Designed and deployed enterprise-grade systems utilizing AWS and Machine Learning, improving throughput by 15%.
- Collaborated with engineering stakeholders to optimize data pipelines and system reliability using Deep Learning.
- Reduced system downtime and latency by 10% through proactive monitoring and automated CI/CD workflows.

EDUCATION
B.S. in Computer Science, IIT Bombay (Graduated 2023)
","AWS, Machine Learning, Deep Learning, GCP, Jira, Docker, NLP, Linux, SQL, Python, Scikit-Learn, Pandas"
RES-0119,Zoe Anderson,zoe.anderson44@synthetic-talent.org,+1 (555) 749-4570,Data Engineer,1,Junior,Master,M.S. in Machine Learning and Data Science,University of Washington,"Terraform, GCP, Jira, Spark, Docker, PostgreSQL, Linux, SQL, Python, Snowflake","Zoe Anderson
zoe.anderson44@synthetic-talent.org | +1 (555) 749-4570 | Location: New York, NY

PROFESSIONAL SUMMARY
Results-driven Data Engineer with 1 years of industry experience specializing in Terraform, GCP, Jira, Spark. Proven background building scalable solutions, collaborating across agile teams, and driving measurable engineering impact.

TECHNICAL SKILLS
Terraform, GCP, Jira, Spark, Docker, PostgreSQL, Linux, SQL, Python, Snowflake

PROFESSIONAL EXPERIENCE
Data Engineer | Google (2024 - Present)
- Designed and deployed enterprise-grade systems utilizing Terraform and GCP, improving throughput by 17%.
- Collaborated with engineering stakeholders to optimize data pipelines and system reliability using Jira.
- Reduced system downtime and latency by 27% through proactive monitoring and automated CI/CD workflows.

EDUCATION
M.S. in Machine Learning and Data Science, University of Washington (Graduated 2024)
","Terraform, GCP, Jira, Spark, Docker, PostgreSQL, Linux, SQL, Python, Snowflake"
RES-0120,Zoe Wilson,zoe.wilson79@synthetic-talent.org,+1 (555) 142-4760,Data Engineer,2,Junior,Master,M.S. in Computer Science,Carnegie Mellon University,"Jira, Spark, Docker, PostgreSQL, SQL, Agile, Kafka, Python, Airflow","Zoe Wilson
zoe.wilson79@synthetic-talent.org | +1 (555) 142-4760 | Location: New York, NY

PROFESSIONAL SUMMARY
Results-driven Data Engineer with 2 years of industry experience specializing in Jira, Spark, Docker, PostgreSQL. Proven background building scalable solutions, collaborating across agile teams, and driving measurable engineering impact.

TECHNICAL SKILLS
Jira, Spark, Docker, PostgreSQL, SQL, Agile, Kafka, Python, Airflow

PROFESSIONAL EXPERIENCE
Data Engineer | Instacart (2023 - Present)
- Designed and deployed enterprise-grade systems utilizing Jira and Spark, improving throughput by 23%.
- Collaborated with engineering stakeholders to optimize data pipelines and system reliability using Docker.
- Reduced system downtime and latency by 30% through proactive monitoring and automated CI/CD workflows.

EDUCATION
M.S. in Computer Science, Carnegie Mellon University (Graduated 2023)
","Jira, Spark, Docker, PostgreSQL, SQL, Agile, Kafka, Python, Airflow"
RES-0121,Carlos Williams,carlos.williams64@synthetic-talent.org,+1 (555) 535-2798,Frontend Engineer,5,Mid-Level,Bachelor,B.Tech in Computer Science and Engineering,Delhi Technological University,"Node.js, TypeScript, GraphQL, Docker, HTML/CSS, Next.js, Git, React, CI/CD, Unit Testing","Carlos Williams
carlos.williams64@synthetic-talent.org | +1 (555) 535-2798 | Location: New York, NY

PROFESSIONAL SUMMARY
Results-driven Frontend Engineer with 5 years of industry experience specializing in Node.js, TypeScript, GraphQL, Docker. Proven background building scalable solutions, collaborating across agile teams, and driving measurable engineering impact.

TECHNICAL SKILLS
Node.js, TypeScript, GraphQL, Docker, HTML/CSS, Next.js, Git, React, CI/CD, Unit Testing

PROFESSIONAL EXPERIENCE
Frontend Engineer | Intel (2022 - Present)
- Designed and deployed enterprise-grade systems utilizing Node.js and TypeScript, improving throughput by 23%.
- Collaborated with engineering stakeholders to optimize data pipelines and system reliability using GraphQL.
- Reduced system downtime and latency by 11% through proactive monitoring and automated CI/CD workflows.

Frontend Engineer | Uber (2020 - 2022)
- Designed and deployed enterprise-grade systems utilizing Node.js and TypeScript, improving throughput by 24%.
- Collaborated with engineering stakeholders to optimize data pipelines and system reliability using GraphQL.
- Reduced system downtime and latency by 19% through proactive monitoring and automated CI/CD workflows.

EDUCATION
B.Tech in Computer Science and Engineering, Delhi Technological University (Graduated 2020)
","Node.js, TypeScript, GraphQL, Docker, HTML/CSS, Next.js, Git, React, CI/CD, Unit Testing"
RES-0122,Kavita Miller,kavita.miller43@synthetic-talent.org,+1 (555) 459-4279,Machine Learning Engineer,2,Junior,Doctorate,Ph.D. in Computer Science,Delhi Technological University,"PyTorch, Kubernetes, REST APIs, Docker, Transformers, Git, Python, CI/CD","Kavita Miller
kavita.miller43@synthetic-talent.org | +1 (555) 459-4279 | Location: New York, NY

PROFESSIONAL SUMMARY
Results-driven Machine Learning Engineer with 2 years of industry experience specializing in PyTorch, Kubernetes, REST APIs, Docker. Proven background building scalable solutions, collaborating across agile teams, and driving measurable engineering impact.

TECHNICAL SKILLS
PyTorch, Kubernetes, REST APIs, Docker, Transformers, Git, Python, CI/CD

PROFESSIONAL EXPERIENCE
Machine Learning Engineer | Instacart (2023 - Present)
- Designed and deployed enterprise-grade systems utilizing PyTorch and Kubernetes, improving throughput by 41%.
- Collaborated with engineering stakeholders to optimize data pipelines and system reliability using REST APIs.
- Reduced system downtime and latency by 22% through proactive monitoring and automated CI/CD workflows.

EDUCATION
Ph.D. in Computer Science, Delhi Technological University (Graduated 2023)
","PyTorch, Kubernetes, REST APIs, Docker, Transformers, Git, Python, CI/CD"
RES-0123,Marcus Brown,marcus.brown85@synthetic-talent.org,+1 (555) 817-9990,Backend Engineer,1,Junior,Bachelor,B.S. in Electrical and Computer Engineering,Sharda University,"AWS, Node.js, FastAPI, Go, Docker, Git, PostgreSQL, Linux, Redis, Python, CI/CD","Marcus Brown
marcus.brown85@synthetic-talent.org | +1 (555) 817-9990 | Location: New York, NY

PROFESSIONAL SUMMARY
Results-driven Backend Engineer with 1 years of industry experience specializing in AWS, Node.js, FastAPI, Go. Proven background building scalable solutions, collaborating across agile teams, and driving measurable engineering impact.

TECHNICAL SKILLS
AWS, Node.js, FastAPI, Go, Docker, Git, PostgreSQL, Linux, Redis, Python, CI/CD

PROFESSIONAL EXPERIENCE
Backend Engineer | Google (2024 - Present)
- Designed and deployed enterprise-grade systems utilizing AWS and Node.js, improving throughput by 19%.
- Collaborated with engineering stakeholders to optimize data pipelines and system reliability using FastAPI.
- Reduced system downtime and latency by 15% through proactive monitoring and automated CI/CD workflows.

EDUCATION
B.S. in Electrical and Computer Engineering, Sharda University (Graduated 2024)
","AWS, Node.js, FastAPI, Go, Docker, Git, PostgreSQL, Linux, Redis, Python, CI/CD"
RES-0124,Mateo Patel,mateo.patel53@synthetic-talent.org,+1 (555) 814-2900,Machine Learning Engineer,6,Senior,Bachelor,B.Tech in Computer Science and Engineering,IIT Bombay,"FastAPI, Machine Learning, Large Language Models, Kubernetes, Jira, Git, Python","Mateo Patel
mateo.patel53@synthetic-talent.org | +1 (555) 814-2900 | Location: New York, NY

PROFESSIONAL SUMMARY
Results-driven Machine Learning Engineer with 6 years of industry experience specializing in FastAPI, Machine Learning, Large Language Models, Kubernetes. Proven background building scalable solutions, collaborating across agile teams, and driving measurable engineering impact.

TECHNICAL SKILLS
FastAPI, Machine Learning, Large Language Models, Kubernetes, Jira, Git, Python

PROFESSIONAL EXPERIENCE
Senior Machine Learning Engineer | Wayfair (2022 - Present)
- Designed and deployed enterprise-grade systems utilizing FastAPI and Machine Learning, improving throughput by 44%.
- Collaborated with engineering stakeholders to optimize data pipelines and system reliability using Large Language Models.
- Reduced system downtime and latency by 11% through proactive monitoring and automated CI/CD workflows.

Senior Machine Learning Engineer | Apple (2019 - 2022)
- Designed and deployed enterprise-grade systems utilizing FastAPI and Machine Learning, improving throughput by 16%.
- Collaborated with engineering stakeholders to optimize data pipelines and system reliability using Large Language Models.
- Reduced system downtime and latency by 14% through proactive monitoring and automated CI/CD workflows.

EDUCATION
B.Tech in Computer Science and Engineering, IIT Bombay (Graduated 2019)
","FastAPI, Machine Learning, Large Language Models, Kubernetes, Jira, Git, Python"
RES-0125,James Anderson,james.anderson75@synthetic-talent.org,+1 (555) 771-2381,Data Engineer,1,Junior,Master,M.S. in Computer Science,UC Berkeley,"Terraform, REST APIs, Spark, Docker, PostgreSQL, SQL, Snowflake, Kafka, Unit Testing, Airflow","James Anderson
james.anderson75@synthetic-talent.org | +1 (555) 771-2381 | Location: New York, NY

PROFESSIONAL SUMMARY
Results-driven Data Engineer with 1 years of industry experience specializing in Terraform, REST APIs, Spark, Docker. Proven background building scalable solutions, collaborating across agile teams, and driving measurable engineering impact.

TECHNICAL SKILLS
Terraform, REST APIs, Spark, Docker, PostgreSQL, SQL, Snowflake, Kafka, Unit Testing, Airflow

PROFESSIONAL EXPERIENCE
Data Engineer | Square / Block (2024 - Present)
- Designed and deployed enterprise-grade systems utilizing Terraform and REST APIs, improving throughput by 23%.
- Collaborated with engineering stakeholders to optimize data pipelines and system reliability using Spark.
- Reduced system downtime and latency by 11% through proactive monitoring and automated CI/CD workflows.

EDUCATION
M.S. in Computer Science, UC Berkeley (Graduated 2024)
","Terraform, REST APIs, Spark, Docker, PostgreSQL, SQL, Snowflake, Kafka, Unit Testing, Airflow"
RES-0126,Jordan Kim,jordan.kim26@synthetic-talent.org,+1 (555) 219-1244,Backend Engineer,1,Junior,Bachelor,B.S. in Electrical and Computer Engineering,Delhi Technological University,"AWS, Node.js, System Design, Java, Go, Docker, PostgreSQL, Linux, Code Review, Redis, Python, CI/CD","Jordan Kim
jordan.kim26@synthetic-talent.org | +1 (555) 219-1244 | Location: New York, NY

PROFESSIONAL SUMMARY
Results-driven Backend Engineer with 1 years of industry experience specializing in AWS, Node.js, System Design, Java. Proven background building scalable solutions, collaborating across agile teams, and driving measurable engineering impact.

TECHNICAL SKILLS
AWS, Node.js, System Design, Java, Go, Docker, PostgreSQL, Linux, Code Review, Redis, Python, CI/CD

PROFESSIONAL EXPERIENCE
Backend Engineer | DoorDash (2024 - Present)
- Designed and deployed enterprise-grade systems utilizing AWS and Node.js, improving throughput by 26%.
- Collaborated with engineering stakeholders to optimize data pipelines and system reliability using System Design.
- Reduced system downtime and latency by 29% through proactive monitoring and automated CI/CD workflows.

EDUCATION
B.S. in Electrical and Computer Engineering, Delhi Technological University (Graduated 2024)
","AWS, Node.js, System Design, Java, Go, Docker, PostgreSQL, Linux, Code Review, Redis, Python, CI/CD"
RES-0127,Emily Chen,emily.chen11@synthetic-talent.org,+1 (555) 364-1943,Data Scientist,15,Lead/Staff,Bachelor,B.S. in Electrical and Computer Engineering,UT Austin,"AWS, PyTorch, Unit Testing, Deep Learning, BigQuery, REST APIs, Docker, NLP, Python, Scikit-Learn, Pandas","Emily Chen
emily.chen11@synthetic-talent.org | +1 (555) 364-1943 | Location: New York, NY

PROFESSIONAL SUMMARY
Results-driven Data Scientist with 15 years of industry experience specializing in AWS, PyTorch, Unit Testing, Deep Learning. Proven background building scalable solutions, collaborating across agile teams, and driving measurable engineering impact.

TECHNICAL SKILLS
AWS, PyTorch, Unit Testing, Deep Learning, BigQuery, REST APIs, Docker, NLP, Python, Scikit-Learn, Pandas

PROFESSIONAL EXPERIENCE
Senior Data Scientist | Adobe (2021 - Present)
- Designed and deployed enterprise-grade systems utilizing AWS and PyTorch, improving throughput by 16%.
- Collaborated with engineering stakeholders to optimize data pipelines and system reliability using Unit Testing.
- Reduced system downtime and latency by 24% through proactive monitoring and automated CI/CD workflows.

Senior Data Scientist | Uber (2017 - 2021)
- Designed and deployed enterprise-grade systems utilizing AWS and PyTorch, improving throughput by 17%.
- Collaborated with engineering stakeholders to optimize data pipelines and system reliability using Unit Testing.
- Reduced system downtime and latency by 18% through proactive monitoring and automated CI/CD workflows.

Senior Data Scientist | Workday (2015 - 2017)
- Designed and deployed enterprise-grade systems utilizing AWS and PyTorch, improving throughput by 37%.
- Collaborated with engineering stakeholders to optimize data pipelines and system reliability using Unit Testing.
- Reduced system downtime and latency by 21% through proactive monitoring and automated CI/CD workflows.

Senior Data Scientist | Intel (2012 - 2015)
- Designed and deployed enterprise-grade systems utilizing AWS and PyTorch, improving throughput by 29%.
- Collaborated with engineering stakeholders to optimize data pipelines and system reliability using Unit Testing.
- Reduced system downtime and latency by 25% through proactive monitoring and automated CI/CD workflows.

Senior Data Scientist | Netflix (2010 - 2012)
- Designed and deployed enterprise-grade systems utilizing AWS and PyTorch, improving throughput by 30%.
- Collaborated with engineering stakeholders to optimize data pipelines and system reliability using Unit Testing.
- Reduced system downtime and latency by 17% through proactive monitoring and automated CI/CD workflows.

EDUCATION
B.S. in Electrical and Computer Engineering, UT Austin (Graduated 2010)
","AWS, PyTorch, Unit Testing, Deep Learning, GCP, REST APIs, Docker, NLP, Python, Scikit-Learn, Pandas"
RES-0128,Carlos Tanaka,carlos.tanaka82@synthetic-talent.org,+1 (555) 760-9944,Data Scientist,15,Lead/Staff,Master,M.S. in Computer Science,University of Illinois Urbana-Champaign,"PyTorch, Unit Testing, Deep Learning, NLP, Code Review, Scikit-Learn, Pandas","Carlos Tanaka
carlos.tanaka82@synthetic-talent.org | +1 (555) 760-9944 | Location: New York, NY

PROFESSIONAL SUMMARY
Results-driven Data Scientist with 15 years of industry experience specializing in PyTorch, Unit Testing, Deep Learning, NLP. Proven background building scalable solutions, collaborating across agile teams, and driving measurable engineering impact.

TECHNICAL SKILLS
PyTorch, Unit Testing, Deep Learning, NLP, Code Review, Scikit-Learn, Pandas

PROFESSIONAL EXPERIENCE
Senior Data Scientist | DoorDash (2021 - Present)
- Designed and deployed enterprise-grade systems utilizing PyTorch and Unit Testing, improving throughput by 45%.
- Collaborated with engineering stakeholders to optimize data pipelines and system reliability using Deep Learning.
- Reduced system downtime and latency by 27% through proactive monitoring and automated CI/CD workflows.

Senior Data Scientist | Instacart (2017 - 2021)
- Designed and deployed enterprise-grade systems utilizing PyTorch and Unit Testing, improving throughput by 30%.
- Collaborated with engineering stakeholders to optimize data pipelines and system reliability using Deep Learning.
- Reduced system downtime and latency by 13% through proactive monitoring and automated CI/CD workflows.

Senior Data Scientist | NVIDIA (2015 - 2017)
- Designed and deployed enterprise-grade systems utilizing PyTorch and Unit Testing, improving throughput by 18%.
- Collaborated with engineering stakeholders to optimize data pipelines and system reliability using Deep Learning.
- Reduced system downtime and latency by 25% through proactive monitoring and automated CI/CD workflows.

Senior Data Scientist | CrowdStrike (2013 - 2015)
- Designed and deployed enterprise-grade systems utilizing PyTorch and Unit Testing, improving throughput by 34%.
- Collaborated with engineering stakeholders to optimize data pipelines and system reliability using Deep Learning.
- Reduced system downtime and latency by 20% through proactive monitoring and automated CI/CD workflows.

Senior Data Scientist | ServiceNow (2010 - 2013)
- Designed and deployed enterprise-grade systems utilizing PyTorch and Unit Testing, improving throughput by 42%.
- Collaborated with engineering stakeholders to optimize data pipelines and system reliability using Deep Learning.
- Reduced system downtime and latency by 15% through proactive monitoring and automated CI/CD workflows.

EDUCATION
M.S. in Computer Science, University of Illinois Urbana-Champaign (Graduated 2010)
","PyTorch, Unit Testing, Deep Learning, NLP, Code Review, Scikit-Learn, Pandas"
RES-0129,Rahul Jones,rahul.jones42@synthetic-talent.org,+1 (555) 104-7499,Data Scientist,5,Mid-Level,Bachelor,B.Tech in Computer Science and Engineering,University of Illinois Urbana-Champaign,"PyTorch, Machine Learning, Deep Learning, Jira, Linux, SQL, Python, Scikit-Learn, Pandas","Rahul Jones
rahul.jones42@synthetic-talent.org | +1 (555) 104-7499 | Location: New York, NY

PROFESSIONAL SUMMARY
Results-driven Data Scientist with 5 years of industry experience specializing in PyTorch, Machine Learning, Deep Learning, Jira. Proven background building scalable solutions, collaborating across agile teams, and driving measurable engineering impact.

TECHNICAL SKILLS
PyTorch, Machine Learning, Deep Learning, Jira, Linux, SQL, Python, Scikit-Learn, Pandas

PROFESSIONAL EXPERIENCE
Data Scientist | Meta (2023 - Present)
- Designed and deployed enterprise-grade systems utilizing PyTorch and Machine Learning, improving throughput by 19%.
- Collaborated with engineering stakeholders to optimize data pipelines and system reliability using Deep Learning.
- Reduced system downtime and latency by 25% through proactive monitoring and automated CI/CD workflows.

Data Scientist | Amazon (2020 - 2023)
- Designed and deployed enterprise-grade systems utilizing PyTorch and Machine Learning, improving throughput by 30%.
- Collaborated with engineering stakeholders to optimize data pipelines and system reliability using Deep Learning.
- Reduced system downtime and latency by 15% through proactive monitoring and automated CI/CD workflows.

EDUCATION
B.Tech in Computer Science and Engineering, University of Illinois Urbana-Champaign (Graduated 2020)
","PyTorch, Machine Learning, Deep Learning, Jira, Linux, SQL, Python, Scikit-Learn, Pandas"
RES-0130,Priya Anderson,priya.anderson59@synthetic-talent.org,+1 (555) 800-1285,Cloud & DevOps Engineer,7,Senior,Doctorate,Ph.D. in Computer Science,Cornell University,"AWS, Azure, GCP, Go, Kubernetes, Prometheus, Git, Python, CI/CD, Unit Testing","Priya Anderson
priya.anderson59@synthetic-talent.org | +1 (555) 800-1285 | Location: New York, NY

PROFESSIONAL SUMMARY
Results-driven Cloud & DevOps Engineer with 7 years of industry experience specializing in AWS, Azure, GCP, Go. Proven background building scalable solutions, collaborating across agile teams, and driving measurable engineering impact.

TECHNICAL SKILLS
AWS, Azure, GCP, Go, Kubernetes, Prometheus, Git, Python, CI/CD, Unit Testing

PROFESSIONAL EXPERIENCE
Senior Cloud & DevOps Engineer | Salesforce (2023 - Present)
- Designed and deployed enterprise-grade systems utilizing AWS and Azure, improving throughput by 41%.
- Collaborated with engineering stakeholders to optimize data pipelines and system reliability using GCP.
- Reduced system downtime and latency by 25% through proactive monitoring and automated CI/CD workflows.

Senior Cloud & DevOps Engineer | Netflix (2021 - 2023)
- Designed and deployed enterprise-grade systems utilizing AWS and Azure, improving throughput by 22%.
- Collaborated with engineering stakeholders to optimize data pipelines and system reliability using GCP.
- Reduced system downtime and latency by 15% through proactive monitoring and automated CI/CD workflows.

Senior Cloud & DevOps Engineer | Instacart (2018 - 2021)
- Designed and deployed enterprise-grade systems utilizing AWS and Azure, improving throughput by 42%.
- Collaborated with engineering stakeholders to optimize data pipelines and system reliability using GCP.
- Reduced system downtime and latency by 17% through proactive monitoring and automated CI/CD workflows.

EDUCATION
Ph.D. in Computer Science, Cornell University (Graduated 2018)
","AWS, Azure, GCP, Go, Kubernetes, Prometheus, Git, Python, CI/CD, Unit Testing"
RES-0131,Emma Gupta,emma.gupta62@synthetic-talent.org,+1 (555) 287-7306,Machine Learning Engineer,5,Mid-Level,Bachelor,B.S. in Computer Science,Sharda University,"FastAPI, Machine Learning, GCP, Kubernetes, REST APIs, Docker, Linux, Python, CI/CD","Emma Gupta
emma.gupta62@synthetic-talent.org | +1 (555) 287-7306 | Location: New York, NY

PROFESSIONAL SUMMARY
Results-driven Machine Learning Engineer with 5 years of industry experience specializing in FastAPI, Machine Learning, GCP, Kubernetes. Proven background building scalable solutions, collaborating across agile teams, and driving measurable engineering impact.

TECHNICAL SKILLS
FastAPI, Machine Learning, GCP, Kubernetes, REST APIs, Docker, Linux, Python, CI/CD

PROFESSIONAL EXPERIENCE
Senior Machine Learning Engineer | Databricks (2021 - Present)
- Designed and deployed enterprise-grade systems utilizing FastAPI and Machine Learning, improving throughput by 40%.
- Collaborated with engineering stakeholders to optimize data pipelines and system reliability using GCP.
- Reduced system downtime and latency by 21% through proactive monitoring and automated CI/CD workflows.

Machine Learning Engineer | Apple (2020 - 2021)
- Designed and deployed enterprise-grade systems utilizing FastAPI and Machine Learning, improving throughput by 25%.
- Collaborated with engineering stakeholders to optimize data pipelines and system reliability using GCP.
- Reduced system downtime and latency by 27% through proactive monitoring and automated CI/CD workflows.

EDUCATION
B.S. in Computer Science, Sharda University (Graduated 2020)
","FastAPI, Machine Learning, GCP, Kubernetes, REST APIs, Docker, Linux, Python, CI/CD"
RES-0132,Marcus Chen,marcus.chen90@synthetic-talent.org,+1 (555) 215-5820,Data Scientist,11,Lead/Staff,Doctorate,Ph.D. in Computer Science,Georgia Tech,"Machine Learning, BigQuery, Docker, Git, NLP, Linux, SQL, Python, Scikit-Learn, Pandas","Marcus Chen
marcus.chen90@synthetic-talent.org | +1 (555) 215-5820 | Location: New York, NY

PROFESSIONAL SUMMARY
Results-driven Data Scientist with 11 years of industry experience specializing in Machine Learning, BigQuery, Docker, Git. Proven background building scalable solutions, collaborating across agile teams, and driving measurable engineering impact.

TECHNICAL SKILLS
Machine Learning, BigQuery, Docker, Git, NLP, Linux, SQL, Python, Scikit-Learn, Pandas

PROFESSIONAL EXPERIENCE
Senior Data Scientist | Uber (2023 - Present)
- Designed and deployed enterprise-grade systems utilizing Machine Learning and BigQuery, improving throughput by 44%.
- Collaborated with engineering stakeholders to optimize data pipelines and system reliability using Docker.
- Reduced system downtime and latency by 27% through proactive monitoring and automated CI/CD workflows.

Senior Data Scientist | Workday (2021 - 2023)
- Designed and deployed enterprise-grade systems utilizing Machine Learning and BigQuery, improving throughput by 39%.
- Collaborated with engineering stakeholders to optimize data pipelines and system reliability using Docker.
- Reduced system downtime and latency by 10% through proactive monitoring and automated CI/CD workflows.

Senior Data Scientist | Salesforce (2017 - 2021)
- Designed and deployed enterprise-grade systems utilizing Machine Learning and BigQuery, improving throughput by 18%.
- Collaborated with engineering stakeholders to optimize data pipelines and system reliability using Docker.
- Reduced system downtime and latency by 14% through proactive monitoring and automated CI/CD workflows.

Senior Data Scientist | HubSpot (2015 - 2017)
- Designed and deployed enterprise-grade systems utilizing Machine Learning and BigQuery, improving throughput by 39%.
- Collaborated with engineering stakeholders to optimize data pipelines and system reliability using Docker.
- Reduced system downtime and latency by 22% through proactive monitoring and automated CI/CD workflows.

Senior Data Scientist | Shopify (2014 - 2015)
- Designed and deployed enterprise-grade systems utilizing Machine Learning and BigQuery, improving throughput by 29%.
- Collaborated with engineering stakeholders to optimize data pipelines and system reliability using Docker.
- Reduced system downtime and latency by 19% through proactive monitoring and automated CI/CD workflows.

EDUCATION
Ph.D. in Computer Science, Georgia Tech (Graduated 2014)
","Machine Learning, GCP, Docker, Git, NLP, Linux, SQL, Python, Scikit-Learn, Pandas"
RES-0133,Ananya Gupta,ananya.gupta51@synthetic-talent.org,+1 (555) 612-7824,Cybersecurity Engineer,7,Senior,Bachelor,B.S. in Computer Science,University of Washington,"AWS, Terraform, Go, Jira, Docker, PostgreSQL, Linux, Python, CI/CD","Ananya Gupta
ananya.gupta51@synthetic-talent.org | +1 (555) 612-7824 | Location: New York, NY

PROFESSIONAL SUMMARY
Results-driven Cybersecurity Engineer with 7 years of industry experience specializing in AWS, Terraform, Go, Jira. Proven background building scalable solutions, collaborating across agile teams, and driving measurable engineering impact.

TECHNICAL SKILLS
AWS, Terraform, Go, Jira, Docker, PostgreSQL, Linux, Python, CI/CD

PROFESSIONAL EXPERIENCE
Senior Cybersecurity Engineer | NVIDIA (2021 - Present)
- Designed and deployed enterprise-grade systems utilizing AWS and Terraform, improving throughput by 32%.
- Collaborated with engineering stakeholders to optimize data pipelines and system reliability using Go.
- Reduced system downtime and latency by 14% through proactive monitoring and automated CI/CD workflows.

Senior Cybersecurity Engineer | Square / Block (2018 - 2021)
- Designed and deployed enterprise-grade systems utilizing AWS and Terraform, improving throughput by 30%.
- Collaborated with engineering stakeholders to optimize data pipelines and system reliability using Go.
- Reduced system downtime and latency by 21% through proactive monitoring and automated CI/CD workflows.

EDUCATION
B.S. in Computer Science, University of Washington (Graduated 2018)
","AWS, Terraform, Go, Jira, Docker, PostgreSQL, Linux, Python, CI/CD"
RES-0134,Ananya Smith,ananya.smith41@synthetic-talent.org,+1 (555) 438-7157,Data Engineer,2,Mid-Level,Bachelor,B.S. in Computer Science,UC Berkeley,"Terraform, Jira, Spark, Docker, SQL, Snowflake, Agile, Kafka, Airflow","Ananya Smith
ananya.smith41@synthetic-talent.org | +1 (555) 438-7157 | Location: New York, NY

PROFESSIONAL SUMMARY
Results-driven Data Engineer with 2 years of industry experience specializing in Terraform, Jira, Spark, Docker. Proven background building scalable solutions, collaborating across agile teams, and driving measurable engineering impact.

TECHNICAL SKILLS
Terraform, Jira, Spark, Docker, SQL, Snowflake, Agile, Kafka, Airflow

PROFESSIONAL EXPERIENCE
Data Engineer | Workday (2023 - Present)
- Designed and deployed enterprise-grade systems utilizing Terraform and Jira, improving throughput by 17%.
- Collaborated with engineering stakeholders to optimize data pipelines and system reliability using Spark.
- Reduced system downtime and latency by 12% through proactive monitoring and automated CI/CD workflows.

EDUCATION
B.S. in Computer Science, UC Berkeley (Graduated 2023)
","Terraform, Jira, Spark, Docker, SQL, Snowflake, Agile, Kafka, Airflow"
RES-0135,Rahul Gupta,rahul.gupta86@synthetic-talent.org,+1 (555) 332-4440,Data Engineer,5,Senior,Doctorate,Ph.D. in Computer Science,University of Michigan,"Spark, Linux, SQL, Snowflake, Kafka, Python, Unit Testing, Airflow","Rahul Gupta
rahul.gupta86@synthetic-talent.org | +1 (555) 332-4440 | Location: New York, NY

PROFESSIONAL SUMMARY
Results-driven Data Engineer with 5 years of industry experience specializing in Spark, Linux, SQL, Snowflake. Proven background building scalable solutions, collaborating across agile teams, and driving measurable engineering impact.

TECHNICAL SKILLS
Spark, Linux, SQL, Snowflake, Kafka, Python, Unit Testing, Airflow

PROFESSIONAL EXPERIENCE
Data Engineer | Wayfair (2022 - Present)
- Designed and deployed enterprise-grade systems utilizing Spark and Linux, improving throughput by 40%.
- Collaborated with engineering stakeholders to optimize data pipelines and system reliability using SQL.
- Reduced system downtime and latency by 26% through proactive monitoring and automated CI/CD workflows.

Data Engineer | Spotify (2020 - 2022)
- Designed and deployed enterprise-grade systems utilizing Spark and Linux, improving throughput by 32%.
- Collaborated with engineering stakeholders to optimize data pipelines and system reliability using SQL.
- Reduced system downtime and latency by 29% through proactive monitoring and automated CI/CD workflows.

EDUCATION
Ph.D. in Computer Science, University of Michigan (Graduated 2020)
","Spark, Linux, SQL, Snowflake, Kafka, Python, Unit Testing, Airflow"
RES-0136,Aisha Chen,aisha.chen49@synthetic-talent.org,+1 (555) 761-5419,Data Scientist,2,Mid-Level,Bachelor,B.Tech in Computer Science and Engineering,BITS Pilani,"Unit Testing, Machine Learning, Deep Learning, BigQuery, Git, SQL, Python, Scikit-Learn, Pandas","Aisha Chen
aisha.chen49@synthetic-talent.org | +1 (555) 761-5419 | Location: New York, NY

PROFESSIONAL SUMMARY
Results-driven Data Scientist with 2 years of industry experience specializing in Unit Testing, Machine Learning, Deep Learning, BigQuery. Proven background building scalable solutions, collaborating across agile teams, and driving measurable engineering impact.

TECHNICAL SKILLS
Unit Testing, Machine Learning, Deep Learning, BigQuery, Git, SQL, Python, Scikit-Learn, Pandas

PROFESSIONAL EXPERIENCE
Data Scientist | Spotify (2023 - Present)
- Designed and deployed enterprise-grade systems utilizing Unit Testing and Machine Learning, improving throughput by 40%.
- Collaborated with engineering stakeholders to optimize data pipelines and system reliability using Deep Learning.
- Reduced system downtime and latency by 28% through proactive monitoring and automated CI/CD workflows.

EDUCATION
B.Tech in Computer Science and Engineering, BITS Pilani (Graduated 2023)
","Unit Testing, Machine Learning, Deep Learning, GCP, Git, SQL, Python, Scikit-Learn, Pandas"
RES-0137,Rahul Brown,rahul.brown85@synthetic-talent.org,+1 (555) 602-3814,Data Scientist,4,Mid-Level,Bachelor,B.S. in Computer Science,IIT Bombay,"AWS, Machine Learning, Deep Learning, SQL, Code Review, Agile, Python, Scikit-Learn, Pandas","Rahul Brown
rahul.brown85@synthetic-talent.org | +1 (555) 602-3814 | Location: New York, NY

PROFESSIONAL SUMMARY
Results-driven Data Scientist with 4 years of industry experience specializing in AWS, Machine Learning, Deep Learning, SQL. Proven background building scalable solutions, collaborating across agile teams, and driving measurable engineering impact.

TECHNICAL SKILLS
AWS, Machine Learning, Deep Learning, SQL, Code Review, Agile, Python, Scikit-Learn, Pandas

PROFESSIONAL EXPERIENCE
Data Scientist | Cisco (2023 - Present)
- Designed and deployed enterprise-grade systems utilizing AWS and Machine Learning, improving throughput by 38%.
- Collaborated with engineering stakeholders to optimize data pipelines and system reliability using Deep Learning.
- Reduced system downtime and latency by 30% through proactive monitoring and automated CI/CD workflows.

Data Scientist | Palantir (2021 - 2023)
- Designed and deployed enterprise-grade systems utilizing AWS and Machine Learning, improving throughput by 44%.
- Collaborated with engineering stakeholders to optimize data pipelines and system reliability using Deep Learning.
- Reduced system downtime and latency by 18% through proactive monitoring and automated CI/CD workflows.

EDUCATION
B.S. in Computer Science, IIT Bombay (Graduated 2021)
","AWS, Machine Learning, Deep Learning, SQL, Code Review, Agile, Python, Scikit-Learn, Pandas"
RES-0138,Sofia Smith,sofia.smith22@synthetic-talent.org,+1 (555) 903-5926,Backend Engineer,2,Mid-Level,Doctorate,Ph.D. in Computer Science,MIT,"AWS, Node.js, System Design, FastAPI, Go, Kubernetes, Docker, PostgreSQL, Code Review, Redis, Python, CI/CD, Unit Testing","Sofia Smith
sofia.smith22@synthetic-talent.org | +1 (555) 903-5926 | Location: New York, NY

PROFESSIONAL SUMMARY
Results-driven Backend Engineer with 2 years of industry experience specializing in AWS, Node.js, System Design, FastAPI. Proven background building scalable solutions, collaborating across agile teams, and driving measurable engineering impact.

TECHNICAL SKILLS
AWS, Node.js, System Design, FastAPI, Go, Kubernetes, Docker, PostgreSQL, Code Review, Redis, Python, CI/CD, Unit Testing

PROFESSIONAL EXPERIENCE
Backend Engineer | Meta (2023 - Present)
- Designed and deployed enterprise-grade systems utilizing AWS and Node.js, improving throughput by 29%.
- Collaborated with engineering stakeholders to optimize data pipelines and system reliability using System Design.
- Reduced system downtime and latency by 25% through proactive monitoring and automated CI/CD workflows.

EDUCATION
Ph.D. in Computer Science, MIT (Graduated 2023)
","AWS, Node.js, System Design, FastAPI, Go, Kubernetes, Docker, PostgreSQL, Code Review, Redis, Python, CI/CD, Unit Testing"
RES-0139,Marcus Smith,marcus.smith67@synthetic-talent.org,+1 (555) 578-3091,Frontend Engineer,2,Junior,Master,M.S. in Computer Science,UT Austin,"Node.js, TypeScript, JavaScript, HTML/CSS, Git, React, Agile","Marcus Smith
marcus.smith67@synthetic-talent.org | +1 (555) 578-3091 | Location: New York, NY

PROFESSIONAL SUMMARY
Results-driven Frontend Engineer with 2 years of industry experience specializing in Node.js, TypeScript, JavaScript, HTML/CSS. Proven background building scalable solutions, collaborating across agile teams, and driving measurable engineering impact.

TECHNICAL SKILLS
Node.js, TypeScript, JavaScript, HTML/CSS, Git, React, Agile

PROFESSIONAL EXPERIENCE
Frontend Engineer | Adobe (2023 - Present)
- Designed and deployed enterprise-grade systems utilizing Node.js and TypeScript, improving throughput by 29%.
- Collaborated with engineering stakeholders to optimize data pipelines and system reliability using JavaScript.
- Reduced system downtime and latency by 23% through proactive monitoring and automated CI/CD workflows.

EDUCATION
M.S. in Computer Science, UT Austin (Graduated 2023)
","Node.js, TypeScript, JavaScript, HTML/CSS, Git, React, Agile"
RES-0140,Vikram Wilson,vikram.wilson43@synthetic-talent.org,+1 (555) 285-5100,Machine Learning Engineer,4,Mid-Level,Doctorate,Ph.D. in Computer Science,Cornell University,"FastAPI, PyTorch, AWS, GCP, Large Language Models, Jira, Docker, Transformers, Agile, Kafka, Python, CI/CD","Vikram Wilson
vikram.wilson43@synthetic-talent.org | +1 (555) 285-5100 | Location: New York, NY

PROFESSIONAL SUMMARY
Results-driven Machine Learning Engineer with 4 years of industry experience specializing in FastAPI, PyTorch, AWS, GCP. Proven background building scalable solutions, collaborating across agile teams, and driving measurable engineering impact.

TECHNICAL SKILLS
FastAPI, PyTorch, AWS, GCP, Large Language Models, Jira, Docker, Transformers, Agile, Kafka, Python, CI/CD

PROFESSIONAL EXPERIENCE
Machine Learning Engineer | Square / Block (2022 - Present)
- Designed and deployed enterprise-grade systems utilizing FastAPI and PyTorch, improving throughput by 45%.
- Collaborated with engineering stakeholders to optimize data pipelines and system reliability using AWS.
- Reduced system downtime and latency by 23% through proactive monitoring and automated CI/CD workflows.

Machine Learning Engineer | MongoDB Inc. (2021 - 2022)
- Designed and deployed enterprise-grade systems utilizing FastAPI and PyTorch, improving throughput by 18%.
- Collaborated with engineering stakeholders to optimize data pipelines and system reliability using AWS.
- Reduced system downtime and latency by 16% through proactive monitoring and automated CI/CD workflows.

EDUCATION
Ph.D. in Computer Science, Cornell University (Graduated 2021)
","FastAPI, PyTorch, AWS, GCP, Large Language Models, Jira, Docker, Transformers, Agile, Kafka, Python, CI/CD"
RES-0141,Kavita Jones,kavita.jones54@synthetic-talent.org,+1 (555) 554-8805,Cybersecurity Engineer,4,Mid-Level,Bachelor,B.S. in Electrical and Computer Engineering,IIT Bombay,"Terraform, Go, Kubernetes, Docker, Git, PostgreSQL, Linux, Python, CI/CD, Unit Testing","Kavita Jones
kavita.jones54@synthetic-talent.org | +1 (555) 554-8805 | Location: New York, NY

PROFESSIONAL SUMMARY
Results-driven Cybersecurity Engineer with 4 years of industry experience specializing in Terraform, Go, Kubernetes, Docker. Proven background building scalable solutions, collaborating across agile teams, and driving measurable engineering impact.

TECHNICAL SKILLS
Terraform, Go, Kubernetes, Docker, Git, PostgreSQL, Linux, Python, CI/CD, Unit Testing

PROFESSIONAL EXPERIENCE
Senior Cybersecurity Engineer | Cisco (2021 - Present)
- Designed and deployed enterprise-grade systems utilizing Terraform and Go, improving throughput by 16%.
- Collaborated with engineering stakeholders to optimize data pipelines and system reliability using Kubernetes.
- Reduced system downtime and latency by 29% through proactive monitoring and automated CI/CD workflows.

EDUCATION
B.S. in Electrical and Computer Engineering, IIT Bombay (Graduated 2021)
","Terraform, Go, Kubernetes, Docker, Git, PostgreSQL, Linux, Python, CI/CD, Unit Testing"
RES-0142,Vikram Williams,vikram.williams81@synthetic-talent.org,+1 (555) 525-1041,Cloud & DevOps Engineer,6,Mid-Level,Master,M.S. in Computer Science,BITS Pilani,"AWS, Azure, Terraform, GCP, Go, Kubernetes, Docker, Linux, Agile, CI/CD","Vikram Williams
vikram.williams81@synthetic-talent.org | +1 (555) 525-1041 | Location: New York, NY

PROFESSIONAL SUMMARY
Results-driven Cloud & DevOps Engineer with 6 years of industry experience specializing in AWS, Azure, Terraform, GCP. Proven background building scalable solutions, collaborating across agile teams, and driving measurable engineering impact.

TECHNICAL SKILLS
AWS, Azure, Terraform, GCP, Go, Kubernetes, Docker, Linux, Agile, CI/CD

PROFESSIONAL EXPERIENCE
Senior Cloud & DevOps Engineer | Intel (2023 - Present)
- Designed and deployed enterprise-grade systems utilizing AWS and Azure, improving throughput by 36%.
- Collaborated with engineering stakeholders to optimize data pipelines and system reliability using Terraform.
- Reduced system downtime and latency by 30% through proactive monitoring and automated CI/CD workflows.

Senior Cloud & DevOps Engineer | Cisco (2020 - 2023)
- Designed and deployed enterprise-grade systems utilizing AWS and Azure, improving throughput by 43%.
- Collaborated with engineering stakeholders to optimize data pipelines and system reliability using Terraform.
- Reduced system downtime and latency by 30% through proactive monitoring and automated CI/CD workflows.

Senior Cloud & DevOps Engineer | Adobe (2019 - 2020)
- Designed and deployed enterprise-grade systems utilizing AWS and Azure, improving throughput by 40%.
- Collaborated with engineering stakeholders to optimize data pipelines and system reliability using Terraform.
- Reduced system downtime and latency by 16% through proactive monitoring and automated CI/CD workflows.

EDUCATION
M.S. in Computer Science, BITS Pilani (Graduated 2019)
","AWS, Azure, Terraform, GCP, Go, Kubernetes, Docker, Linux, Agile, CI/CD"
RES-0143,Sarah Chen,sarah.chen35@synthetic-talent.org,+1 (555) 557-8808,Data Scientist,1,Junior,Bachelor,B.S. in Electrical and Computer Engineering,Delhi Technological University,"Machine Learning, Git, NLP, Linux, Python, Scikit-Learn, Pandas","Sarah Chen
sarah.chen35@synthetic-talent.org | +1 (555) 557-8808 | Location: New York, NY

PROFESSIONAL SUMMARY
Results-driven Data Scientist with 1 years of industry experience specializing in Machine Learning, Git, NLP, Linux. Proven background building scalable solutions, collaborating across agile teams, and driving measurable engineering impact.

TECHNICAL SKILLS
Machine Learning, Git, NLP, Linux, Python, Scikit-Learn, Pandas

PROFESSIONAL EXPERIENCE
Data Scientist | Netflix (2024 - Present)
- Designed and deployed enterprise-grade systems utilizing Machine Learning and Git, improving throughput by 21%.
- Collaborated with engineering stakeholders to optimize data pipelines and system reliability using NLP.
- Reduced system downtime and latency by 26% through proactive monitoring and automated CI/CD workflows.

EDUCATION
B.S. in Electrical and Computer Engineering, Delhi Technological University (Graduated 2024)
","Machine Learning, Git, NLP, Linux, Python, Scikit-Learn, Pandas"
RES-0144,Ananya Jones,ananya.jones62@synthetic-talent.org,+1 (555) 265-4129,Data Engineer,0,Junior,Master,M.S. in Machine Learning and Data Science,UT Austin,"AWS, Terraform, GCP, Spark, Git, PostgreSQL, Linux, SQL, Snowflake, Kafka, Python, Airflow","Ananya Jones
ananya.jones62@synthetic-talent.org | +1 (555) 265-4129 | Location: New York, NY

PROFESSIONAL SUMMARY
Results-driven Data Engineer with 0 years of industry experience specializing in AWS, Terraform, GCP, Spark. Proven background building scalable solutions, collaborating across agile teams, and driving measurable engineering impact.

TECHNICAL SKILLS
AWS, Terraform, GCP, Spark, Git, PostgreSQL, Linux, SQL, Snowflake, Kafka, Python, Airflow

PROFESSIONAL EXPERIENCE
Software Engineering Intern | Square / Block (Summer 2024)
- Developed automated test suites and backend features with AWS.
- Collaborated in daily standups and contributed to production pull requests.

EDUCATION
M.S. in Machine Learning and Data Science, UT Austin (Graduated 2025)
","AWS, Terraform, GCP, Spark, Git, PostgreSQL, Linux, SQL, Snowflake, Kafka, Python, Airflow"
RES-0145,Sofia Chen,sofia.chen24@synthetic-talent.org,+1 (555) 537-4321,Frontend Engineer,0,Junior,Master,M.S. in Computer Science,UC Berkeley,"Node.js, GraphQL, JavaScript, Next.js, React, Code Review, Agile, CI/CD","Sofia Chen
sofia.chen24@synthetic-talent.org | +1 (555) 537-4321 | Location: New York, NY

PROFESSIONAL SUMMARY
Results-driven Frontend Engineer with 0 years of industry experience specializing in Node.js, GraphQL, JavaScript, Next.js. Proven background building scalable solutions, collaborating across agile teams, and driving measurable engineering impact.

TECHNICAL SKILLS
Node.js, GraphQL, JavaScript, Next.js, React, Code Review, Agile, CI/CD

PROFESSIONAL EXPERIENCE
Software Engineering Intern | Airbnb (Summer 2024)
- Developed automated test suites and backend features with Node.js.
- Collaborated in daily standups and contributed to production pull requests.

EDUCATION
M.S. in Computer Science, UC Berkeley (Graduated 2025)
","Node.js, GraphQL, JavaScript, Next.js, React, Code Review, Agile, CI/CD"
RES-0146,Elena Davis,elena.davis72@synthetic-talent.org,+1 (555) 123-5730,Machine Learning Engineer,9,Lead/Staff,Bachelor,B.Tech in Computer Science and Engineering,University of Illinois Urbana-Champaign,"PyTorch, AWS, Machine Learning, Large Language Models, Kubernetes, Jira, Docker, Transformers, Code Review, Kafka, Python, CI/CD","Elena Davis
elena.davis72@synthetic-talent.org | +1 (555) 123-5730 | Location: New York, NY

PROFESSIONAL SUMMARY
Results-driven Machine Learning Engineer with 9 years of industry experience specializing in PyTorch, AWS, Machine Learning, Large Language Models. Proven background building scalable solutions, collaborating across agile teams, and driving measurable engineering impact.

TECHNICAL SKILLS
PyTorch, AWS, Machine Learning, Large Language Models, Kubernetes, Jira, Docker, Transformers, Code Review, Kafka, Python, CI/CD

PROFESSIONAL EXPERIENCE
Senior Machine Learning Engineer | Oracle (2023 - Present)
- Designed and deployed enterprise-grade systems utilizing PyTorch and AWS, improving throughput by 38%.
- Collaborated with engineering stakeholders to optimize data pipelines and system reliability using Machine Learning.
- Reduced system downtime and latency by 18% through proactive monitoring and automated CI/CD workflows.

Senior Machine Learning Engineer | Stripe (2019 - 2023)
- Designed and deployed enterprise-grade systems utilizing PyTorch and AWS, improving throughput by 31%.
- Collaborated with engineering stakeholders to optimize data pipelines and system reliability using Machine Learning.
- Reduced system downtime and latency by 23% through proactive monitoring and automated CI/CD workflows.

Senior Machine Learning Engineer | Microsoft (2016 - 2019)
- Designed and deployed enterprise-grade systems utilizing PyTorch and AWS, improving throughput by 16%.
- Collaborated with engineering stakeholders to optimize data pipelines and system reliability using Machine Learning.
- Reduced system downtime and latency by 11% through proactive monitoring and automated CI/CD workflows.

EDUCATION
B.Tech in Computer Science and Engineering, University of Illinois Urbana-Champaign (Graduated 2016)
","PyTorch, AWS, Machine Learning, Large Language Models, Kubernetes, Jira, Docker, Transformers, Code Review, Kafka, Python, CI/CD"
RES-0147,Jordan Kim,jordan.kim99@synthetic-talent.org,+1 (555) 102-8268,Data Scientist,1,Junior,Master,M.S. in Computer Science,UT Austin,"AWS, BigQuery, Jira, Git, NLP, Python, Scikit-Learn, Pandas","Jordan Kim
jordan.kim99@synthetic-talent.org | +1 (555) 102-8268 | Location: New York, NY

PROFESSIONAL SUMMARY
Results-driven Data Scientist with 1 years of industry experience specializing in AWS, BigQuery, Jira, Git. Proven background building scalable solutions, collaborating across agile teams, and driving measurable engineering impact.

TECHNICAL SKILLS
AWS, BigQuery, Jira, Git, NLP, Python, Scikit-Learn, Pandas

PROFESSIONAL EXPERIENCE
Data Scientist | Palo Alto Networks (2024 - Present)
- Designed and deployed enterprise-grade systems utilizing AWS and BigQuery, improving throughput by 17%.
- Collaborated with engineering stakeholders to optimize data pipelines and system reliability using Jira.
- Reduced system downtime and latency by 23% through proactive monitoring and automated CI/CD workflows.

EDUCATION
M.S. in Computer Science, UT Austin (Graduated 2024)
","AWS, GCP, Jira, Git, NLP, Python, Scikit-Learn, Pandas"
RES-0148,Mateo Kim,mateo.kim37@synthetic-talent.org,+1 (555) 847-1433,Backend Engineer,2,Mid-Level,Master,M.S. in Machine Learning and Data Science,Carnegie Mellon University,"AWS, Node.js, System Design, FastAPI, Go, Kubernetes, Docker, PostgreSQL, Code Review, Redis, Kafka, Unit Testing","Mateo Kim
mateo.kim37@synthetic-talent.org | +1 (555) 847-1433 | Location: New York, NY

PROFESSIONAL SUMMARY
Results-driven Backend Engineer with 2 years of industry experience specializing in AWS, Node.js, System Design, FastAPI. Proven background building scalable solutions, collaborating across agile teams, and driving measurable engineering impact.

TECHNICAL SKILLS
AWS, Node.js, System Design, FastAPI, Go, Kubernetes, Docker, PostgreSQL, Code Review, Redis, Kafka, Unit Testing

PROFESSIONAL EXPERIENCE
Backend Engineer | Netflix (2023 - Present)
- Designed and deployed enterprise-grade systems utilizing AWS and Node.js, improving throughput by 35%.
- Collaborated with engineering stakeholders to optimize data pipelines and system reliability using System Design.
- Reduced system downtime and latency by 28% through proactive monitoring and automated CI/CD workflows.

EDUCATION
M.S. in Machine Learning and Data Science, Carnegie Mellon University (Graduated 2023)
","AWS, Node.js, System Design, FastAPI, Go, Kubernetes, Docker, PostgreSQL, Code Review, Redis, Kafka, Unit Testing"
RES-0149,Alex Miller,alex.miller67@synthetic-talent.org,+1 (555) 892-8101,Data Scientist,8,Senior,Master,M.S. in Machine Learning and Data Science,MIT,"PyTorch, Deep Learning, BigQuery, Docker, Git, SQL, Agile, Python, Scikit-Learn","Alex Miller
alex.miller67@synthetic-talent.org | +1 (555) 892-8101 | Location: New York, NY

PROFESSIONAL SUMMARY
Results-driven Data Scientist with 8 years of industry experience specializing in PyTorch, Deep Learning, BigQuery, Docker. Proven background building scalable solutions, collaborating across agile teams, and driving measurable engineering impact.

TECHNICAL SKILLS
PyTorch, Deep Learning, BigQuery, Docker, Git, SQL, Agile, Python, Scikit-Learn

PROFESSIONAL EXPERIENCE
Senior Data Scientist | Coinbase (2021 - Present)
- Designed and deployed enterprise-grade systems utilizing PyTorch and Deep Learning, improving throughput by 19%.
- Collaborated with engineering stakeholders to optimize data pipelines and system reliability using BigQuery.
- Reduced system downtime and latency by 23% through proactive monitoring and automated CI/CD workflows.

Senior Data Scientist | Shopify (2017 - 2021)
- Designed and deployed enterprise-grade systems utilizing PyTorch and Deep Learning, improving throughput by 45%.
- Collaborated with engineering stakeholders to optimize data pipelines and system reliability using BigQuery.
- Reduced system downtime and latency by 14% through proactive monitoring and automated CI/CD workflows.

EDUCATION
M.S. in Machine Learning and Data Science, MIT (Graduated 2017)
","PyTorch, Deep Learning, GCP, Docker, Git, SQL, Agile, Python, Scikit-Learn"
RES-0150,Emma Miller,emma.miller74@synthetic-talent.org,+1 (555) 899-2039,Cybersecurity Engineer,11,Lead/Staff,Bachelor,B.S. in Electrical and Computer Engineering,Georgia Tech,"AWS, Terraform, Jira, Docker, Linux, Python, CI/CD","Emma Miller
emma.miller74@synthetic-talent.org | +1 (555) 899-2039 | Location: New York, NY

PROFESSIONAL SUMMARY
Results-driven Cybersecurity Engineer with 11 years of industry experience specializing in AWS, Terraform, Jira, Docker. Proven background building scalable solutions, collaborating across agile teams, and driving measurable engineering impact.

TECHNICAL SKILLS
AWS, Terraform, Jira, Docker, Linux, Python, CI/CD

PROFESSIONAL EXPERIENCE
Senior Cybersecurity Engineer | Cloudflare (2021 - Present)
- Designed and deployed enterprise-grade systems utilizing AWS and Terraform, improving throughput by 30%.
- Collaborated with engineering stakeholders to optimize data pipelines and system reliability using Jira.
- Reduced system downtime and latency by 22% through proactive monitoring and automated CI/CD workflows.

Senior Cybersecurity Engineer | Instacart (2019 - 2021)
- Designed and deployed enterprise-grade systems utilizing AWS and Terraform, improving throughput by 36%.
- Collaborated with engineering stakeholders to optimize data pipelines and system reliability using Jira.
- Reduced system downtime and latency by 29% through proactive monitoring and automated CI/CD workflows.

Senior Cybersecurity Engineer | Lyft (2015 - 2019)
- Designed and deployed enterprise-grade systems utilizing AWS and Terraform, improving throughput by 33%.
- Collaborated with engineering stakeholders to optimize data pipelines and system reliability using Jira.
- Reduced system downtime and latency by 21% through proactive monitoring and automated CI/CD workflows.

Senior Cybersecurity Engineer | NVIDIA (2014 - 2015)
- Designed and deployed enterprise-grade systems utilizing AWS and Terraform, improving throughput by 35%.
- Collaborated with engineering stakeholders to optimize data pipelines and system reliability using Jira.
- Reduced system downtime and latency by 27% through proactive monitoring and automated CI/CD workflows.

EDUCATION
B.S. in Electrical and Computer Engineering, Georgia Tech (Graduated 2014)
","AWS, Terraform, Jira, Docker, Linux, Python, CI/CD"
RES-0151,Mateo Anderson,mateo.anderson37@synthetic-talent.org,+1 (555) 738-6863,Full Stack Engineer,0,Junior,Master,M.S. in Machine Learning and Data Science,IIT Bombay,"AWS, Node.js, FastAPI, TypeScript, GraphQL, Jira, Docker, PostgreSQL, React, Linux, Redis, Python, CI/CD","Mateo Anderson
mateo.anderson37@synthetic-talent.org | +1 (555) 738-6863 | Location: New York, NY

PROFESSIONAL SUMMARY
Results-driven Full Stack Engineer with 0 years of industry experience specializing in AWS, Node.js, FastAPI, TypeScript. Proven background building scalable solutions, collaborating across agile teams, and driving measurable engineering impact.

TECHNICAL SKILLS
AWS, Node.js, FastAPI, TypeScript, GraphQL, Jira, Docker, PostgreSQL, React, Linux, Redis, Python, CI/CD

PROFESSIONAL EXPERIENCE
Software Engineering Intern | DoorDash (Summer 2024)
- Developed automated test suites and backend features with AWS.
- Collaborated in daily standups and contributed to production pull requests.

EDUCATION
M.S. in Machine Learning and Data Science, IIT Bombay (Graduated 2025)
","AWS, Node.js, FastAPI, TypeScript, GraphQL, Jira, Docker, PostgreSQL, React, Linux, Redis, Python, CI/CD"
RES-0152,Sofia Wilson,sofia.wilson21@synthetic-talent.org,+1 (555) 542-8042,Cloud & DevOps Engineer,16,Lead/Staff,Bachelor,B.Tech in Computer Science and Engineering,UT Austin,"Azure, Terraform, GCP, Go, Kubernetes, Docker, Prometheus, Git, Linux, Python, CI/CD, Unit Testing","Sofia Wilson
sofia.wilson21@synthetic-talent.org | +1 (555) 542-8042 | Location: New York, NY

PROFESSIONAL SUMMARY
Results-driven Cloud & DevOps Engineer with 16 years of industry experience specializing in Azure, Terraform, GCP, Go. Proven background building scalable solutions, collaborating across agile teams, and driving measurable engineering impact.

TECHNICAL SKILLS
Azure, Terraform, GCP, Go, Kubernetes, Docker, Prometheus, Git, Linux, Python, CI/CD, Unit Testing

PROFESSIONAL EXPERIENCE
Senior Cloud & DevOps Engineer | Splunk (2021 - Present)
- Designed and deployed enterprise-grade systems utilizing Azure and Terraform, improving throughput by 25%.
- Collaborated with engineering stakeholders to optimize data pipelines and system reliability using GCP.
- Reduced system downtime and latency by 20% through proactive monitoring and automated CI/CD workflows.

Senior Cloud & DevOps Engineer | Databricks (2017 - 2021)
- Designed and deployed enterprise-grade systems utilizing Azure and Terraform, improving throughput by 40%.
- Collaborated with engineering stakeholders to optimize data pipelines and system reliability using GCP.
- Reduced system downtime and latency by 18% through proactive monitoring and automated CI/CD workflows.

Senior Cloud & DevOps Engineer | Google (2015 - 2017)
- Designed and deployed enterprise-grade systems utilizing Azure and Terraform, improving throughput by 38%.
- Collaborated with engineering stakeholders to optimize data pipelines and system reliability using GCP.
- Reduced system downtime and latency by 19% through proactive monitoring and automated CI/CD workflows.

Senior Cloud & DevOps Engineer | Uber (2013 - 2015)
- Designed and deployed enterprise-grade systems utilizing Azure and Terraform, improving throughput by 18%.
- Collaborated with engineering stakeholders to optimize data pipelines and system reliability using GCP.
- Reduced system downtime and latency by 18% through proactive monitoring and automated CI/CD workflows.

Senior Cloud & DevOps Engineer | Salesforce (2011 - 2013)
- Designed and deployed enterprise-grade systems utilizing Azure and Terraform, improving throughput by 16%.
- Collaborated with engineering stakeholders to optimize data pipelines and system reliability using GCP.
- Reduced system downtime and latency by 14% through proactive monitoring and automated CI/CD workflows.

Senior Cloud & DevOps Engineer | HubSpot (2009 - 2011)
- Designed and deployed enterprise-grade systems utilizing Azure and Terraform, improving throughput by 40%.
- Collaborated with engineering stakeholders to optimize data pipelines and system reliability using GCP.
- Reduced system downtime and latency by 16% through proactive monitoring and automated CI/CD workflows.

EDUCATION
B.Tech in Computer Science and Engineering, UT Austin (Graduated 2009)
","Azure, Terraform, GCP, Go, Kubernetes, Docker, Prometheus, Git, Linux, Python, CI/CD, Unit Testing"
RES-0153,David Chen,david.chen23@synthetic-talent.org,+1 (555) 668-7461,Data Engineer,1,Junior,Bachelor,B.S. in Electrical and Computer Engineering,Delhi Technological University,"GCP, REST APIs, Spark, Docker, PostgreSQL, Linux, SQL, Kafka, Python","David Chen
david.chen23@synthetic-talent.org | +1 (555) 668-7461 | Location: New York, NY

PROFESSIONAL SUMMARY
Results-driven Data Engineer with 1 years of industry experience specializing in GCP, REST APIs, Spark, Docker. Proven background building scalable solutions, collaborating across agile teams, and driving measurable engineering impact.

TECHNICAL SKILLS
GCP, REST APIs, Spark, Docker, PostgreSQL, Linux, SQL, Kafka, Python

PROFESSIONAL EXPERIENCE
Data Engineer | Wayfair (2024 - Present)
- Designed and deployed enterprise-grade systems utilizing GCP and REST APIs, improving throughput by 38%.
- Collaborated with engineering stakeholders to optimize data pipelines and system reliability using Spark.
- Reduced system downtime and latency by 19% through proactive monitoring and automated CI/CD workflows.

EDUCATION
B.S. in Electrical and Computer Engineering, Delhi Technological University (Graduated 2024)
","GCP, REST APIs, Spark, Docker, PostgreSQL, Linux, SQL, Kafka, Python"
RES-0154,Emily Sharma,emily.sharma24@synthetic-talent.org,+1 (555) 103-7061,Full Stack Engineer,1,Junior,Bachelor,B.S. in Electrical and Computer Engineering,UC Berkeley,"AWS, Node.js, Git, PostgreSQL, Python, Unit Testing","Emily Sharma
emily.sharma24@synthetic-talent.org | +1 (555) 103-7061 | Location: New York, NY

PROFESSIONAL SUMMARY
Results-driven Full Stack Engineer with 1 years of industry experience specializing in AWS, Node.js, Git, PostgreSQL. Proven background building scalable solutions, collaborating across agile teams, and driving measurable engineering impact.

TECHNICAL SKILLS
AWS, Node.js, Git, PostgreSQL, Python, Unit Testing

PROFESSIONAL EXPERIENCE
Full Stack Engineer | Cloudflare (2024 - Present)
- Designed and deployed enterprise-grade systems utilizing AWS and Node.js, improving throughput by 35%.
- Collaborated with engineering stakeholders to optimize data pipelines and system reliability using Git.
- Reduced system downtime and latency by 17% through proactive monitoring and automated CI/CD workflows.

EDUCATION
B.S. in Electrical and Computer Engineering, UC Berkeley (Graduated 2024)
","AWS, Node.js, Git, PostgreSQL, Python, Unit Testing"
RES-0155,Zoe Davis,zoe.davis89@synthetic-talent.org,+1 (555) 471-7513,Full Stack Engineer,5,Mid-Level,Master,M.S. in Machine Learning and Data Science,BITS Pilani,"AWS, Node.js, FastAPI, TypeScript, GraphQL, PostgreSQL, Linux, Redis, CI/CD, Unit Testing","Zoe Davis
zoe.davis89@synthetic-talent.org | +1 (555) 471-7513 | Location: New York, NY

PROFESSIONAL SUMMARY
Results-driven Full Stack Engineer with 5 years of industry experience specializing in AWS, Node.js, FastAPI, TypeScript. Proven background building scalable solutions, collaborating across agile teams, and driving measurable engineering impact.

TECHNICAL SKILLS
AWS, Node.js, FastAPI, TypeScript, GraphQL, PostgreSQL, Linux, Redis, CI/CD, Unit Testing

PROFESSIONAL EXPERIENCE
Senior Full Stack Engineer | Palantir (2021 - Present)
- Designed and deployed enterprise-grade systems utilizing AWS and Node.js, improving throughput by 16%.
- Collaborated with engineering stakeholders to optimize data pipelines and system reliability using FastAPI.
- Reduced system downtime and latency by 13% through proactive monitoring and automated CI/CD workflows.

Full Stack Engineer | Shopify (2020 - 2021)
- Designed and deployed enterprise-grade systems utilizing AWS and Node.js, improving throughput by 29%.
- Collaborated with engineering stakeholders to optimize data pipelines and system reliability using FastAPI.
- Reduced system downtime and latency by 12% through proactive monitoring and automated CI/CD workflows.

EDUCATION
M.S. in Machine Learning and Data Science, BITS Pilani (Graduated 2020)
","AWS, Node.js, FastAPI, TypeScript, GraphQL, PostgreSQL, Linux, Redis, CI/CD, Unit Testing"
RES-0156,Kavita Chen,kavita.chen77@synthetic-talent.org,+1 (555) 630-3512,Backend Engineer,8,Senior,Bachelor,B.S. in Computer Science,UT Austin,"AWS, Node.js, System Design, Java, Go, Kubernetes, Docker, PostgreSQL, Linux, Redis, Python, CI/CD, Unit Testing","Kavita Chen
kavita.chen77@synthetic-talent.org | +1 (555) 630-3512 | Location: New York, NY

PROFESSIONAL SUMMARY
Results-driven Backend Engineer with 8 years of industry experience specializing in AWS, Node.js, System Design, Java. Proven background building scalable solutions, collaborating across agile teams, and driving measurable engineering impact.

TECHNICAL SKILLS
AWS, Node.js, System Design, Java, Go, Kubernetes, Docker, PostgreSQL, Linux, Redis, Python, CI/CD, Unit Testing

PROFESSIONAL EXPERIENCE
Senior Backend Engineer | Google (2023 - Present)
- Designed and deployed enterprise-grade systems utilizing AWS and Node.js, improving throughput by 17%.
- Collaborated with engineering stakeholders to optimize data pipelines and system reliability using System Design.
- Reduced system downtime and latency by 12% through proactive monitoring and automated CI/CD workflows.

Senior Backend Engineer | Netflix (2021 - 2023)
- Designed and deployed enterprise-grade systems utilizing AWS and Node.js, improving throughput by 34%.
- Collaborated with engineering stakeholders to optimize data pipelines and system reliability using System Design.
- Reduced system downtime and latency by 13% through proactive monitoring and automated CI/CD workflows.

Senior Backend Engineer | Meta (2017 - 2021)
- Designed and deployed enterprise-grade systems utilizing AWS and Node.js, improving throughput by 19%.
- Collaborated with engineering stakeholders to optimize data pipelines and system reliability using System Design.
- Reduced system downtime and latency by 17% through proactive monitoring and automated CI/CD workflows.

EDUCATION
B.S. in Computer Science, UT Austin (Graduated 2017)
","AWS, Node.js, System Design, Java, Go, Kubernetes, Docker, PostgreSQL, Linux, Redis, Python, CI/CD, Unit Testing"
RES-0157,James Chen,james.chen82@synthetic-talent.org,+1 (555) 702-4959,Cloud & DevOps Engineer,4,Mid-Level,Doctorate,Ph.D. in Computer Science,Carnegie Mellon University,"Azure, Terraform, GCP, Go, Kubernetes, REST APIs, Docker, Prometheus, Git, Linux, Python, CI/CD","James Chen
james.chen82@synthetic-talent.org | +1 (555) 702-4959 | Location: New York, NY

PROFESSIONAL SUMMARY
Results-driven Cloud & DevOps Engineer with 4 years of industry experience specializing in Azure, Terraform, GCP, Go. Proven background building scalable solutions, collaborating across agile teams, and driving measurable engineering impact.

TECHNICAL SKILLS
Azure, Terraform, GCP, Go, Kubernetes, REST APIs, Docker, Prometheus, Git, Linux, Python, CI/CD

PROFESSIONAL EXPERIENCE
Senior Cloud & DevOps Engineer | Reddit (2021 - Present)
- Designed and deployed enterprise-grade systems utilizing Azure and Terraform, improving throughput by 18%.
- Collaborated with engineering stakeholders to optimize data pipelines and system reliability using GCP.
- Reduced system downtime and latency by 15% through proactive monitoring and automated CI/CD workflows.

EDUCATION
Ph.D. in Computer Science, Carnegie Mellon University (Graduated 2021)
","Azure, Terraform, GCP, Go, Kubernetes, REST APIs, Docker, Prometheus, Git, Linux, Python, CI/CD"
RES-0158,Priya Miller,priya.miller33@synthetic-talent.org,+1 (555) 641-8468,Frontend Engineer,4,Mid-Level,Bachelor,B.S. in Computer Science,Delhi Technological University,"Node.js, TypeScript, JavaScript, HTML/CSS, Next.js, React, Code Review, Unit Testing","Priya Miller
priya.miller33@synthetic-talent.org | +1 (555) 641-8468 | Location: New York, NY

PROFESSIONAL SUMMARY
Results-driven Frontend Engineer with 4 years of industry experience specializing in Node.js, TypeScript, JavaScript, HTML/CSS. Proven background building scalable solutions, collaborating across agile teams, and driving measurable engineering impact.

TECHNICAL SKILLS
Node.js, TypeScript, JavaScript, HTML/CSS, Next.js, React, Code Review, Unit Testing

PROFESSIONAL EXPERIENCE
Senior Frontend Engineer | NVIDIA (2021 - Present)
- Designed and deployed enterprise-grade systems utilizing Node.js and TypeScript, improving throughput by 42%.
- Collaborated with engineering stakeholders to optimize data pipelines and system reliability using JavaScript.
- Reduced system downtime and latency by 25% through proactive monitoring and automated CI/CD workflows.

EDUCATION
B.S. in Computer Science, Delhi Technological University (Graduated 2021)
","Node.js, TypeScript, JavaScript, HTML/CSS, Next.js, React, Code Review, Unit Testing"
RES-0159,Daniel Patel,daniel.patel10@synthetic-talent.org,+1 (555) 129-5230,Machine Learning Engineer,5,Senior,Bachelor,B.S. in Electrical and Computer Engineering,University of Washington,"FastAPI, PyTorch, Machine Learning, AWS, Kubernetes, Jira, Docker, Transformers, Python, CI/CD, Unit Testing","Daniel Patel
daniel.patel10@synthetic-talent.org | +1 (555) 129-5230 | Location: New York, NY

PROFESSIONAL SUMMARY
Results-driven Machine Learning Engineer with 5 years of industry experience specializing in FastAPI, PyTorch, Machine Learning, AWS. Proven background building scalable solutions, collaborating across agile teams, and driving measurable engineering impact.

TECHNICAL SKILLS
FastAPI, PyTorch, Machine Learning, AWS, Kubernetes, Jira, Docker, Transformers, Python, CI/CD, Unit Testing

PROFESSIONAL EXPERIENCE
Machine Learning Engineer | Cloudflare (2023 - Present)
- Designed and deployed enterprise-grade systems utilizing FastAPI and PyTorch, improving throughput by 29%.
- Collaborated with engineering stakeholders to optimize data pipelines and system reliability using Machine Learning.
- Reduced system downtime and latency by 15% through proactive monitoring and automated CI/CD workflows.

Machine Learning Engineer | Databricks (2020 - 2023)
- Designed and deployed enterprise-grade systems utilizing FastAPI and PyTorch, improving throughput by 36%.
- Collaborated with engineering stakeholders to optimize data pipelines and system reliability using Machine Learning.
- Reduced system downtime and latency by 16% through proactive monitoring and automated CI/CD workflows.

EDUCATION
B.S. in Electrical and Computer Engineering, University of Washington (Graduated 2020)
","FastAPI, PyTorch, Machine Learning, AWS, Kubernetes, Jira, Docker, Transformers, Python, CI/CD, Unit Testing"
RES-0160,Arjun Wilson,arjun.wilson95@synthetic-talent.org,+1 (555) 670-9143,Cybersecurity Engineer,8,Senior,Bachelor,B.Tech in Computer Science and Engineering,Carnegie Mellon University,"Terraform, Go, Kubernetes, Jira, PostgreSQL, Linux, Python, CI/CD","Arjun Wilson
arjun.wilson95@synthetic-talent.org | +1 (555) 670-9143 | Location: New York, NY

PROFESSIONAL SUMMARY
Results-driven Cybersecurity Engineer with 8 years of industry experience specializing in Terraform, Go, Kubernetes, Jira. Proven background building scalable solutions, collaborating across agile teams, and driving measurable engineering impact.

TECHNICAL SKILLS
Terraform, Go, Kubernetes, Jira, PostgreSQL, Linux, Python, CI/CD

PROFESSIONAL EXPERIENCE
Senior Cybersecurity Engineer | DoorDash (2023 - Present)
- Designed and deployed enterprise-grade systems utilizing Terraform and Go, improving throughput by 25%.
- Collaborated with engineering stakeholders to optimize data pipelines and system reliability using Kubernetes.
- Reduced system downtime and latency by 28% through proactive monitoring and automated CI/CD workflows.

Senior Cybersecurity Engineer | Cisco (2020 - 2023)
- Designed and deployed enterprise-grade systems utilizing Terraform and Go, improving throughput by 42%.
- Collaborated with engineering stakeholders to optimize data pipelines and system reliability using Kubernetes.
- Reduced system downtime and latency by 30% through proactive monitoring and automated CI/CD workflows.

Senior Cybersecurity Engineer | Spotify (2017 - 2020)
- Designed and deployed enterprise-grade systems utilizing Terraform and Go, improving throughput by 19%.
- Collaborated with engineering stakeholders to optimize data pipelines and system reliability using Kubernetes.
- Reduced system downtime and latency by 20% through proactive monitoring and automated CI/CD workflows.

EDUCATION
B.Tech in Computer Science and Engineering, Carnegie Mellon University (Graduated 2017)
","Terraform, Go, Kubernetes, Jira, PostgreSQL, Linux, Python, CI/CD"
RES-0161,David Garcia,david.garcia22@synthetic-talent.org,+1 (555) 676-7081,Backend Engineer,4,Mid-Level,Master,M.S. in Machine Learning and Data Science,Delhi Technological University,"FastAPI, AWS, Kubernetes, Docker, Git, PostgreSQL, Linux, Kafka, Python, CI/CD","David Garcia
david.garcia22@synthetic-talent.org | +1 (555) 676-7081 | Location: New York, NY

PROFESSIONAL SUMMARY
Results-driven Backend Engineer with 4 years of industry experience specializing in FastAPI, AWS, Kubernetes, Docker. Proven background building scalable solutions, collaborating across agile teams, and driving measurable engineering impact.

TECHNICAL SKILLS
FastAPI, AWS, Kubernetes, Docker, Git, PostgreSQL, Linux, Kafka, Python, CI/CD

PROFESSIONAL EXPERIENCE
Senior Backend Engineer | Shopify (2021 - Present)
- Designed and deployed enterprise-grade systems utilizing FastAPI and AWS, improving throughput by 25%.
- Collaborated with engineering stakeholders to optimize data pipelines and system reliability using Kubernetes.
- Reduced system downtime and latency by 30% through proactive monitoring and automated CI/CD workflows.

EDUCATION
M.S. in Machine Learning and Data Science, Delhi Technological University (Graduated 2021)
","FastAPI, AWS, Kubernetes, Docker, Git, PostgreSQL, Linux, Kafka, Python, CI/CD"
RES-0162,Chen Kim,chen.kim12@synthetic-talent.org,+1 (555) 395-8361,Data Scientist,4,Mid-Level,Master,M.S. in Computer Science,Stanford University,"AWS, BigQuery, Jira, Docker, NLP, SQL, Agile, Python, Scikit-Learn, Pandas","Chen Kim
chen.kim12@synthetic-talent.org | +1 (555) 395-8361 | Location: New York, NY

PROFESSIONAL SUMMARY
Results-driven Data Scientist with 4 years of industry experience specializing in AWS, BigQuery, Jira, Docker. Proven background building scalable solutions, collaborating across agile teams, and driving measurable engineering impact.

TECHNICAL SKILLS
AWS, BigQuery, Jira, Docker, NLP, SQL, Agile, Python, Scikit-Learn, Pandas

PROFESSIONAL EXPERIENCE
Senior Data Scientist | CrowdStrike (2021 - Present)
- Designed and deployed enterprise-grade systems utilizing AWS and BigQuery, improving throughput by 20%.
- Collaborated with engineering stakeholders to optimize data pipelines and system reliability using Jira.
- Reduced system downtime and latency by 10% through proactive monitoring and automated CI/CD workflows.

EDUCATION
M.S. in Computer Science, Stanford University (Graduated 2021)
","AWS, GCP, Jira, Docker, NLP, SQL, Agile, Python, Scikit-Learn, Pandas"
RES-0163,David Jones,david.jones30@synthetic-talent.org,+1 (555) 800-2097,Cybersecurity Engineer,3,Mid-Level,Master,M.S. in Machine Learning and Data Science,Georgia Tech,"Go, Linux, Python, CI/CD, Unit Testing","David Jones
david.jones30@synthetic-talent.org | +1 (555) 800-2097 | Location: New York, NY

PROFESSIONAL SUMMARY
Results-driven Cybersecurity Engineer with 3 years of industry experience specializing in Go, Linux, Python, CI/CD. Proven background building scalable solutions, collaborating across agile teams, and driving measurable engineering impact.

TECHNICAL SKILLS
Go, Linux, Python, CI/CD, Unit Testing

PROFESSIONAL EXPERIENCE
Cybersecurity Engineer | Pinterest (2022 - Present)
- Designed and deployed enterprise-grade systems utilizing Go and Linux, improving throughput by 29%.
- Collaborated with engineering stakeholders to optimize data pipelines and system reliability using Python.
- Reduced system downtime and latency by 17% through proactive monitoring and automated CI/CD workflows.

EDUCATION
M.S. in Machine Learning and Data Science, Georgia Tech (Graduated 2022)
","Go, Linux, Python, CI/CD, Unit Testing"
RES-0164,Sarah Miller,sarah.miller33@synthetic-talent.org,+1 (555) 436-3024,Cloud & DevOps Engineer,6,Senior,Doctorate,Ph.D. in Computer Science,UT Austin,"Go, Kubernetes, Jira, Docker, Linux, Agile","Sarah Miller
sarah.miller33@synthetic-talent.org | +1 (555) 436-3024 | Location: New York, NY

PROFESSIONAL SUMMARY
Results-driven Cloud & DevOps Engineer with 6 years of industry experience specializing in Go, Kubernetes, Jira, Docker. Proven background building scalable solutions, collaborating across agile teams, and driving measurable engineering impact.

TECHNICAL SKILLS
Go, Kubernetes, Jira, Docker, Linux, Agile

PROFESSIONAL EXPERIENCE
Senior Cloud & DevOps Engineer | Amazon (2021 - Present)
- Designed and deployed enterprise-grade systems utilizing Go and Kubernetes, improving throughput by 44%.
- Collaborated with engineering stakeholders to optimize data pipelines and system reliability using Jira.
- Reduced system downtime and latency by 11% through proactive monitoring and automated CI/CD workflows.

Senior Cloud & DevOps Engineer | Twilio (2019 - 2021)
- Designed and deployed enterprise-grade systems utilizing Go and Kubernetes, improving throughput by 20%.
- Collaborated with engineering stakeholders to optimize data pipelines and system reliability using Jira.
- Reduced system downtime and latency by 13% through proactive monitoring and automated CI/CD workflows.

EDUCATION
Ph.D. in Computer Science, UT Austin (Graduated 2019)
","Go, Kubernetes, Jira, Docker, Linux, Agile"
RES-0165,Kavita Garcia,kavita.garcia73@synthetic-talent.org,+1 (555) 649-3694,Data Engineer,4,Mid-Level,Bachelor,B.S. in Computer Science,BITS Pilani,"AWS, GCP, Terraform, Spark, Docker, Linux, SQL, Kafka, Unit Testing, Airflow","Kavita Garcia
kavita.garcia73@synthetic-talent.org | +1 (555) 649-3694 | Location: New York, NY

PROFESSIONAL SUMMARY
Results-driven Data Engineer with 4 years of industry experience specializing in AWS, GCP, Terraform, Spark. Proven background building scalable solutions, collaborating across agile teams, and driving measurable engineering impact.

TECHNICAL SKILLS
AWS, GCP, Terraform, Spark, Docker, Linux, SQL, Kafka, Unit Testing, Airflow

PROFESSIONAL EXPERIENCE
Senior Data Engineer | MongoDB Inc. (2021 - Present)
- Designed and deployed enterprise-grade systems utilizing AWS and GCP, improving throughput by 21%.
- Collaborated with engineering stakeholders to optimize data pipelines and system reliability using Terraform.
- Reduced system downtime and latency by 28% through proactive monitoring and automated CI/CD workflows.

EDUCATION
B.S. in Computer Science, BITS Pilani (Graduated 2021)
","AWS, GCP, Terraform, Spark, Docker, Linux, SQL, Kafka, Unit Testing, Airflow"
RES-0166,Daniel Johnson,daniel.johnson70@synthetic-talent.org,+1 (555) 167-8599,Data Scientist,0,Junior,Bachelor,B.Tech in Computer Science and Engineering,Stanford University,"AWS, PyTorch, Machine Learning, Deep Learning, BigQuery, Docker, Git, NLP, SQL, Code Review, Pandas","Daniel Johnson
daniel.johnson70@synthetic-talent.org | +1 (555) 167-8599 | Location: New York, NY

PROFESSIONAL SUMMARY
Results-driven Data Scientist with 0 years of industry experience specializing in AWS, PyTorch, Machine Learning, Deep Learning. Proven background building scalable solutions, collaborating across agile teams, and driving measurable engineering impact.

TECHNICAL SKILLS
AWS, PyTorch, Machine Learning, Deep Learning, BigQuery, Docker, Git, NLP, SQL, Code Review, Pandas

PROFESSIONAL EXPERIENCE
Software Engineering Intern | Lyft (Summer 2024)
- Developed automated test suites and backend features with AWS.
- Collaborated in daily standups and contributed to production pull requests.

EDUCATION
B.Tech in Computer Science and Engineering, Stanford University (Graduated 2025)
","AWS, PyTorch, Machine Learning, Deep Learning, GCP, Docker, Git, NLP, SQL, Code Review, Pandas"
RES-0167,Emma Tanaka,emma.tanaka49@synthetic-talent.org,+1 (555) 981-2343,Frontend Engineer,5,Mid-Level,Doctorate,Ph.D. in Computer Science,University of Michigan,"TypeScript, JavaScript, Docker, HTML/CSS, Next.js, Git, Agile","Emma Tanaka
emma.tanaka49@synthetic-talent.org | +1 (555) 981-2343 | Location: New York, NY

PROFESSIONAL SUMMARY
Results-driven Frontend Engineer with 5 years of industry experience specializing in TypeScript, JavaScript, Docker, HTML/CSS. Proven background building scalable solutions, collaborating across agile teams, and driving measurable engineering impact.

TECHNICAL SKILLS
TypeScript, JavaScript, Docker, HTML/CSS, Next.js, Git, Agile

PROFESSIONAL EXPERIENCE
Senior Frontend Engineer | Coinbase (2021 - Present)
- Designed and deployed enterprise-grade systems utilizing TypeScript and JavaScript, improving throughput by 23%.
- Collaborated with engineering stakeholders to optimize data pipelines and system reliability using Docker.
- Reduced system downtime and latency by 29% through proactive monitoring and automated CI/CD workflows.

Frontend Engineer | Palo Alto Networks (2020 - 2021)
- Designed and deployed enterprise-grade systems utilizing TypeScript and JavaScript, improving throughput by 29%.
- Collaborated with engineering stakeholders to optimize data pipelines and system reliability using Docker.
- Reduced system downtime and latency by 15% through proactive monitoring and automated CI/CD workflows.

EDUCATION
Ph.D. in Computer Science, University of Michigan (Graduated 2020)
","TypeScript, JavaScript, Docker, HTML/CSS, Next.js, Git, Agile"
RES-0168,Liam Jones,liam.jones95@synthetic-talent.org,+1 (555) 136-3995,Cloud & DevOps Engineer,0,Junior,Doctorate,Ph.D. in Computer Science,Stanford University,"AWS, Go, Kubernetes, REST APIs, Docker, Linux, Unit Testing","Liam Jones
liam.jones95@synthetic-talent.org | +1 (555) 136-3995 | Location: New York, NY

PROFESSIONAL SUMMARY
Results-driven Cloud & DevOps Engineer with 0 years of industry experience specializing in AWS, Go, Kubernetes, REST APIs. Proven background building scalable solutions, collaborating across agile teams, and driving measurable engineering impact.

TECHNICAL SKILLS
AWS, Go, Kubernetes, REST APIs, Docker, Linux, Unit Testing

PROFESSIONAL EXPERIENCE
Software Engineering Intern | Shopify (Summer 2024)
- Developed automated test suites and backend features with AWS.
- Collaborated in daily standups and contributed to production pull requests.

EDUCATION
Ph.D. in Computer Science, Stanford University (Graduated 2025)
","AWS, Go, Kubernetes, REST APIs, Docker, Linux, Unit Testing"
RES-0169,Elena Miller,elena.miller93@synthetic-talent.org,+1 (555) 498-4291,Backend Engineer,4,Mid-Level,Bachelor,B.S. in Computer Science,Stanford University,"FastAPI, AWS, System Design, Java, Go, Kubernetes, PostgreSQL, Code Review, Agile, Redis, Kafka, Python, CI/CD","Elena Miller
elena.miller93@synthetic-talent.org | +1 (555) 498-4291 | Location: New York, NY

PROFESSIONAL SUMMARY
Results-driven Backend Engineer with 4 years of industry experience specializing in FastAPI, AWS, System Design, Java. Proven background building scalable solutions, collaborating across agile teams, and driving measurable engineering impact.

TECHNICAL SKILLS
FastAPI, AWS, System Design, Java, Go, Kubernetes, PostgreSQL, Code Review, Agile, Redis, Kafka, Python, CI/CD

PROFESSIONAL EXPERIENCE
Senior Backend Engineer | Microsoft (2021 - Present)
- Designed and deployed enterprise-grade systems utilizing FastAPI and AWS, improving throughput by 43%.
- Collaborated with engineering stakeholders to optimize data pipelines and system reliability using System Design.
- Reduced system downtime and latency by 29% through proactive monitoring and automated CI/CD workflows.

EDUCATION
B.S. in Computer Science, Stanford University (Graduated 2021)
","FastAPI, AWS, System Design, Java, Go, Kubernetes, PostgreSQL, Code Review, Agile, Redis, Kafka, Python, CI/CD"
RES-0170,Mateo Vance,mateo.vance38@synthetic-talent.org,+1 (555) 282-3060,Backend Engineer,3,Mid-Level,Bachelor,B.S. in Computer Science,BITS Pilani,"AWS, FastAPI, System Design, Node.js, Java, Go, Kubernetes, REST APIs, Docker, Git, PostgreSQL, Kafka, Python, CI/CD","Mateo Vance
mateo.vance38@synthetic-talent.org | +1 (555) 282-3060 | Location: New York, NY

PROFESSIONAL SUMMARY
Results-driven Backend Engineer with 3 years of industry experience specializing in AWS, FastAPI, System Design, Node.js. Proven background building scalable solutions, collaborating across agile teams, and driving measurable engineering impact.

TECHNICAL SKILLS
AWS, FastAPI, System Design, Node.js, Java, Go, Kubernetes, REST APIs, Docker, Git, PostgreSQL, Kafka, Python, CI/CD

PROFESSIONAL EXPERIENCE
Backend Engineer | Atlassian (2022 - Present)
- Designed and deployed enterprise-grade systems utilizing AWS and FastAPI, improving throughput by 27%.
- Collaborated with engineering stakeholders to optimize data pipelines and system reliability using System Design.
- Reduced system downtime and latency by 19% through proactive monitoring and automated CI/CD workflows.

EDUCATION
B.S. in Computer Science, BITS Pilani (Graduated 2022)
","AWS, FastAPI, System Design, Node.js, Java, Go, Kubernetes, REST APIs, Docker, Git, PostgreSQL, Kafka, Python, CI/CD"
RES-0171,Chloe Rodriguez,chloe.rodriguez55@synthetic-talent.org,+1 (555) 175-1433,Backend Engineer,5,Senior,Doctorate,Ph.D. in Computer Science,Delhi Technological University,"AWS, Node.js, FastAPI, Java, Kubernetes, Jira, PostgreSQL, Agile, Redis, Kafka, CI/CD","Chloe Rodriguez
chloe.rodriguez55@synthetic-talent.org | +1 (555) 175-1433 | Location: New York, NY

PROFESSIONAL SUMMARY
Results-driven Backend Engineer with 5 years of industry experience specializing in AWS, Node.js, FastAPI, Java. Proven background building scalable solutions, collaborating across agile teams, and driving measurable engineering impact.

TECHNICAL SKILLS
AWS, Node.js, FastAPI, Java, Kubernetes, Jira, PostgreSQL, Agile, Redis, Kafka, CI/CD

PROFESSIONAL EXPERIENCE
Senior Backend Engineer | Stripe (2021 - Present)
- Designed and deployed enterprise-grade systems utilizing AWS and Node.js, improving throughput by 42%.
- Collaborated with engineering stakeholders to optimize data pipelines and system reliability using FastAPI.
- Reduced system downtime and latency by 10% through proactive monitoring and automated CI/CD workflows.

Backend Engineer | Salesforce (2020 - 2021)
- Designed and deployed enterprise-grade systems utilizing AWS and Node.js, improving throughput by 32%.
- Collaborated with engineering stakeholders to optimize data pipelines and system reliability using FastAPI.
- Reduced system downtime and latency by 19% through proactive monitoring and automated CI/CD workflows.

EDUCATION
Ph.D. in Computer Science, Delhi Technological University (Graduated 2020)
","AWS, Node.js, FastAPI, Java, Kubernetes, Jira, PostgreSQL, Agile, Redis, Kafka, CI/CD"
RES-0172,Jordan Vance,jordan.vance91@synthetic-talent.org,+1 (555) 467-5141,Machine Learning Engineer,2,Mid-Level,Master,M.S. in Computer Science,Carnegie Mellon University,"PyTorch, AWS, FastAPI, Transformers, Git, Linux, CI/CD","Jordan Vance
jordan.vance91@synthetic-talent.org | +1 (555) 467-5141 | Location: New York, NY

PROFESSIONAL SUMMARY
Results-driven Machine Learning Engineer with 2 years of industry experience specializing in PyTorch, AWS, FastAPI, Transformers. Proven background building scalable solutions, collaborating across agile teams, and driving measurable engineering impact.

TECHNICAL SKILLS
PyTorch, AWS, FastAPI, Transformers, Git, Linux, CI/CD

PROFESSIONAL EXPERIENCE
Machine Learning Engineer | Microsoft (2023 - Present)
- Designed and deployed enterprise-grade systems utilizing PyTorch and AWS, improving throughput by 40%.
- Collaborated with engineering stakeholders to optimize data pipelines and system reliability using FastAPI.
- Reduced system downtime and latency by 14% through proactive monitoring and automated CI/CD workflows.

EDUCATION
M.S. in Computer Science, Carnegie Mellon University (Graduated 2023)
","PyTorch, AWS, FastAPI, Transformers, Git, Linux, CI/CD"
RES-0173,Marcus Brown,marcus.brown78@synthetic-talent.org,+1 (555) 559-6774,Backend Engineer,2,Junior,Master,M.S. in Computer Science,University of Illinois Urbana-Champaign,"FastAPI, AWS, System Design, Node.js, Java, Go, Kubernetes, REST APIs, Docker, PostgreSQL, Code Review, Redis, Kafka, Python, CI/CD","Marcus Brown
marcus.brown78@synthetic-talent.org | +1 (555) 559-6774 | Location: New York, NY

PROFESSIONAL SUMMARY
Results-driven Backend Engineer with 2 years of industry experience specializing in FastAPI, AWS, System Design, Node.js. Proven background building scalable solutions, collaborating across agile teams, and driving measurable engineering impact.

TECHNICAL SKILLS
FastAPI, AWS, System Design, Node.js, Java, Go, Kubernetes, REST APIs, Docker, PostgreSQL, Code Review, Redis, Kafka, Python, CI/CD

PROFESSIONAL EXPERIENCE
Backend Engineer | Oracle (2023 - Present)
- Designed and deployed enterprise-grade systems utilizing FastAPI and AWS, improving throughput by 22%.
- Collaborated with engineering stakeholders to optimize data pipelines and system reliability using System Design.
- Reduced system downtime and latency by 22% through proactive monitoring and automated CI/CD workflows.

EDUCATION
M.S. in Computer Science, University of Illinois Urbana-Champaign (Graduated 2023)
","FastAPI, AWS, System Design, Node.js, Java, Go, Kubernetes, REST APIs, Docker, PostgreSQL, Code Review, Redis, Kafka, Python, CI/CD"
RES-0174,Jordan Sharma,jordan.sharma11@synthetic-talent.org,+1 (555) 288-2100,Frontend Engineer,5,Mid-Level,Bachelor,B.S. in Computer Science,IIT Bombay,"TypeScript, GraphQL, REST APIs, JavaScript, HTML/CSS, Next.js, React, Code Review, CI/CD","Jordan Sharma
jordan.sharma11@synthetic-talent.org | +1 (555) 288-2100 | Location: New York, NY

PROFESSIONAL SUMMARY
Results-driven Frontend Engineer with 5 years of industry experience specializing in TypeScript, GraphQL, REST APIs, JavaScript. Proven background building scalable solutions, collaborating across agile teams, and driving measurable engineering impact.

TECHNICAL SKILLS
TypeScript, GraphQL, REST APIs, JavaScript, HTML/CSS, Next.js, React, Code Review, CI/CD

PROFESSIONAL EXPERIENCE
Frontend Engineer | Snowflake (2023 - Present)
- Designed and deployed enterprise-grade systems utilizing TypeScript and GraphQL, improving throughput by 37%.
- Collaborated with engineering stakeholders to optimize data pipelines and system reliability using REST APIs.
- Reduced system downtime and latency by 24% through proactive monitoring and automated CI/CD workflows.

Frontend Engineer | DoorDash (2020 - 2023)
- Designed and deployed enterprise-grade systems utilizing TypeScript and GraphQL, improving throughput by 41%.
- Collaborated with engineering stakeholders to optimize data pipelines and system reliability using REST APIs.
- Reduced system downtime and latency by 25% through proactive monitoring and automated CI/CD workflows.

EDUCATION
B.S. in Computer Science, IIT Bombay (Graduated 2020)
","TypeScript, GraphQL, REST APIs, JavaScript, HTML/CSS, Next.js, React, Code Review, CI/CD"
RES-0175,Marcus Smith,marcus.smith17@synthetic-talent.org,+1 (555) 135-9642,Cloud & DevOps Engineer,5,Mid-Level,Bachelor,B.S. in Computer Science,MIT,"AWS, Azure, Kubernetes, Prometheus, Linux, CI/CD, Unit Testing","Marcus Smith
marcus.smith17@synthetic-talent.org | +1 (555) 135-9642 | Location: New York, NY

PROFESSIONAL SUMMARY
Results-driven Cloud & DevOps Engineer with 5 years of industry experience specializing in AWS, Azure, Kubernetes, Prometheus. Proven background building scalable solutions, collaborating across agile teams, and driving measurable engineering impact.

TECHNICAL SKILLS
AWS, Azure, Kubernetes, Prometheus, Linux, CI/CD, Unit Testing

PROFESSIONAL EXPERIENCE
Cloud & DevOps Engineer | Adobe (2022 - Present)
- Designed and deployed enterprise-grade systems utilizing AWS and Azure, improving throughput by 25%.
- Collaborated with engineering stakeholders to optimize data pipelines and system reliability using Kubernetes.
- Reduced system downtime and latency by 10% through proactive monitoring and automated CI/CD workflows.

Cloud & DevOps Engineer | ServiceNow (2020 - 2022)
- Designed and deployed enterprise-grade systems utilizing AWS and Azure, improving throughput by 20%.
- Collaborated with engineering stakeholders to optimize data pipelines and system reliability using Kubernetes.
- Reduced system downtime and latency by 30% through proactive monitoring and automated CI/CD workflows.

EDUCATION
B.S. in Computer Science, MIT (Graduated 2020)
","AWS, Azure, Kubernetes, Prometheus, Linux, CI/CD, Unit Testing"
RES-0176,Marcus Rostova,marcus.rostova53@synthetic-talent.org,+1 (555) 770-3940,Frontend Engineer,6,Senior,Master,M.S. in Computer Science,UT Austin,"Node.js, TypeScript, GraphQL, Docker, Next.js, React, Linux, Code Review","Marcus Rostova
marcus.rostova53@synthetic-talent.org | +1 (555) 770-3940 | Location: New York, NY

PROFESSIONAL SUMMARY
Results-driven Frontend Engineer with 6 years of industry experience specializing in Node.js, TypeScript, GraphQL, Docker. Proven background building scalable solutions, collaborating across agile teams, and driving measurable engineering impact.

TECHNICAL SKILLS
Node.js, TypeScript, GraphQL, Docker, Next.js, React, Linux, Code Review

PROFESSIONAL EXPERIENCE
Senior Frontend Engineer | Cisco (2021 - Present)
- Designed and deployed enterprise-grade systems utilizing Node.js and TypeScript, improving throughput by 24%.
- Collaborated with engineering stakeholders to optimize data pipelines and system reliability using GraphQL.
- Reduced system downtime and latency by 13% through proactive monitoring and automated CI/CD workflows.

Senior Frontend Engineer | Wayfair (2019 - 2021)
- Designed and deployed enterprise-grade systems utilizing Node.js and TypeScript, improving throughput by 16%.
- Collaborated with engineering stakeholders to optimize data pipelines and system reliability using GraphQL.
- Reduced system downtime and latency by 11% through proactive monitoring and automated CI/CD workflows.

EDUCATION
M.S. in Computer Science, UT Austin (Graduated 2019)
","Node.js, TypeScript, GraphQL, Docker, Next.js, React, Linux, Code Review"
RES-0177,Alex Chen,alex.chen79@synthetic-talent.org,+1 (555) 194-5707,Frontend Engineer,2,Mid-Level,Doctorate,Ph.D. in Computer Science,University of Michigan,"Node.js, TypeScript, GraphQL, JavaScript, Jira, HTML/CSS, Next.js, React, Code Review","Alex Chen
alex.chen79@synthetic-talent.org | +1 (555) 194-5707 | Location: New York, NY

PROFESSIONAL SUMMARY
Results-driven Frontend Engineer with 2 years of industry experience specializing in Node.js, TypeScript, GraphQL, JavaScript. Proven background building scalable solutions, collaborating across agile teams, and driving measurable engineering impact.

TECHNICAL SKILLS
Node.js, TypeScript, GraphQL, JavaScript, Jira, HTML/CSS, Next.js, React, Code Review

PROFESSIONAL EXPERIENCE
Frontend Engineer | Uber (2023 - Present)
- Designed and deployed enterprise-grade systems utilizing Node.js and TypeScript, improving throughput by 26%.
- Collaborated with engineering stakeholders to optimize data pipelines and system reliability using GraphQL.
- Reduced system downtime and latency by 17% through proactive monitoring and automated CI/CD workflows.

EDUCATION
Ph.D. in Computer Science, University of Michigan (Graduated 2023)
","Node.js, TypeScript, GraphQL, JavaScript, Jira, HTML/CSS, Next.js, React, Code Review"
RES-0178,Alex Garcia,alex.garcia43@synthetic-talent.org,+1 (555) 476-3609,Full Stack Engineer,4,Mid-Level,Bachelor,B.S. in Electrical and Computer Engineering,UT Austin,"AWS, FastAPI, TypeScript, GraphQL, Git, PostgreSQL, Redis, Python, CI/CD, Unit Testing","Alex Garcia
alex.garcia43@synthetic-talent.org | +1 (555) 476-3609 | Location: New York, NY

PROFESSIONAL SUMMARY
Results-driven Full Stack Engineer with 4 years of industry experience specializing in AWS, FastAPI, TypeScript, GraphQL. Proven background building scalable solutions, collaborating across agile teams, and driving measurable engineering impact.

TECHNICAL SKILLS
AWS, FastAPI, TypeScript, GraphQL, Git, PostgreSQL, Redis, Python, CI/CD, Unit Testing

PROFESSIONAL EXPERIENCE
Full Stack Engineer | Meta (2023 - Present)
- Designed and deployed enterprise-grade systems utilizing AWS and FastAPI, improving throughput by 28%.
- Collaborated with engineering stakeholders to optimize data pipelines and system reliability using TypeScript.
- Reduced system downtime and latency by 23% through proactive monitoring and automated CI/CD workflows.

Full Stack Engineer | Snowflake (2021 - 2023)
- Designed and deployed enterprise-grade systems utilizing AWS and FastAPI, improving throughput by 19%.
- Collaborated with engineering stakeholders to optimize data pipelines and system reliability using TypeScript.
- Reduced system downtime and latency by 13% through proactive monitoring and automated CI/CD workflows.

EDUCATION
B.S. in Electrical and Computer Engineering, UT Austin (Graduated 2021)
","AWS, FastAPI, TypeScript, GraphQL, Git, PostgreSQL, Redis, Python, CI/CD, Unit Testing"
RES-0179,Mateo Kim,mateo.kim86@synthetic-talent.org,+1 (555) 965-6948,Data Scientist,15,Lead/Staff,Bachelor,B.S. in Computer Science,University of Washington,"PyTorch, Unit Testing, Machine Learning, Deep Learning, BigQuery, REST APIs, Docker, NLP, SQL, Python, Scikit-Learn, Pandas","Mateo Kim
mateo.kim86@synthetic-talent.org | +1 (555) 965-6948 | Location: New York, NY

PROFESSIONAL SUMMARY
Results-driven Data Scientist with 15 years of industry experience specializing in PyTorch, Unit Testing, Machine Learning, Deep Learning. Proven background building scalable solutions, collaborating across agile teams, and driving measurable engineering impact.

TECHNICAL SKILLS
PyTorch, Unit Testing, Machine Learning, Deep Learning, BigQuery, REST APIs, Docker, NLP, SQL, Python, Scikit-Learn, Pandas

PROFESSIONAL EXPERIENCE
Senior Data Scientist | Spotify (2021 - Present)
- Designed and deployed enterprise-grade systems utilizing PyTorch and Unit Testing, improving throughput by 17%.
- Collaborated with engineering stakeholders to optimize data pipelines and system reliability using Machine Learning.
- Reduced system downtime and latency by 19% through proactive monitoring and automated CI/CD workflows.

Senior Data Scientist | Adobe (2017 - 2021)
- Designed and deployed enterprise-grade systems utilizing PyTorch and Unit Testing, improving throughput by 18%.
- Collaborated with engineering stakeholders to optimize data pipelines and system reliability using Machine Learning.
- Reduced system downtime and latency by 22% through proactive monitoring and automated CI/CD workflows.

Senior Data Scientist | Robinhood (2014 - 2017)
- Designed and deployed enterprise-grade systems utilizing PyTorch and Unit Testing, improving throughput by 19%.
- Collaborated with engineering stakeholders to optimize data pipelines and system reliability using Machine Learning.
- Reduced system downtime and latency by 16% through proactive monitoring and automated CI/CD workflows.

Senior Data Scientist | Intel (2012 - 2014)
- Designed and deployed enterprise-grade systems utilizing PyTorch and Unit Testing, improving throughput by 39%.
- Collaborated with engineering stakeholders to optimize data pipelines and system reliability using Machine Learning.
- Reduced system downtime and latency by 22% through proactive monitoring and automated CI/CD workflows.

Senior Data Scientist | Atlassian (2010 - 2012)
- Designed and deployed enterprise-grade systems utilizing PyTorch and Unit Testing, improving throughput by 44%.
- Collaborated with engineering stakeholders to optimize data pipelines and system reliability using Machine Learning.
- Reduced system downtime and latency by 28% through proactive monitoring and automated CI/CD workflows.

EDUCATION
B.S. in Computer Science, University of Washington (Graduated 2010)
","PyTorch, Unit Testing, Machine Learning, Deep Learning, GCP, REST APIs, Docker, NLP, SQL, Python, Scikit-Learn, Pandas"
RES-0180,Kavita Anderson,kavita.anderson35@synthetic-talent.org,+1 (555) 691-6440,Cloud & DevOps Engineer,4,Mid-Level,Bachelor,B.S. in Electrical and Computer Engineering,UC Berkeley,"Terraform, Go, Kubernetes, Prometheus, Linux, Agile, Python, CI/CD","Kavita Anderson
kavita.anderson35@synthetic-talent.org | +1 (555) 691-6440 | Location: New York, NY

PROFESSIONAL SUMMARY
Results-driven Cloud & DevOps Engineer with 4 years of industry experience specializing in Terraform, Go, Kubernetes, Prometheus. Proven background building scalable solutions, collaborating across agile teams, and driving measurable engineering impact.

TECHNICAL SKILLS
Terraform, Go, Kubernetes, Prometheus, Linux, Agile, Python, CI/CD

PROFESSIONAL EXPERIENCE
Cloud & DevOps Engineer | Zscaler (2023 - Present)
- Designed and deployed enterprise-grade systems utilizing Terraform and Go, improving throughput by 34%.
- Collaborated with engineering stakeholders to optimize data pipelines and system reliability using Kubernetes.
- Reduced system downtime and latency by 13% through proactive monitoring and automated CI/CD workflows.

Cloud & DevOps Engineer | Workday (2021 - 2023)
- Designed and deployed enterprise-grade systems utilizing Terraform and Go, improving throughput by 44%.
- Collaborated with engineering stakeholders to optimize data pipelines and system reliability using Kubernetes.
- Reduced system downtime and latency by 12% through proactive monitoring and automated CI/CD workflows.

EDUCATION
B.S. in Electrical and Computer Engineering, UC Berkeley (Graduated 2021)
","Terraform, Go, Kubernetes, Prometheus, Linux, Agile, Python, CI/CD"
RES-0181,Daniel Davis,daniel.davis92@synthetic-talent.org,+1 (555) 400-7228,Full Stack Engineer,5,Senior,Doctorate,Ph.D. in Computer Science,University of Washington,"FastAPI, Node.js, Docker, Git, PostgreSQL, Python, Unit Testing","Daniel Davis
daniel.davis92@synthetic-talent.org | +1 (555) 400-7228 | Location: New York, NY

PROFESSIONAL SUMMARY
Results-driven Full Stack Engineer with 5 years of industry experience specializing in FastAPI, Node.js, Docker, Git. Proven background building scalable solutions, collaborating across agile teams, and driving measurable engineering impact.

TECHNICAL SKILLS
FastAPI, Node.js, Docker, Git, PostgreSQL, Python, Unit Testing

PROFESSIONAL EXPERIENCE
Senior Full Stack Engineer | Shopify (2021 - Present)
- Designed and deployed enterprise-grade systems utilizing FastAPI and Node.js, improving throughput by 25%.
- Collaborated with engineering stakeholders to optimize data pipelines and system reliability using Docker.
- Reduced system downtime and latency by 21% through proactive monitoring and automated CI/CD workflows.

Full Stack Engineer | Google (2020 - 2021)
- Designed and deployed enterprise-grade systems utilizing FastAPI and Node.js, improving throughput by 24%.
- Collaborated with engineering stakeholders to optimize data pipelines and system reliability using Docker.
- Reduced system downtime and latency by 20% through proactive monitoring and automated CI/CD workflows.

EDUCATION
Ph.D. in Computer Science, University of Washington (Graduated 2020)
","FastAPI, Node.js, Docker, Git, PostgreSQL, Python, Unit Testing"
RES-0182,Ananya Davis,ananya.davis12@synthetic-talent.org,+1 (555) 880-1548,Backend Engineer,1,Junior,Bachelor,B.S. in Computer Science,University of Washington,"FastAPI, Node.js, System Design, Java, Go, REST APIs, Docker, PostgreSQL, Agile, Redis, Kafka, Python","Ananya Davis
ananya.davis12@synthetic-talent.org | +1 (555) 880-1548 | Location: New York, NY

PROFESSIONAL SUMMARY
Results-driven Backend Engineer with 1 years of industry experience specializing in FastAPI, Node.js, System Design, Java. Proven background building scalable solutions, collaborating across agile teams, and driving measurable engineering impact.

TECHNICAL SKILLS
FastAPI, Node.js, System Design, Java, Go, REST APIs, Docker, PostgreSQL, Agile, Redis, Kafka, Python

PROFESSIONAL EXPERIENCE
Backend Engineer | CrowdStrike (2024 - Present)
- Designed and deployed enterprise-grade systems utilizing FastAPI and Node.js, improving throughput by 15%.
- Collaborated with engineering stakeholders to optimize data pipelines and system reliability using System Design.
- Reduced system downtime and latency by 25% through proactive monitoring and automated CI/CD workflows.

EDUCATION
B.S. in Computer Science, University of Washington (Graduated 2024)
","FastAPI, Node.js, System Design, Java, Go, REST APIs, Docker, PostgreSQL, Agile, Redis, Kafka, Python"
RES-0183,Chloe Johnson,chloe.johnson84@synthetic-talent.org,+1 (555) 673-8160,Data Scientist,7,Senior,Master,M.S. in Machine Learning and Data Science,University of Illinois Urbana-Champaign,"PyTorch, AWS, Machine Learning, Unit Testing, Deep Learning, BigQuery, Docker, NLP, Code Review, Scikit-Learn, Pandas","Chloe Johnson
chloe.johnson84@synthetic-talent.org | +1 (555) 673-8160 | Location: New York, NY

PROFESSIONAL SUMMARY
Results-driven Data Scientist with 7 years of industry experience specializing in PyTorch, AWS, Machine Learning, Unit Testing. Proven background building scalable solutions, collaborating across agile teams, and driving measurable engineering impact.

TECHNICAL SKILLS
PyTorch, AWS, Machine Learning, Unit Testing, Deep Learning, BigQuery, Docker, NLP, Code Review, Scikit-Learn, Pandas

PROFESSIONAL EXPERIENCE
Senior Data Scientist | Lyft (2023 - Present)
- Designed and deployed enterprise-grade systems utilizing PyTorch and AWS, improving throughput by 23%.
- Collaborated with engineering stakeholders to optimize data pipelines and system reliability using Machine Learning.
- Reduced system downtime and latency by 28% through proactive monitoring and automated CI/CD workflows.

Senior Data Scientist | Atlassian (2021 - 2023)
- Designed and deployed enterprise-grade systems utilizing PyTorch and AWS, improving throughput by 25%.
- Collaborated with engineering stakeholders to optimize data pipelines and system reliability using Machine Learning.
- Reduced system downtime and latency by 13% through proactive monitoring and automated CI/CD workflows.

Senior Data Scientist | Snowflake (2018 - 2021)
- Designed and deployed enterprise-grade systems utilizing PyTorch and AWS, improving throughput by 45%.
- Collaborated with engineering stakeholders to optimize data pipelines and system reliability using Machine Learning.
- Reduced system downtime and latency by 13% through proactive monitoring and automated CI/CD workflows.

EDUCATION
M.S. in Machine Learning and Data Science, University of Illinois Urbana-Champaign (Graduated 2018)
","PyTorch, AWS, Machine Learning, Unit Testing, Deep Learning, GCP, Docker, NLP, Code Review, Scikit-Learn, Pandas"
RES-0184,Michael Chen,michael.chen39@synthetic-talent.org,+1 (555) 484-2528,Data Scientist,8,Senior,Bachelor,B.Tech in Computer Science and Engineering,Georgia Tech,"Machine Learning, Deep Learning, Jira, Git, NLP, Python, Pandas","Michael Chen
michael.chen39@synthetic-talent.org | +1 (555) 484-2528 | Location: New York, NY

PROFESSIONAL SUMMARY
Results-driven Data Scientist with 8 years of industry experience specializing in Machine Learning, Deep Learning, Jira, Git. Proven background building scalable solutions, collaborating across agile teams, and driving measurable engineering impact.

TECHNICAL SKILLS
Machine Learning, Deep Learning, Jira, Git, NLP, Python, Pandas

PROFESSIONAL EXPERIENCE
Senior Data Scientist | Uber (2023 - Present)
- Designed and deployed enterprise-grade systems utilizing Machine Learning and Deep Learning, improving throughput by 38%.
- Collaborated with engineering stakeholders to optimize data pipelines and system reliability using Jira.
- Reduced system downtime and latency by 19% through proactive monitoring and automated CI/CD workflows.

Senior Data Scientist | Palantir (2020 - 2023)
- Designed and deployed enterprise-grade systems utilizing Machine Learning and Deep Learning, improving throughput by 18%.
- Collaborated with engineering stakeholders to optimize data pipelines and system reliability using Jira.
- Reduced system downtime and latency by 20% through proactive monitoring and automated CI/CD workflows.

Senior Data Scientist | Spotify (2017 - 2020)
- Designed and deployed enterprise-grade systems utilizing Machine Learning and Deep Learning, improving throughput by 31%.
- Collaborated with engineering stakeholders to optimize data pipelines and system reliability using Jira.
- Reduced system downtime and latency by 30% through proactive monitoring and automated CI/CD workflows.

EDUCATION
B.Tech in Computer Science and Engineering, Georgia Tech (Graduated 2017)
","Machine Learning, Deep Learning, Jira, Git, NLP, Python, Pandas"
RES-0185,Chloe Kim,chloe.kim94@synthetic-talent.org,+1 (555) 600-2824,Full Stack Engineer,4,Mid-Level,Master,M.S. in Machine Learning and Data Science,University of Illinois Urbana-Champaign,"Node.js, TypeScript, Jira, PostgreSQL, React, Code Review, Python, CI/CD","Chloe Kim
chloe.kim94@synthetic-talent.org | +1 (555) 600-2824 | Location: New York, NY

PROFESSIONAL SUMMARY
Results-driven Full Stack Engineer with 4 years of industry experience specializing in Node.js, TypeScript, Jira, PostgreSQL. Proven background building scalable solutions, collaborating across agile teams, and driving measurable engineering impact.

TECHNICAL SKILLS
Node.js, TypeScript, Jira, PostgreSQL, React, Code Review, Python, CI/CD

PROFESSIONAL EXPERIENCE
Full Stack Engineer | Workday (2022 - Present)
- Designed and deployed enterprise-grade systems utilizing Node.js and TypeScript, improving throughput by 27%.
- Collaborated with engineering stakeholders to optimize data pipelines and system reliability using Jira.
- Reduced system downtime and latency by 10% through proactive monitoring and automated CI/CD workflows.

Full Stack Engineer | Intel (2021 - 2022)
- Designed and deployed enterprise-grade systems utilizing Node.js and TypeScript, improving throughput by 33%.
- Collaborated with engineering stakeholders to optimize data pipelines and system reliability using Jira.
- Reduced system downtime and latency by 22% through proactive monitoring and automated CI/CD workflows.

EDUCATION
M.S. in Machine Learning and Data Science, University of Illinois Urbana-Champaign (Graduated 2021)
","Node.js, TypeScript, Jira, PostgreSQL, React, Code Review, Python, CI/CD"
RES-0186,Chloe Gupta,chloe.gupta87@synthetic-talent.org,+1 (555) 259-4979,Cybersecurity Engineer,3,Junior,Doctorate,Ph.D. in Computer Science,Delhi Technological University,"Terraform, Kubernetes, REST APIs, PostgreSQL, Linux, Python, Unit Testing","Chloe Gupta
chloe.gupta87@synthetic-talent.org | +1 (555) 259-4979 | Location: New York, NY

PROFESSIONAL SUMMARY
Results-driven Cybersecurity Engineer with 3 years of industry experience specializing in Terraform, Kubernetes, REST APIs, PostgreSQL. Proven background building scalable solutions, collaborating across agile teams, and driving measurable engineering impact.

TECHNICAL SKILLS
Terraform, Kubernetes, REST APIs, PostgreSQL, Linux, Python, Unit Testing

PROFESSIONAL EXPERIENCE
Cybersecurity Engineer | Oracle (2022 - Present)
- Designed and deployed enterprise-grade systems utilizing Terraform and Kubernetes, improving throughput by 37%.
- Collaborated with engineering stakeholders to optimize data pipelines and system reliability using REST APIs.
- Reduced system downtime and latency by 16% through proactive monitoring and automated CI/CD workflows.

EDUCATION
Ph.D. in Computer Science, Delhi Technological University (Graduated 2022)
","Terraform, Kubernetes, REST APIs, PostgreSQL, Linux, Python, Unit Testing"
RES-0187,David Rostova,david.rostova96@synthetic-talent.org,+1 (555) 531-5833,Data Scientist,8,Senior,Master,M.S. in Machine Learning and Data Science,Delhi Technological University,"PyTorch, Deep Learning, REST APIs, Docker, NLP, Linux, SQL, Python, Scikit-Learn, Pandas","David Rostova
david.rostova96@synthetic-talent.org | +1 (555) 531-5833 | Location: New York, NY

PROFESSIONAL SUMMARY
Results-driven Data Scientist with 8 years of industry experience specializing in PyTorch, Deep Learning, REST APIs, Docker. Proven background building scalable solutions, collaborating across agile teams, and driving measurable engineering impact.

TECHNICAL SKILLS
PyTorch, Deep Learning, REST APIs, Docker, NLP, Linux, SQL, Python, Scikit-Learn, Pandas

PROFESSIONAL EXPERIENCE
Senior Data Scientist | Netflix (2023 - Present)
- Designed and deployed enterprise-grade systems utilizing PyTorch and Deep Learning, improving throughput by 39%.
- Collaborated with engineering stakeholders to optimize data pipelines and system reliability using REST APIs.
- Reduced system downtime and latency by 23% through proactive monitoring and automated CI/CD workflows.

Senior Data Scientist | Shopify (2021 - 2023)
- Designed and deployed enterprise-grade systems utilizing PyTorch and Deep Learning, improving throughput by 39%.
- Collaborated with engineering stakeholders to optimize data pipelines and system reliability using REST APIs.
- Reduced system downtime and latency by 23% through proactive monitoring and automated CI/CD workflows.

Senior Data Scientist | HubSpot (2019 - 2021)
- Designed and deployed enterprise-grade systems utilizing PyTorch and Deep Learning, improving throughput by 24%.
- Collaborated with engineering stakeholders to optimize data pipelines and system reliability using REST APIs.
- Reduced system downtime and latency by 16% through proactive monitoring and automated CI/CD workflows.

Senior Data Scientist | Palo Alto Networks (2017 - 2019)
- Designed and deployed enterprise-grade systems utilizing PyTorch and Deep Learning, improving throughput by 22%.
- Collaborated with engineering stakeholders to optimize data pipelines and system reliability using REST APIs.
- Reduced system downtime and latency by 23% through proactive monitoring and automated CI/CD workflows.

EDUCATION
M.S. in Machine Learning and Data Science, Delhi Technological University (Graduated 2017)
","PyTorch, Deep Learning, REST APIs, Docker, NLP, Linux, SQL, Python, Scikit-Learn, Pandas"
RES-0188,Elena Rodriguez,elena.rodriguez27@synthetic-talent.org,+1 (555) 719-5603,Full Stack Engineer,0,Junior,Bachelor,B.Tech in Computer Science and Engineering,University of Illinois Urbana-Champaign,"FastAPI, Node.js, AWS, TypeScript, GraphQL, REST APIs, PostgreSQL, React, Agile, Redis, Python, CI/CD","Elena Rodriguez
elena.rodriguez27@synthetic-talent.org | +1 (555) 719-5603 | Location: New York, NY

PROFESSIONAL SUMMARY
Results-driven Full Stack Engineer with 0 years of industry experience specializing in FastAPI, Node.js, AWS, TypeScript. Proven background building scalable solutions, collaborating across agile teams, and driving measurable engineering impact.

TECHNICAL SKILLS
FastAPI, Node.js, AWS, TypeScript, GraphQL, REST APIs, PostgreSQL, React, Agile, Redis, Python, CI/CD

PROFESSIONAL EXPERIENCE
Software Engineering Intern | Apple (Summer 2024)
- Developed automated test suites and backend features with FastAPI.
- Collaborated in daily standups and contributed to production pull requests.

EDUCATION
B.Tech in Computer Science and Engineering, University of Illinois Urbana-Champaign (Graduated 2025)
","FastAPI, Node.js, AWS, TypeScript, GraphQL, REST APIs, PostgreSQL, React, Agile, Redis, Python, CI/CD"
RES-0189,Sarah Brown,sarah.brown53@synthetic-talent.org,+1 (555) 757-1040,Data Engineer,9,Lead/Staff,Master,M.S. in Computer Science,Sharda University,"GCP, Spark, PostgreSQL, Linux, Code Review, Kafka, Airflow","Sarah Brown
sarah.brown53@synthetic-talent.org | +1 (555) 757-1040 | Location: New York, NY

PROFESSIONAL SUMMARY
Results-driven Data Engineer with 9 years of industry experience specializing in GCP, Spark, PostgreSQL, Linux. Proven background building scalable solutions, collaborating across agile teams, and driving measurable engineering impact.

TECHNICAL SKILLS
GCP, Spark, PostgreSQL, Linux, Code Review, Kafka, Airflow

PROFESSIONAL EXPERIENCE
Senior Data Engineer | Spotify (2021 - Present)
- Designed and deployed enterprise-grade systems utilizing GCP and Spark, improving throughput by 43%.
- Collaborated with engineering stakeholders to optimize data pipelines and system reliability using PostgreSQL.
- Reduced system downtime and latency by 22% through proactive monitoring and automated CI/CD workflows.

Senior Data Engineer | Google (2017 - 2021)
- Designed and deployed enterprise-grade systems utilizing GCP and Spark, improving throughput by 34%.
- Collaborated with engineering stakeholders to optimize data pipelines and system reliability using PostgreSQL.
- Reduced system downtime and latency by 23% through proactive monitoring and automated CI/CD workflows.

Senior Data Engineer | Reddit (2016 - 2017)
- Designed and deployed enterprise-grade systems utilizing GCP and Spark, improving throughput by 40%.
- Collaborated with engineering stakeholders to optimize data pipelines and system reliability using PostgreSQL.
- Reduced system downtime and latency by 22% through proactive monitoring and automated CI/CD workflows.

EDUCATION
M.S. in Computer Science, Sharda University (Graduated 2016)
","GCP, Spark, PostgreSQL, Linux, Code Review, Kafka, Airflow"
RES-0190,Jordan Rostova,jordan.rostova33@synthetic-talent.org,+1 (555) 311-1456,Frontend Engineer,0,Junior,Bachelor,B.S. in Electrical and Computer Engineering,University of Michigan,"TypeScript, GraphQL, JavaScript, Docker, HTML/CSS, Next.js, React, Code Review, CI/CD, Unit Testing","Jordan Rostova
jordan.rostova33@synthetic-talent.org | +1 (555) 311-1456 | Location: New York, NY

PROFESSIONAL SUMMARY
Results-driven Frontend Engineer with 0 years of industry experience specializing in TypeScript, GraphQL, JavaScript, Docker. Proven background building scalable solutions, collaborating across agile teams, and driving measurable engineering impact.

TECHNICAL SKILLS
TypeScript, GraphQL, JavaScript, Docker, HTML/CSS, Next.js, React, Code Review, CI/CD, Unit Testing

PROFESSIONAL EXPERIENCE
Software Engineering Intern | Meta (Summer 2024)
- Developed automated test suites and backend features with TypeScript.
- Collaborated in daily standups and contributed to production pull requests.

EDUCATION
B.S. in Electrical and Computer Engineering, University of Michigan (Graduated 2025)
","TypeScript, GraphQL, JavaScript, Docker, HTML/CSS, Next.js, React, Code Review, CI/CD, Unit Testing"
RES-0191,Chloe Johnson,chloe.johnson85@synthetic-talent.org,+1 (555) 996-5657,Frontend Engineer,2,Mid-Level,Bachelor,B.S. in Computer Science,Georgia Tech,"TypeScript, GraphQL, JavaScript, Docker, HTML/CSS, Git, React, Code Review","Chloe Johnson
chloe.johnson85@synthetic-talent.org | +1 (555) 996-5657 | Location: New York, NY

PROFESSIONAL SUMMARY
Results-driven Frontend Engineer with 2 years of industry experience specializing in TypeScript, GraphQL, JavaScript, Docker. Proven background building scalable solutions, collaborating across agile teams, and driving measurable engineering impact.

TECHNICAL SKILLS
TypeScript, GraphQL, JavaScript, Docker, HTML/CSS, Git, React, Code Review

PROFESSIONAL EXPERIENCE
Frontend Engineer | Amazon (2023 - Present)
- Designed and deployed enterprise-grade systems utilizing TypeScript and GraphQL, improving throughput by 43%.
- Collaborated with engineering stakeholders to optimize data pipelines and system reliability using JavaScript.
- Reduced system downtime and latency by 16% through proactive monitoring and automated CI/CD workflows.

EDUCATION
B.S. in Computer Science, Georgia Tech (Graduated 2023)
","TypeScript, GraphQL, JavaScript, Docker, HTML/CSS, Git, React, Code Review"
RES-0192,Aisha Patel,aisha.patel71@synthetic-talent.org,+1 (555) 121-2181,Data Scientist,5,Senior,Master,M.S. in Machine Learning and Data Science,University of Washington,"PyTorch, AWS, Machine Learning, Deep Learning, BigQuery, Jira, NLP, Linux, SQL, Python, Scikit-Learn, Pandas","Aisha Patel
aisha.patel71@synthetic-talent.org | +1 (555) 121-2181 | Location: New York, NY

PROFESSIONAL SUMMARY
Results-driven Data Scientist with 5 years of industry experience specializing in PyTorch, AWS, Machine Learning, Deep Learning. Proven background building scalable solutions, collaborating across agile teams, and driving measurable engineering impact.

TECHNICAL SKILLS
PyTorch, AWS, Machine Learning, Deep Learning, BigQuery, Jira, NLP, Linux, SQL, Python, Scikit-Learn, Pandas

PROFESSIONAL EXPERIENCE
Data Scientist | Amazon (2022 - Present)
- Designed and deployed enterprise-grade systems utilizing PyTorch and AWS, improving throughput by 17%.
- Collaborated with engineering stakeholders to optimize data pipelines and system reliability using Machine Learning.
- Reduced system downtime and latency by 25% through proactive monitoring and automated CI/CD workflows.

Data Scientist | Airbnb (2020 - 2022)
- Designed and deployed enterprise-grade systems utilizing PyTorch and AWS, improving throughput by 37%.
- Collaborated with engineering stakeholders to optimize data pipelines and system reliability using Machine Learning.
- Reduced system downtime and latency by 28% through proactive monitoring and automated CI/CD workflows.

EDUCATION
M.S. in Machine Learning and Data Science, University of Washington (Graduated 2020)
","PyTorch, AWS, Machine Learning, Deep Learning, GCP, Jira, NLP, Linux, SQL, Python, Scikit-Learn, Pandas"
RES-0193,Elena Gupta,elena.gupta61@synthetic-talent.org,+1 (555) 974-8880,Cybersecurity Engineer,13,Lead/Staff,Bachelor,B.S. in Electrical and Computer Engineering,Stanford University,"AWS, Terraform, Docker, Git, PostgreSQL, Linux, Python, Unit Testing","Elena Gupta
elena.gupta61@synthetic-talent.org | +1 (555) 974-8880 | Location: New York, NY

PROFESSIONAL SUMMARY
Results-driven Cybersecurity Engineer with 13 years of industry experience specializing in AWS, Terraform, Docker, Git. Proven background building scalable solutions, collaborating across agile teams, and driving measurable engineering impact.

TECHNICAL SKILLS
AWS, Terraform, Docker, Git, PostgreSQL, Linux, Python, Unit Testing

PROFESSIONAL EXPERIENCE
Senior Cybersecurity Engineer | Uber (2023 - Present)
- Designed and deployed enterprise-grade systems utilizing AWS and Terraform, improving throughput by 34%.
- Collaborated with engineering stakeholders to optimize data pipelines and system reliability using Docker.
- Reduced system downtime and latency by 29% through proactive monitoring and automated CI/CD workflows.

Senior Cybersecurity Engineer | Adobe (2021 - 2023)
- Designed and deployed enterprise-grade systems utilizing AWS and Terraform, improving throughput by 38%.
- Collaborated with engineering stakeholders to optimize data pipelines and system reliability using Docker.
- Reduced system downtime and latency by 25% through proactive monitoring and automated CI/CD workflows.

Senior Cybersecurity Engineer | Shopify (2019 - 2021)
- Designed and deployed enterprise-grade systems utilizing AWS and Terraform, improving throughput by 39%.
- Collaborated with engineering stakeholders to optimize data pipelines and system reliability using Docker.
- Reduced system downtime and latency by 19% through proactive monitoring and automated CI/CD workflows.

Senior Cybersecurity Engineer | Intel (2017 - 2019)
- Designed and deployed enterprise-grade systems utilizing AWS and Terraform, improving throughput by 40%.
- Collaborated with engineering stakeholders to optimize data pipelines and system reliability using Docker.
- Reduced system downtime and latency by 21% through proactive monitoring and automated CI/CD workflows.

Senior Cybersecurity Engineer | Airbnb (2015 - 2017)
- Designed and deployed enterprise-grade systems utilizing AWS and Terraform, improving throughput by 28%.
- Collaborated with engineering stakeholders to optimize data pipelines and system reliability using Docker.
- Reduced system downtime and latency by 27% through proactive monitoring and automated CI/CD workflows.

Senior Cybersecurity Engineer | Lyft (2013 - 2015)
- Designed and deployed enterprise-grade systems utilizing AWS and Terraform, improving throughput by 18%.
- Collaborated with engineering stakeholders to optimize data pipelines and system reliability using Docker.
- Reduced system downtime and latency by 11% through proactive monitoring and automated CI/CD workflows.

Senior Cybersecurity Engineer | Robinhood (2012 - 2013)
- Designed and deployed enterprise-grade systems utilizing AWS and Terraform, improving throughput by 33%.
- Collaborated with engineering stakeholders to optimize data pipelines and system reliability using Docker.
- Reduced system downtime and latency by 26% through proactive monitoring and automated CI/CD workflows.

EDUCATION
B.S. in Electrical and Computer Engineering, Stanford University (Graduated 2012)
","AWS, Terraform, Docker, Git, PostgreSQL, Linux, Python, Unit Testing"
RES-0194,Sofia Garcia,sofia.garcia60@synthetic-talent.org,+1 (555) 497-2316,Frontend Engineer,5,Mid-Level,Bachelor,B.S. in Electrical and Computer Engineering,University of Washington,"Node.js, TypeScript, GraphQL, JavaScript, Docker, HTML/CSS, Next.js, Git, React, CI/CD, Unit Testing","Sofia Garcia
sofia.garcia60@synthetic-talent.org | +1 (555) 497-2316 | Location: New York, NY

PROFESSIONAL SUMMARY
Results-driven Frontend Engineer with 5 years of industry experience specializing in Node.js, TypeScript, GraphQL, JavaScript. Proven background building scalable solutions, collaborating across agile teams, and driving measurable engineering impact.

TECHNICAL SKILLS
Node.js, TypeScript, GraphQL, JavaScript, Docker, HTML/CSS, Next.js, Git, React, CI/CD, Unit Testing

PROFESSIONAL EXPERIENCE
Frontend Engineer | Twilio (2023 - Present)
- Designed and deployed enterprise-grade systems utilizing Node.js and TypeScript, improving throughput by 37%.
- Collaborated with engineering stakeholders to optimize data pipelines and system reliability using GraphQL.
- Reduced system downtime and latency by 12% through proactive monitoring and automated CI/CD workflows.

Frontend Engineer | Salesforce (2021 - 2023)
- Designed and deployed enterprise-grade systems utilizing Node.js and TypeScript, improving throughput by 16%.
- Collaborated with engineering stakeholders to optimize data pipelines and system reliability using GraphQL.
- Reduced system downtime and latency by 25% through proactive monitoring and automated CI/CD workflows.

Frontend Engineer | Lyft (2020 - 2021)
- Designed and deployed enterprise-grade systems utilizing Node.js and TypeScript, improving throughput by 26%.
- Collaborated with engineering stakeholders to optimize data pipelines and system reliability using GraphQL.
- Reduced system downtime and latency by 17% through proactive monitoring and automated CI/CD workflows.

EDUCATION
B.S. in Electrical and Computer Engineering, University of Washington (Graduated 2020)
","Node.js, TypeScript, GraphQL, JavaScript, Docker, HTML/CSS, Next.js, Git, React, CI/CD, Unit Testing"
RES-0195,Aisha Miller,aisha.miller15@synthetic-talent.org,+1 (555) 607-5524,Data Scientist,2,Junior,Master,M.S. in Machine Learning and Data Science,UT Austin,"AWS, Machine Learning, Deep Learning, Git, SQL, Agile, Pandas","Aisha Miller
aisha.miller15@synthetic-talent.org | +1 (555) 607-5524 | Location: New York, NY

PROFESSIONAL SUMMARY
Results-driven Data Scientist with 2 years of industry experience specializing in AWS, Machine Learning, Deep Learning, Git. Proven background building scalable solutions, collaborating across agile teams, and driving measurable engineering impact.

TECHNICAL SKILLS
AWS, Machine Learning, Deep Learning, Git, SQL, Agile, Pandas

PROFESSIONAL EXPERIENCE
Data Scientist | Cloudflare (2023 - Present)
- Designed and deployed enterprise-grade systems utilizing AWS and Machine Learning, improving throughput by 35%.
- Collaborated with engineering stakeholders to optimize data pipelines and system reliability using Deep Learning.
- Reduced system downtime and latency by 23% through proactive monitoring and automated CI/CD workflows.

EDUCATION
M.S. in Machine Learning and Data Science, UT Austin (Graduated 2023)
","AWS, Machine Learning, Deep Learning, Git, SQL, Agile, Pandas"
RES-0196,Alex Tanaka,alex.tanaka37@synthetic-talent.org,+1 (555) 624-7802,Full Stack Engineer,8,Senior,Doctorate,Ph.D. in Computer Science,University of Michigan,"FastAPI, Node.js, AWS, TypeScript, GraphQL, PostgreSQL, Agile, Redis, Unit Testing","Alex Tanaka
alex.tanaka37@synthetic-talent.org | +1 (555) 624-7802 | Location: New York, NY

PROFESSIONAL SUMMARY
Results-driven Full Stack Engineer with 8 years of industry experience specializing in FastAPI, Node.js, AWS, TypeScript. Proven background building scalable solutions, collaborating across agile teams, and driving measurable engineering impact.

TECHNICAL SKILLS
FastAPI, Node.js, AWS, TypeScript, GraphQL, PostgreSQL, Agile, Redis, Unit Testing

PROFESSIONAL EXPERIENCE
Senior Full Stack Engineer | Spotify (2023 - Present)
- Designed and deployed enterprise-grade systems utilizing FastAPI and Node.js, improving throughput by 39%.
- Collaborated with engineering stakeholders to optimize data pipelines and system reliability using AWS.
- Reduced system downtime and latency by 13% through proactive monitoring and automated CI/CD workflows.

Senior Full Stack Engineer | Salesforce (2021 - 2023)
- Designed and deployed enterprise-grade systems utilizing FastAPI and Node.js, improving throughput by 45%.
- Collaborated with engineering stakeholders to optimize data pipelines and system reliability using AWS.
- Reduced system downtime and latency by 15% through proactive monitoring and automated CI/CD workflows.

Senior Full Stack Engineer | Reddit (2019 - 2021)
- Designed and deployed enterprise-grade systems utilizing FastAPI and Node.js, improving throughput by 31%.
- Collaborated with engineering stakeholders to optimize data pipelines and system reliability using AWS.
- Reduced system downtime and latency by 22% through proactive monitoring and automated CI/CD workflows.

Senior Full Stack Engineer | Snowflake (2017 - 2019)
- Designed and deployed enterprise-grade systems utilizing FastAPI and Node.js, improving throughput by 29%.
- Collaborated with engineering stakeholders to optimize data pipelines and system reliability using AWS.
- Reduced system downtime and latency by 24% through proactive monitoring and automated CI/CD workflows.

EDUCATION
Ph.D. in Computer Science, University of Michigan (Graduated 2017)
","FastAPI, Node.js, AWS, TypeScript, GraphQL, PostgreSQL, Agile, Redis, Unit Testing"
RES-0197,Zoe Smith,zoe.smith10@synthetic-talent.org,+1 (555) 668-4680,Frontend Engineer,1,Junior,Master,M.S. in Computer Science,UC Berkeley,"Node.js, GraphQL, REST APIs, JavaScript, Docker, HTML/CSS, Next.js, Code Review, CI/CD","Zoe Smith
zoe.smith10@synthetic-talent.org | +1 (555) 668-4680 | Location: New York, NY

PROFESSIONAL SUMMARY
Results-driven Frontend Engineer with 1 years of industry experience specializing in Node.js, GraphQL, REST APIs, JavaScript. Proven background building scalable solutions, collaborating across agile teams, and driving measurable engineering impact.

TECHNICAL SKILLS
Node.js, GraphQL, REST APIs, JavaScript, Docker, HTML/CSS, Next.js, Code Review, CI/CD

PROFESSIONAL EXPERIENCE
Frontend Engineer | Zscaler (2024 - Present)
- Designed and deployed enterprise-grade systems utilizing Node.js and GraphQL, improving throughput by 19%.
- Collaborated with engineering stakeholders to optimize data pipelines and system reliability using REST APIs.
- Reduced system downtime and latency by 20% through proactive monitoring and automated CI/CD workflows.

EDUCATION
M.S. in Computer Science, UC Berkeley (Graduated 2024)
","Node.js, GraphQL, REST APIs, JavaScript, Docker, HTML/CSS, Next.js, Code Review, CI/CD"
RES-0198,Alex Smith,alex.smith73@synthetic-talent.org,+1 (555) 150-6602,Backend Engineer,10,Lead/Staff,Bachelor,B.S. in Electrical and Computer Engineering,UT Austin,"AWS, Node.js, Java, Go, Kubernetes, Jira, Docker, Git, Redis, Kafka, Python, CI/CD","Alex Smith
alex.smith73@synthetic-talent.org | +1 (555) 150-6602 | Location: New York, NY

PROFESSIONAL SUMMARY
Results-driven Backend Engineer with 10 years of industry experience specializing in AWS, Node.js, Java, Go. Proven background building scalable solutions, collaborating across agile teams, and driving measurable engineering impact.

TECHNICAL SKILLS
AWS, Node.js, Java, Go, Kubernetes, Jira, Docker, Git, Redis, Kafka, Python, CI/CD

PROFESSIONAL EXPERIENCE
Senior Backend Engineer | Splunk (2021 - Present)
- Designed and deployed enterprise-grade systems utilizing AWS and Node.js, improving throughput by 42%.
- Collaborated with engineering stakeholders to optimize data pipelines and system reliability using Java.
- Reduced system downtime and latency by 23% through proactive monitoring and automated CI/CD workflows.

Senior Backend Engineer | Shopify (2018 - 2021)
- Designed and deployed enterprise-grade systems utilizing AWS and Node.js, improving throughput by 21%.
- Collaborated with engineering stakeholders to optimize data pipelines and system reliability using Java.
- Reduced system downtime and latency by 30% through proactive monitoring and automated CI/CD workflows.

Senior Backend Engineer | Airbnb (2015 - 2018)
- Designed and deployed enterprise-grade systems utilizing AWS and Node.js, improving throughput by 25%.
- Collaborated with engineering stakeholders to optimize data pipelines and system reliability using Java.
- Reduced system downtime and latency by 19% through proactive monitoring and automated CI/CD workflows.

EDUCATION
B.S. in Electrical and Computer Engineering, UT Austin (Graduated 2015)
","AWS, Node.js, Java, Go, Kubernetes, Jira, Docker, Git, Redis, Kafka, Python, CI/CD"
RES-0199,Jordan Rodriguez,jordan.rodriguez42@synthetic-talent.org,+1 (555) 474-3730,Frontend Engineer,3,Mid-Level,Bachelor,B.Tech in Computer Science and Engineering,MIT,"Node.js, TypeScript, GraphQL, REST APIs, Docker, HTML/CSS, Git, React, CI/CD","Jordan Rodriguez
jordan.rodriguez42@synthetic-talent.org | +1 (555) 474-3730 | Location: New York, NY

PROFESSIONAL SUMMARY
Results-driven Frontend Engineer with 3 years of industry experience specializing in Node.js, TypeScript, GraphQL, REST APIs. Proven background building scalable solutions, collaborating across agile teams, and driving measurable engineering impact.

TECHNICAL SKILLS
Node.js, TypeScript, GraphQL, REST APIs, Docker, HTML/CSS, Git, React, CI/CD

PROFESSIONAL EXPERIENCE
Frontend Engineer | Salesforce (2022 - Present)
- Designed and deployed enterprise-grade systems utilizing Node.js and TypeScript, improving throughput by 18%.
- Collaborated with engineering stakeholders to optimize data pipelines and system reliability using GraphQL.
- Reduced system downtime and latency by 17% through proactive monitoring and automated CI/CD workflows.

EDUCATION
B.Tech in Computer Science and Engineering, MIT (Graduated 2022)
","Node.js, TypeScript, GraphQL, REST APIs, Docker, HTML/CSS, Git, React, CI/CD"
RES-0200,Rahul Tanaka,rahul.tanaka41@synthetic-talent.org,+1 (555) 790-6673,Machine Learning Engineer,9,Lead/Staff,Master,M.S. in Machine Learning and Data Science,University of Illinois Urbana-Champaign,"FastAPI, GCP, REST APIs, Code Review, Python, CI/CD","Rahul Tanaka
rahul.tanaka41@synthetic-talent.org | +1 (555) 790-6673 | Location: New York, NY

PROFESSIONAL SUMMARY
Results-driven Machine Learning Engineer with 9 years of industry experience specializing in FastAPI, GCP, REST APIs, Code Review. Proven background building scalable solutions, collaborating across agile teams, and driving measurable engineering impact.

TECHNICAL SKILLS
FastAPI, GCP, REST APIs, Code Review, Python, CI/CD

PROFESSIONAL EXPERIENCE
Senior Machine Learning Engineer | Twilio (2021 - Present)
- Designed and deployed enterprise-grade systems utilizing FastAPI and GCP, improving throughput by 44%.
- Collaborated with engineering stakeholders to optimize data pipelines and system reliability using REST APIs.
- Reduced system downtime and latency by 10% through proactive monitoring and automated CI/CD workflows.

Senior Machine Learning Engineer | Instacart (2017 - 2021)
- Designed and deployed enterprise-grade systems utilizing FastAPI and GCP, improving throughput by 45%.
- Collaborated with engineering stakeholders to optimize data pipelines and system reliability using REST APIs.
- Reduced system downtime and latency by 14% through proactive monitoring and automated CI/CD workflows.

Senior Machine Learning Engineer | Cloudflare (2016 - 2017)
- Designed and deployed enterprise-grade systems utilizing FastAPI and GCP, improving throughput by 31%.
- Collaborated with engineering stakeholders to optimize data pipelines and system reliability using REST APIs.
- Reduced system downtime and latency by 27% through proactive monitoring and automated CI/CD workflows.

EDUCATION
M.S. in Machine Learning and Data Science, University of Illinois Urbana-Champaign (Graduated 2016)
","FastAPI, GCP, REST APIs, Code Review, Python, CI/CD"
RES-0201,Chloe Williams,chloe.williams71@synthetic-talent.org,+1 (555) 227-4874,Cloud & DevOps Engineer,3,Junior,Doctorate,Ph.D. in Computer Science,Georgia Tech,"AWS, Azure, Terraform, GCP, Go, Kubernetes, REST APIs, Docker, Prometheus, Linux, Python, CI/CD","Chloe Williams
chloe.williams71@synthetic-talent.org | +1 (555) 227-4874 | Location: New York, NY

PROFESSIONAL SUMMARY
Results-driven Cloud & DevOps Engineer with 3 years of industry experience specializing in AWS, Azure, Terraform, GCP. Proven background building scalable solutions, collaborating across agile teams, and driving measurable engineering impact.

TECHNICAL SKILLS
AWS, Azure, Terraform, GCP, Go, Kubernetes, REST APIs, Docker, Prometheus, Linux, Python, CI/CD

PROFESSIONAL EXPERIENCE
Cloud & DevOps Engineer | Oracle (2022 - Present)
- Designed and deployed enterprise-grade systems utilizing AWS and Azure, improving throughput by 42%.
- Collaborated with engineering stakeholders to optimize data pipelines and system reliability using Terraform.
- Reduced system downtime and latency by 17% through proactive monitoring and automated CI/CD workflows.

EDUCATION
Ph.D. in Computer Science, Georgia Tech (Graduated 2022)
","AWS, Azure, Terraform, GCP, Go, Kubernetes, REST APIs, Docker, Prometheus, Linux, Python, CI/CD"
RES-0202,Vikram Johnson,vikram.johnson44@synthetic-talent.org,+1 (555) 801-4842,Backend Engineer,3,Mid-Level,Master,M.S. in Machine Learning and Data Science,Delhi Technological University,"AWS, Node.js, System Design, FastAPI, Java, Kubernetes, Git, PostgreSQL, Redis, CI/CD, Unit Testing","Vikram Johnson
vikram.johnson44@synthetic-talent.org | +1 (555) 801-4842 | Location: New York, NY

PROFESSIONAL SUMMARY
Results-driven Backend Engineer with 3 years of industry experience specializing in AWS, Node.js, System Design, FastAPI. Proven background building scalable solutions, collaborating across agile teams, and driving measurable engineering impact.

TECHNICAL SKILLS
AWS, Node.js, System Design, FastAPI, Java, Kubernetes, Git, PostgreSQL, Redis, CI/CD, Unit Testing

PROFESSIONAL EXPERIENCE
Backend Engineer | DoorDash (2022 - Present)
- Designed and deployed enterprise-grade systems utilizing AWS and Node.js, improving throughput by 36%.
- Collaborated with engineering stakeholders to optimize data pipelines and system reliability using System Design.
- Reduced system downtime and latency by 19% through proactive monitoring and automated CI/CD workflows.

EDUCATION
M.S. in Machine Learning and Data Science, Delhi Technological University (Graduated 2022)
","AWS, Node.js, System Design, FastAPI, Java, Kubernetes, Git, PostgreSQL, Redis, CI/CD, Unit Testing"
RES-0203,David Davis,david.davis19@synthetic-talent.org,+1 (555) 983-1094,Machine Learning Engineer,0,Junior,Bachelor,B.Tech in Computer Science and Engineering,University of Washington,"PyTorch, FastAPI, Machine Learning, GCP, Large Language Models, AWS, Kubernetes, Docker, Transformers, Linux, Kafka, Python, CI/CD, Unit Testing","David Davis
david.davis19@synthetic-talent.org | +1 (555) 983-1094 | Location: New York, NY

PROFESSIONAL SUMMARY
Results-driven Machine Learning Engineer with 0 years of industry experience specializing in PyTorch, FastAPI, Machine Learning, GCP. Proven background building scalable solutions, collaborating across agile teams, and driving measurable engineering impact.

TECHNICAL SKILLS
PyTorch, FastAPI, Machine Learning, GCP, Large Language Models, AWS, Kubernetes, Docker, Transformers, Linux, Kafka, Python, CI/CD, Unit Testing

PROFESSIONAL EXPERIENCE
Software Engineering Intern | Netflix (Summer 2024)
- Developed automated test suites and backend features with PyTorch.
- Collaborated in daily standups and contributed to production pull requests.

EDUCATION
B.Tech in Computer Science and Engineering, University of Washington (Graduated 2025)
","PyTorch, FastAPI, Machine Learning, GCP, Large Language Models, AWS, Kubernetes, Docker, Transformers, Linux, Kafka, Python, CI/CD, Unit Testing"
RES-0204,Elena Chen,elena.chen57@synthetic-talent.org,+1 (555) 343-5633,Cloud & DevOps Engineer,4,Mid-Level,Master,M.S. in Machine Learning and Data Science,BITS Pilani,"Kubernetes, Jira, Docker, Prometheus, Linux, Unit Testing","Elena Chen
elena.chen57@synthetic-talent.org | +1 (555) 343-5633 | Location: New York, NY

PROFESSIONAL SUMMARY
Results-driven Cloud & DevOps Engineer with 4 years of industry experience specializing in Kubernetes, Jira, Docker, Prometheus. Proven background building scalable solutions, collaborating across agile teams, and driving measurable engineering impact.

TECHNICAL SKILLS
Kubernetes, Jira, Docker, Prometheus, Linux, Unit Testing

PROFESSIONAL EXPERIENCE
Cloud & DevOps Engineer | Zscaler (2023 - Present)
- Designed and deployed enterprise-grade systems utilizing Kubernetes and Jira, improving throughput by 16%.
- Collaborated with engineering stakeholders to optimize data pipelines and system reliability using Docker.
- Reduced system downtime and latency by 26% through proactive monitoring and automated CI/CD workflows.

Cloud & DevOps Engineer | Stripe (2021 - 2023)
- Designed and deployed enterprise-grade systems utilizing Kubernetes and Jira, improving throughput by 23%.
- Collaborated with engineering stakeholders to optimize data pipelines and system reliability using Docker.
- Reduced system downtime and latency by 21% through proactive monitoring and automated CI/CD workflows.

EDUCATION
M.S. in Machine Learning and Data Science, BITS Pilani (Graduated 2021)
","Kubernetes, Jira, Docker, Prometheus, Linux, Unit Testing"
RES-0205,Kavita Kim,kavita.kim87@synthetic-talent.org,+1 (555) 730-2411,Machine Learning Engineer,1,Junior,Bachelor,B.S. in Electrical and Computer Engineering,IIT Bombay,"PyTorch, FastAPI, Machine Learning, AWS, Kubernetes, Docker, Git, Kafka, Python, CI/CD, Unit Testing","Kavita Kim
kavita.kim87@synthetic-talent.org | +1 (555) 730-2411 | Location: New York, NY

PROFESSIONAL SUMMARY
Results-driven Machine Learning Engineer with 1 years of industry experience specializing in PyTorch, FastAPI, Machine Learning, AWS. Proven background building scalable solutions, collaborating across agile teams, and driving measurable engineering impact.

TECHNICAL SKILLS
PyTorch, FastAPI, Machine Learning, AWS, Kubernetes, Docker, Git, Kafka, Python, CI/CD, Unit Testing

PROFESSIONAL EXPERIENCE
Machine Learning Engineer | Airbnb (2024 - Present)
- Designed and deployed enterprise-grade systems utilizing PyTorch and FastAPI, improving throughput by 44%.
- Collaborated with engineering stakeholders to optimize data pipelines and system reliability using Machine Learning.
- Reduced system downtime and latency by 17% through proactive monitoring and automated CI/CD workflows.

EDUCATION
B.S. in Electrical and Computer Engineering, IIT Bombay (Graduated 2024)
","PyTorch, FastAPI, Machine Learning, AWS, Kubernetes, Docker, Git, Kafka, Python, CI/CD, Unit Testing"
RES-0206,Carlos Rodriguez,carlos.rodriguez32@synthetic-talent.org,+1 (555) 441-9415,Data Scientist,2,Junior,Master,M.S. in Machine Learning and Data Science,University of Michigan,"PyTorch, AWS, Machine Learning, Deep Learning, Docker, Git, NLP, SQL, Agile, Python, Scikit-Learn, Pandas","Carlos Rodriguez
carlos.rodriguez32@synthetic-talent.org | +1 (555) 441-9415 | Location: New York, NY

PROFESSIONAL SUMMARY
Results-driven Data Scientist with 2 years of industry experience specializing in PyTorch, AWS, Machine Learning, Deep Learning. Proven background building scalable solutions, collaborating across agile teams, and driving measurable engineering impact.

TECHNICAL SKILLS
PyTorch, AWS, Machine Learning, Deep Learning, Docker, Git, NLP, SQL, Agile, Python, Scikit-Learn, Pandas

PROFESSIONAL EXPERIENCE
Data Scientist | Workday (2023 - Present)
- Designed and deployed enterprise-grade systems utilizing PyTorch and AWS, improving throughput by 31%.
- Collaborated with engineering stakeholders to optimize data pipelines and system reliability using Machine Learning.
- Reduced system downtime and latency by 14% through proactive monitoring and automated CI/CD workflows.

EDUCATION
M.S. in Machine Learning and Data Science, University of Michigan (Graduated 2023)
","PyTorch, AWS, Machine Learning, Deep Learning, Docker, Git, NLP, SQL, Agile, Python, Scikit-Learn, Pandas"
RES-0207,Vikram Brown,vikram.brown67@synthetic-talent.org,+1 (555) 957-7949,Frontend Engineer,8,Senior,Master,M.S. in Machine Learning and Data Science,University of Washington,"GraphQL, JavaScript, Docker, HTML/CSS, Next.js, Git, Code Review","Vikram Brown
vikram.brown67@synthetic-talent.org | +1 (555) 957-7949 | Location: New York, NY

PROFESSIONAL SUMMARY
Results-driven Frontend Engineer with 8 years of industry experience specializing in GraphQL, JavaScript, Docker, HTML/CSS. Proven background building scalable solutions, collaborating across agile teams, and driving measurable engineering impact.

TECHNICAL SKILLS
GraphQL, JavaScript, Docker, HTML/CSS, Next.js, Git, Code Review

PROFESSIONAL EXPERIENCE
Senior Frontend Engineer | Lyft (2021 - Present)
- Designed and deployed enterprise-grade systems utilizing GraphQL and JavaScript, improving throughput by 38%.
- Collaborated with engineering stakeholders to optimize data pipelines and system reliability using Docker.
- Reduced system downtime and latency by 20% through proactive monitoring and automated CI/CD workflows.

Senior Frontend Engineer | Microsoft (2017 - 2021)
- Designed and deployed enterprise-grade systems utilizing GraphQL and JavaScript, improving throughput by 27%.
- Collaborated with engineering stakeholders to optimize data pipelines and system reliability using Docker.
- Reduced system downtime and latency by 27% through proactive monitoring and automated CI/CD workflows.

EDUCATION
M.S. in Machine Learning and Data Science, University of Washington (Graduated 2017)
","GraphQL, JavaScript, Docker, HTML/CSS, Next.js, Git, Code Review"
RES-0208,Chloe Williams,chloe.williams38@synthetic-talent.org,+1 (555) 851-1479,Machine Learning Engineer,5,Mid-Level,Master,M.S. in Machine Learning and Data Science,University of Illinois Urbana-Champaign,"FastAPI, PyTorch, Machine Learning, Large Language Models, REST APIs, Docker, Transformers, Git, Kafka, Python, CI/CD","Chloe Williams
chloe.williams38@synthetic-talent.org | +1 (555) 851-1479 | Location: New York, NY

PROFESSIONAL SUMMARY
Results-driven Machine Learning Engineer with 5 years of industry experience specializing in FastAPI, PyTorch, Machine Learning, Large Language Models. Proven background building scalable solutions, collaborating across agile teams, and driving measurable engineering impact.

TECHNICAL SKILLS
FastAPI, PyTorch, Machine Learning, Large Language Models, REST APIs, Docker, Transformers, Git, Kafka, Python, CI/CD

PROFESSIONAL EXPERIENCE
Machine Learning Engineer | DoorDash (2023 - Present)
- Designed and deployed enterprise-grade systems utilizing FastAPI and PyTorch, improving throughput by 43%.
- Collaborated with engineering stakeholders to optimize data pipelines and system reliability using Machine Learning.
- Reduced system downtime and latency by 22% through proactive monitoring and automated CI/CD workflows.

Machine Learning Engineer | Cloudflare (2020 - 2023)
- Designed and deployed enterprise-grade systems utilizing FastAPI and PyTorch, improving throughput by 34%.
- Collaborated with engineering stakeholders to optimize data pipelines and system reliability using Machine Learning.
- Reduced system downtime and latency by 13% through proactive monitoring and automated CI/CD workflows.

EDUCATION
M.S. in Machine Learning and Data Science, University of Illinois Urbana-Champaign (Graduated 2020)
","FastAPI, PyTorch, Machine Learning, Large Language Models, REST APIs, Docker, Transformers, Git, Kafka, Python, CI/CD"
RES-0209,David Sharma,david.sharma73@synthetic-talent.org,+1 (555) 420-2863,Cybersecurity Engineer,5,Mid-Level,Master,M.S. in Computer Science,MIT,"AWS, Go, Kubernetes, Docker, PostgreSQL, Linux, Agile, Python, CI/CD, Unit Testing","David Sharma
david.sharma73@synthetic-talent.org | +1 (555) 420-2863 | Location: New York, NY

PROFESSIONAL SUMMARY
Results-driven Cybersecurity Engineer with 5 years of industry experience specializing in AWS, Go, Kubernetes, Docker. Proven background building scalable solutions, collaborating across agile teams, and driving measurable engineering impact.

TECHNICAL SKILLS
AWS, Go, Kubernetes, Docker, PostgreSQL, Linux, Agile, Python, CI/CD, Unit Testing

PROFESSIONAL EXPERIENCE
Senior Cybersecurity Engineer | MongoDB Inc. (2021 - Present)
- Designed and deployed enterprise-grade systems utilizing AWS and Go, improving throughput by 36%.
- Collaborated with engineering stakeholders to optimize data pipelines and system reliability using Kubernetes.
- Reduced system downtime and latency by 18% through proactive monitoring and automated CI/CD workflows.

Cybersecurity Engineer | Databricks (2020 - 2021)
- Designed and deployed enterprise-grade systems utilizing AWS and Go, improving throughput by 20%.
- Collaborated with engineering stakeholders to optimize data pipelines and system reliability using Kubernetes.
- Reduced system downtime and latency by 25% through proactive monitoring and automated CI/CD workflows.

EDUCATION
M.S. in Computer Science, MIT (Graduated 2020)
","AWS, Go, Kubernetes, Docker, PostgreSQL, Linux, Agile, Python, CI/CD, Unit Testing"
RES-0210,Kavita Anderson,kavita.anderson11@synthetic-talent.org,+1 (555) 727-9581,Machine Learning Engineer,5,Mid-Level,Bachelor,B.S. in Computer Science,BITS Pilani,"FastAPI, PyTorch, Machine Learning, GCP, Docker, Transformers, Code Review, Agile, Python, CI/CD","Kavita Anderson
kavita.anderson11@synthetic-talent.org | +1 (555) 727-9581 | Location: New York, NY

PROFESSIONAL SUMMARY
Results-driven Machine Learning Engineer with 5 years of industry experience specializing in FastAPI, PyTorch, Machine Learning, GCP. Proven background building scalable solutions, collaborating across agile teams, and driving measurable engineering impact.

TECHNICAL SKILLS
FastAPI, PyTorch, Machine Learning, GCP, Docker, Transformers, Code Review, Agile, Python, CI/CD

PROFESSIONAL EXPERIENCE
Senior Machine Learning Engineer | Workday (2021 - Present)
- Designed and deployed enterprise-grade systems utilizing FastAPI and PyTorch, improving throughput by 27%.
- Collaborated with engineering stakeholders to optimize data pipelines and system reliability using Machine Learning.
- Reduced system downtime and latency by 17% through proactive monitoring and automated CI/CD workflows.

Machine Learning Engineer | Cloudflare (2020 - 2021)
- Designed and deployed enterprise-grade systems utilizing FastAPI and PyTorch, improving throughput by 37%.
- Collaborated with engineering stakeholders to optimize data pipelines and system reliability using Machine Learning.
- Reduced system downtime and latency by 28% through proactive monitoring and automated CI/CD workflows.

EDUCATION
B.S. in Computer Science, BITS Pilani (Graduated 2020)
","FastAPI, PyTorch, Machine Learning, GCP, Docker, Transformers, Code Review, Agile, Python, CI/CD"
RES-0211,Rahul Jones,rahul.jones35@synthetic-talent.org,+1 (555) 800-4731,Cloud & DevOps Engineer,3,Mid-Level,Bachelor,B.S. in Computer Science,Stanford University,"AWS, Go, Kubernetes, Jira, Docker, Prometheus, Linux, Code Review, CI/CD","Rahul Jones
rahul.jones35@synthetic-talent.org | +1 (555) 800-4731 | Location: New York, NY

PROFESSIONAL SUMMARY
Results-driven Cloud & DevOps Engineer with 3 years of industry experience specializing in AWS, Go, Kubernetes, Jira. Proven background building scalable solutions, collaborating across agile teams, and driving measurable engineering impact.

TECHNICAL SKILLS
AWS, Go, Kubernetes, Jira, Docker, Prometheus, Linux, Code Review, CI/CD

PROFESSIONAL EXPERIENCE
Cloud & DevOps Engineer | Palo Alto Networks (2022 - Present)
- Designed and deployed enterprise-grade systems utilizing AWS and Go, improving throughput by 26%.
- Collaborated with engineering stakeholders to optimize data pipelines and system reliability using Kubernetes.
- Reduced system downtime and latency by 24% through proactive monitoring and automated CI/CD workflows.

EDUCATION
B.S. in Computer Science, Stanford University (Graduated 2022)
","AWS, Go, Kubernetes, Jira, Docker, Prometheus, Linux, Code Review, CI/CD"
RES-0212,Arjun Rostova,arjun.rostova31@synthetic-talent.org,+1 (555) 339-6005,Data Scientist,7,Senior,Bachelor,B.S. in Computer Science,Cornell University,"AWS, Unit Testing, Machine Learning, BigQuery, NLP, Linux, SQL, Python, Pandas","Arjun Rostova
arjun.rostova31@synthetic-talent.org | +1 (555) 339-6005 | Location: New York, NY

PROFESSIONAL SUMMARY
Results-driven Data Scientist with 7 years of industry experience specializing in AWS, Unit Testing, Machine Learning, BigQuery. Proven background building scalable solutions, collaborating across agile teams, and driving measurable engineering impact.

TECHNICAL SKILLS
AWS, Unit Testing, Machine Learning, BigQuery, NLP, Linux, SQL, Python, Pandas

PROFESSIONAL EXPERIENCE
Senior Data Scientist | Google (2021 - Present)
- Designed and deployed enterprise-grade systems utilizing AWS and Unit Testing, improving throughput by 39%.
- Collaborated with engineering stakeholders to optimize data pipelines and system reliability using Machine Learning.
- Reduced system downtime and latency by 22% through proactive monitoring and automated CI/CD workflows.

Senior Data Scientist | CrowdStrike (2018 - 2021)
- Designed and deployed enterprise-grade systems utilizing AWS and Unit Testing, improving throughput by 35%.
- Collaborated with engineering stakeholders to optimize data pipelines and system reliability using Machine Learning.
- Reduced system downtime and latency by 24% through proactive monitoring and automated CI/CD workflows.

EDUCATION
B.S. in Computer Science, Cornell University (Graduated 2018)
","AWS, Unit Testing, Machine Learning, GCP, NLP, Linux, SQL, Python, Pandas"
RES-0213,Kavita Jones,kavita.jones14@synthetic-talent.org,+1 (555) 704-5721,Machine Learning Engineer,9,Senior,Bachelor,B.S. in Electrical and Computer Engineering,MIT,"PyTorch, FastAPI, Machine Learning, GCP, Large Language Models, AWS, Kubernetes, Jira, Docker, Transformers, Linux, Kafka, Python, CI/CD","Kavita Jones
kavita.jones14@synthetic-talent.org | +1 (555) 704-5721 | Location: New York, NY

PROFESSIONAL SUMMARY
Results-driven Machine Learning Engineer with 9 years of industry experience specializing in PyTorch, FastAPI, Machine Learning, GCP. Proven background building scalable solutions, collaborating across agile teams, and driving measurable engineering impact.

TECHNICAL SKILLS
PyTorch, FastAPI, Machine Learning, GCP, Large Language Models, AWS, Kubernetes, Jira, Docker, Transformers, Linux, Kafka, Python, CI/CD

PROFESSIONAL EXPERIENCE
Senior Machine Learning Engineer | Workday (2021 - Present)
- Designed and deployed enterprise-grade systems utilizing PyTorch and FastAPI, improving throughput by 41%.
- Collaborated with engineering stakeholders to optimize data pipelines and system reliability using Machine Learning.
- Reduced system downtime and latency by 15% through proactive monitoring and automated CI/CD workflows.

Senior Machine Learning Engineer | Reddit (2019 - 2021)
- Designed and deployed enterprise-grade systems utilizing PyTorch and FastAPI, improving throughput by 43%.
- Collaborated with engineering stakeholders to optimize data pipelines and system reliability using Machine Learning.
- Reduced system downtime and latency by 23% through proactive monitoring and automated CI/CD workflows.

Senior Machine Learning Engineer | Apple (2016 - 2019)
- Designed and deployed enterprise-grade systems utilizing PyTorch and FastAPI, improving throughput by 34%.
- Collaborated with engineering stakeholders to optimize data pipelines and system reliability using Machine Learning.
- Reduced system downtime and latency by 13% through proactive monitoring and automated CI/CD workflows.

EDUCATION
B.S. in Electrical and Computer Engineering, MIT (Graduated 2016)
","PyTorch, FastAPI, Machine Learning, GCP, Large Language Models, AWS, Kubernetes, Jira, Docker, Transformers, Linux, Kafka, Python, CI/CD"
RES-0214,Liam Johnson,liam.johnson12@synthetic-talent.org,+1 (555) 294-6968,Cybersecurity Engineer,5,Mid-Level,Doctorate,Ph.D. in Computer Science,University of Illinois Urbana-Champaign,"AWS, Terraform, Go, Linux, Code Review, Python, CI/CD","Liam Johnson
liam.johnson12@synthetic-talent.org | +1 (555) 294-6968 | Location: New York, NY

PROFESSIONAL SUMMARY
Results-driven Cybersecurity Engineer with 5 years of industry experience specializing in AWS, Terraform, Go, Linux. Proven background building scalable solutions, collaborating across agile teams, and driving measurable engineering impact.

TECHNICAL SKILLS
AWS, Terraform, Go, Linux, Code Review, Python, CI/CD

PROFESSIONAL EXPERIENCE
Cybersecurity Engineer | Lyft (2022 - Present)
- Designed and deployed enterprise-grade systems utilizing AWS and Terraform, improving throughput by 27%.
- Collaborated with engineering stakeholders to optimize data pipelines and system reliability using Go.
- Reduced system downtime and latency by 30% through proactive monitoring and automated CI/CD workflows.

Cybersecurity Engineer | Google (2020 - 2022)
- Designed and deployed enterprise-grade systems utilizing AWS and Terraform, improving throughput by 35%.
- Collaborated with engineering stakeholders to optimize data pipelines and system reliability using Go.
- Reduced system downtime and latency by 12% through proactive monitoring and automated CI/CD workflows.

EDUCATION
Ph.D. in Computer Science, University of Illinois Urbana-Champaign (Graduated 2020)
","AWS, Terraform, Go, Linux, Code Review, Python, CI/CD"
RES-0215,Alex Garcia,alex.garcia11@synthetic-talent.org,+1 (555) 559-4464,Frontend Engineer,5,Senior,Master,M.S. in Computer Science,UC Berkeley,"Node.js, GraphQL, JavaScript, Docker, Jira, Next.js, React, Code Review, CI/CD","Alex Garcia
alex.garcia11@synthetic-talent.org | +1 (555) 559-4464 | Location: New York, NY

PROFESSIONAL SUMMARY
Results-driven Frontend Engineer with 5 years of industry experience specializing in Node.js, GraphQL, JavaScript, Docker. Proven background building scalable solutions, collaborating across agile teams, and driving measurable engineering impact.

TECHNICAL SKILLS
Node.js, GraphQL, JavaScript, Docker, Jira, Next.js, React, Code Review, CI/CD

PROFESSIONAL EXPERIENCE
Frontend Engineer | Meta (2022 - Present)
- Designed and deployed enterprise-grade systems utilizing Node.js and GraphQL, improving throughput by 23%.
- Collaborated with engineering stakeholders to optimize data pipelines and system reliability using JavaScript.
- Reduced system downtime and latency by 30% through proactive monitoring and automated CI/CD workflows.

Frontend Engineer | Spotify (2020 - 2022)
- Designed and deployed enterprise-grade systems utilizing Node.js and GraphQL, improving throughput by 42%.
- Collaborated with engineering stakeholders to optimize data pipelines and system reliability using JavaScript.
- Reduced system downtime and latency by 29% through proactive monitoring and automated CI/CD workflows.

EDUCATION
M.S. in Computer Science, UC Berkeley (Graduated 2020)
","Node.js, GraphQL, JavaScript, Docker, Jira, Next.js, React, Code Review, CI/CD"
RES-0216,Carlos Kim,carlos.kim35@synthetic-talent.org,+1 (555) 503-3390,Frontend Engineer,2,Junior,Bachelor,B.S. in Computer Science,University of Illinois Urbana-Champaign,"Node.js, TypeScript, JavaScript, Next.js, Git, React, Agile, CI/CD","Carlos Kim
carlos.kim35@synthetic-talent.org | +1 (555) 503-3390 | Location: New York, NY

PROFESSIONAL SUMMARY
Results-driven Frontend Engineer with 2 years of industry experience specializing in Node.js, TypeScript, JavaScript, Next.js. Proven background building scalable solutions, collaborating across agile teams, and driving measurable engineering impact.

TECHNICAL SKILLS
Node.js, TypeScript, JavaScript, Next.js, Git, React, Agile, CI/CD

PROFESSIONAL EXPERIENCE
Frontend Engineer | Twilio (2023 - Present)
- Designed and deployed enterprise-grade systems utilizing Node.js and TypeScript, improving throughput by 41%.
- Collaborated with engineering stakeholders to optimize data pipelines and system reliability using JavaScript.
- Reduced system downtime and latency by 25% through proactive monitoring and automated CI/CD workflows.

EDUCATION
B.S. in Computer Science, University of Illinois Urbana-Champaign (Graduated 2023)
","Node.js, TypeScript, JavaScript, Next.js, Git, React, Agile, CI/CD"
RES-0217,Elena Rodriguez,elena.rodriguez31@synthetic-talent.org,+1 (555) 753-9391,Cybersecurity Engineer,5,Mid-Level,Bachelor,B.S. in Electrical and Computer Engineering,MIT,"Terraform, Kubernetes, PostgreSQL, Linux, Code Review, Python","Elena Rodriguez
elena.rodriguez31@synthetic-talent.org | +1 (555) 753-9391 | Location: New York, NY

PROFESSIONAL SUMMARY
Results-driven Cybersecurity Engineer with 5 years of industry experience specializing in Terraform, Kubernetes, PostgreSQL, Linux. Proven background building scalable solutions, collaborating across agile teams, and driving measurable engineering impact.

TECHNICAL SKILLS
Terraform, Kubernetes, PostgreSQL, Linux, Code Review, Python

PROFESSIONAL EXPERIENCE
Cybersecurity Engineer | Netflix (2022 - Present)
- Designed and deployed enterprise-grade systems utilizing Terraform and Kubernetes, improving throughput by 17%.
- Collaborated with engineering stakeholders to optimize data pipelines and system reliability using PostgreSQL.
- Reduced system downtime and latency by 26% through proactive monitoring and automated CI/CD workflows.

Cybersecurity Engineer | Meta (2020 - 2022)
- Designed and deployed enterprise-grade systems utilizing Terraform and Kubernetes, improving throughput by 21%.
- Collaborated with engineering stakeholders to optimize data pipelines and system reliability using PostgreSQL.
- Reduced system downtime and latency by 29% through proactive monitoring and automated CI/CD workflows.

EDUCATION
B.S. in Electrical and Computer Engineering, MIT (Graduated 2020)
","Terraform, Kubernetes, PostgreSQL, Linux, Code Review, Python"
RES-0218,Emily Kim,emily.kim90@synthetic-talent.org,+1 (555) 666-5480,Cloud & DevOps Engineer,0,Junior,Master,M.S. in Computer Science,UT Austin,"AWS, Azure, GCP, Terraform, Kubernetes, Prometheus, Git, Linux, Python, CI/CD","Emily Kim
emily.kim90@synthetic-talent.org | +1 (555) 666-5480 | Location: New York, NY

PROFESSIONAL SUMMARY
Results-driven Cloud & DevOps Engineer with 0 years of industry experience specializing in AWS, Azure, GCP, Terraform. Proven background building scalable solutions, collaborating across agile teams, and driving measurable engineering impact.

TECHNICAL SKILLS
AWS, Azure, GCP, Terraform, Kubernetes, Prometheus, Git, Linux, Python, CI/CD

PROFESSIONAL EXPERIENCE
Software Engineering Intern | Netflix (Summer 2024)
- Developed automated test suites and backend features with AWS.
- Collaborated in daily standups and contributed to production pull requests.

EDUCATION
M.S. in Computer Science, UT Austin (Graduated 2025)
","AWS, Azure, GCP, Terraform, Kubernetes, Prometheus, Git, Linux, Python, CI/CD"
RES-0219,Emily Sharma,emily.sharma91@synthetic-talent.org,+1 (555) 549-5943,Data Engineer,11,Lead/Staff,Bachelor,B.S. in Electrical and Computer Engineering,IIT Bombay,"AWS, Terraform, REST APIs, Docker, SQL, Snowflake, Agile, Kafka, Python, Airflow","Emily Sharma
emily.sharma91@synthetic-talent.org | +1 (555) 549-5943 | Location: New York, NY

PROFESSIONAL SUMMARY
Results-driven Data Engineer with 11 years of industry experience specializing in AWS, Terraform, REST APIs, Docker. Proven background building scalable solutions, collaborating across agile teams, and driving measurable engineering impact.

TECHNICAL SKILLS
AWS, Terraform, REST APIs, Docker, SQL, Snowflake, Agile, Kafka, Python, Airflow

PROFESSIONAL EXPERIENCE
Senior Data Engineer | Meta (2021 - Present)
- Designed and deployed enterprise-grade systems utilizing AWS and Terraform, improving throughput by 35%.
- Collaborated with engineering stakeholders to optimize data pipelines and system reliability using REST APIs.
- Reduced system downtime and latency by 29% through proactive monitoring and automated CI/CD workflows.

Senior Data Engineer | ServiceNow (2017 - 2021)
- Designed and deployed enterprise-grade systems utilizing AWS and Terraform, improving throughput by 26%.
- Collaborated with engineering stakeholders to optimize data pipelines and system reliability using REST APIs.
- Reduced system downtime and latency by 23% through proactive monitoring and automated CI/CD workflows.

Senior Data Engineer | Lyft (2014 - 2017)
- Designed and deployed enterprise-grade systems utilizing AWS and Terraform, improving throughput by 30%.
- Collaborated with engineering stakeholders to optimize data pipelines and system reliability using REST APIs.
- Reduced system downtime and latency by 19% through proactive monitoring and automated CI/CD workflows.

EDUCATION
B.S. in Electrical and Computer Engineering, IIT Bombay (Graduated 2014)
","AWS, Terraform, REST APIs, Docker, SQL, Snowflake, Agile, Kafka, Python, Airflow"
RES-0220,Jordan Rostova,jordan.rostova75@synthetic-talent.org,+1 (555) 198-4661,Data Scientist,7,Senior,Bachelor,B.S. in Computer Science,Carnegie Mellon University,"AWS, PyTorch, Machine Learning, Deep Learning, BigQuery, Jira, NLP, Linux, SQL, Python, Scikit-Learn, Pandas","Jordan Rostova
jordan.rostova75@synthetic-talent.org | +1 (555) 198-4661 | Location: New York, NY

PROFESSIONAL SUMMARY
Results-driven Data Scientist with 7 years of industry experience specializing in AWS, PyTorch, Machine Learning, Deep Learning. Proven background building scalable solutions, collaborating across agile teams, and driving measurable engineering impact.

TECHNICAL SKILLS
AWS, PyTorch, Machine Learning, Deep Learning, BigQuery, Jira, NLP, Linux, SQL, Python, Scikit-Learn, Pandas

PROFESSIONAL EXPERIENCE
Senior Data Scientist | ServiceNow (2023 - Present)
- Designed and deployed enterprise-grade systems utilizing AWS and PyTorch, improving throughput by 26%.
- Collaborated with engineering stakeholders to optimize data pipelines and system reliability using Machine Learning.
- Reduced system downtime and latency by 16% through proactive monitoring and automated CI/CD workflows.

Senior Data Scientist | DoorDash (2020 - 2023)
- Designed and deployed enterprise-grade systems utilizing AWS and PyTorch, improving throughput by 38%.
- Collaborated with engineering stakeholders to optimize data pipelines and system reliability using Machine Learning.
- Reduced system downtime and latency by 28% through proactive monitoring and automated CI/CD workflows.

Senior Data Scientist | Spotify (2018 - 2020)
- Designed and deployed enterprise-grade systems utilizing AWS and PyTorch, improving throughput by 27%.
- Collaborated with engineering stakeholders to optimize data pipelines and system reliability using Machine Learning.
- Reduced system downtime and latency by 18% through proactive monitoring and automated CI/CD workflows.

EDUCATION
B.S. in Computer Science, Carnegie Mellon University (Graduated 2018)
","AWS, PyTorch, Machine Learning, Deep Learning, GCP, Jira, NLP, Linux, SQL, Python, Scikit-Learn, Pandas"
RES-0221,Rahul Johnson,rahul.johnson84@synthetic-talent.org,+1 (555) 362-1328,Data Engineer,3,Mid-Level,Master,M.S. in Computer Science,IIT Bombay,"Terraform, GCP, Jira, Spark, PostgreSQL, Linux, SQL, Kafka, Python, Snowflake","Rahul Johnson
rahul.johnson84@synthetic-talent.org | +1 (555) 362-1328 | Location: New York, NY

PROFESSIONAL SUMMARY
Results-driven Data Engineer with 3 years of industry experience specializing in Terraform, GCP, Jira, Spark. Proven background building scalable solutions, collaborating across agile teams, and driving measurable engineering impact.

TECHNICAL SKILLS
Terraform, GCP, Jira, Spark, PostgreSQL, Linux, SQL, Kafka, Python, Snowflake

PROFESSIONAL EXPERIENCE
Data Engineer | Netflix (2022 - Present)
- Designed and deployed enterprise-grade systems utilizing Terraform and GCP, improving throughput by 32%.
- Collaborated with engineering stakeholders to optimize data pipelines and system reliability using Jira.
- Reduced system downtime and latency by 15% through proactive monitoring and automated CI/CD workflows.

EDUCATION
M.S. in Computer Science, IIT Bombay (Graduated 2022)
","Terraform, GCP, Jira, Spark, PostgreSQL, Linux, SQL, Kafka, Python, Snowflake"
RES-0222,Jordan Johnson,jordan.johnson91@synthetic-talent.org,+1 (555) 411-8096,Data Engineer,3,Mid-Level,Doctorate,Ph.D. in Computer Science,IIT Bombay,"AWS, GCP, Terraform, Jira, Spark, Docker, Linux, SQL, Kafka, Python, Snowflake","Jordan Johnson
jordan.johnson91@synthetic-talent.org | +1 (555) 411-8096 | Location: New York, NY

PROFESSIONAL SUMMARY
Results-driven Data Engineer with 3 years of industry experience specializing in AWS, GCP, Terraform, Jira. Proven background building scalable solutions, collaborating across agile teams, and driving measurable engineering impact.

TECHNICAL SKILLS
AWS, GCP, Terraform, Jira, Spark, Docker, Linux, SQL, Kafka, Python, Snowflake

PROFESSIONAL EXPERIENCE
Data Engineer | Twilio (2022 - Present)
- Designed and deployed enterprise-grade systems utilizing AWS and GCP, improving throughput by 20%.
- Collaborated with engineering stakeholders to optimize data pipelines and system reliability using Terraform.
- Reduced system downtime and latency by 19% through proactive monitoring and automated CI/CD workflows.

EDUCATION
Ph.D. in Computer Science, IIT Bombay (Graduated 2022)
","AWS, GCP, Terraform, Jira, Spark, Docker, Linux, SQL, Kafka, Python, Snowflake"
RES-0223,Kavita Chen,kavita.chen34@synthetic-talent.org,+1 (555) 410-5182,Full Stack Engineer,2,Junior,Master,M.S. in Computer Science,Stanford University,"AWS, FastAPI, TypeScript, Docker, Git, PostgreSQL, Agile, Redis","Kavita Chen
kavita.chen34@synthetic-talent.org | +1 (555) 410-5182 | Location: New York, NY

PROFESSIONAL SUMMARY
Results-driven Full Stack Engineer with 2 years of industry experience specializing in AWS, FastAPI, TypeScript, Docker. Proven background building scalable solutions, collaborating across agile teams, and driving measurable engineering impact.

TECHNICAL SKILLS
AWS, FastAPI, TypeScript, Docker, Git, PostgreSQL, Agile, Redis

PROFESSIONAL EXPERIENCE
Full Stack Engineer | Palantir (2023 - Present)
- Designed and deployed enterprise-grade systems utilizing AWS and FastAPI, improving throughput by 42%.
- Collaborated with engineering stakeholders to optimize data pipelines and system reliability using TypeScript.
- Reduced system downtime and latency by 25% through proactive monitoring and automated CI/CD workflows.

EDUCATION
M.S. in Computer Science, Stanford University (Graduated 2023)
","AWS, FastAPI, TypeScript, Docker, Git, PostgreSQL, Agile, Redis"
RES-0224,Michael Vance,michael.vance79@synthetic-talent.org,+1 (555) 737-8571,Frontend Engineer,7,Senior,Doctorate,Ph.D. in Computer Science,Stanford University,"Node.js, GraphQL, Jira, Next.js, React, Code Review, CI/CD","Michael Vance
michael.vance79@synthetic-talent.org | +1 (555) 737-8571 | Location: New York, NY

PROFESSIONAL SUMMARY
Results-driven Frontend Engineer with 7 years of industry experience specializing in Node.js, GraphQL, Jira, Next.js. Proven background building scalable solutions, collaborating across agile teams, and driving measurable engineering impact.

TECHNICAL SKILLS
Node.js, GraphQL, Jira, Next.js, React, Code Review, CI/CD

PROFESSIONAL EXPERIENCE
Senior Frontend Engineer | Coinbase (2023 - Present)
- Designed and deployed enterprise-grade systems utilizing Node.js and GraphQL, improving throughput by 31%.
- Collaborated with engineering stakeholders to optimize data pipelines and system reliability using Jira.
- Reduced system downtime and latency by 18% through proactive monitoring and automated CI/CD workflows.

Senior Frontend Engineer | Meta (2021 - 2023)
- Designed and deployed enterprise-grade systems utilizing Node.js and GraphQL, improving throughput by 36%.
- Collaborated with engineering stakeholders to optimize data pipelines and system reliability using Jira.
- Reduced system downtime and latency by 14% through proactive monitoring and automated CI/CD workflows.

Senior Frontend Engineer | CrowdStrike (2018 - 2021)
- Designed and deployed enterprise-grade systems utilizing Node.js and GraphQL, improving throughput by 36%.
- Collaborated with engineering stakeholders to optimize data pipelines and system reliability using Jira.
- Reduced system downtime and latency by 28% through proactive monitoring and automated CI/CD workflows.

EDUCATION
Ph.D. in Computer Science, Stanford University (Graduated 2018)
","Node.js, GraphQL, Jira, Next.js, React, Code Review, CI/CD"
RES-0225,James Williams,james.williams86@synthetic-talent.org,+1 (555) 841-2669,Backend Engineer,1,Junior,Bachelor,B.S. in Electrical and Computer Engineering,Cornell University,"FastAPI, AWS, System Design, Java, Go, Docker, PostgreSQL, Code Review, Agile, Redis, Kafka, Python, CI/CD","James Williams
james.williams86@synthetic-talent.org | +1 (555) 841-2669 | Location: New York, NY

PROFESSIONAL SUMMARY
Results-driven Backend Engineer with 1 years of industry experience specializing in FastAPI, AWS, System Design, Java. Proven background building scalable solutions, collaborating across agile teams, and driving measurable engineering impact.

TECHNICAL SKILLS
FastAPI, AWS, System Design, Java, Go, Docker, PostgreSQL, Code Review, Agile, Redis, Kafka, Python, CI/CD

PROFESSIONAL EXPERIENCE
Backend Engineer | Spotify (2024 - Present)
- Designed and deployed enterprise-grade systems utilizing FastAPI and AWS, improving throughput by 16%.
- Collaborated with engineering stakeholders to optimize data pipelines and system reliability using System Design.
- Reduced system downtime and latency by 18% through proactive monitoring and automated CI/CD workflows.

EDUCATION
B.S. in Electrical and Computer Engineering, Cornell University (Graduated 2024)
","FastAPI, AWS, System Design, Java, Go, Docker, PostgreSQL, Code Review, Agile, Redis, Kafka, Python, CI/CD"
RES-0226,Kavita Kim,kavita.kim16@synthetic-talent.org,+1 (555) 799-7820,Cybersecurity Engineer,5,Mid-Level,Bachelor,B.S. in Electrical and Computer Engineering,UC Berkeley,"Go, Kubernetes, Docker, Linux, Unit Testing","Kavita Kim
kavita.kim16@synthetic-talent.org | +1 (555) 799-7820 | Location: New York, NY

PROFESSIONAL SUMMARY
Results-driven Cybersecurity Engineer with 5 years of industry experience specializing in Go, Kubernetes, Docker, Linux. Proven background building scalable solutions, collaborating across agile teams, and driving measurable engineering impact.

TECHNICAL SKILLS
Go, Kubernetes, Docker, Linux, Unit Testing

PROFESSIONAL EXPERIENCE
Senior Cybersecurity Engineer | MongoDB Inc. (2021 - Present)
- Designed and deployed enterprise-grade systems utilizing Go and Kubernetes, improving throughput by 35%.
- Collaborated with engineering stakeholders to optimize data pipelines and system reliability using Docker.
- Reduced system downtime and latency by 29% through proactive monitoring and automated CI/CD workflows.

Cybersecurity Engineer | Airbnb (2020 - 2021)
- Designed and deployed enterprise-grade systems utilizing Go and Kubernetes, improving throughput by 35%.
- Collaborated with engineering stakeholders to optimize data pipelines and system reliability using Docker.
- Reduced system downtime and latency by 17% through proactive monitoring and automated CI/CD workflows.

EDUCATION
B.S. in Electrical and Computer Engineering, UC Berkeley (Graduated 2020)
","Go, Kubernetes, Docker, Linux, Unit Testing"
RES-0227,Rahul Smith,rahul.smith64@synthetic-talent.org,+1 (555) 561-7968,Machine Learning Engineer,2,Junior,Bachelor,B.S. in Computer Science,Cornell University,"PyTorch, Large Language Models, REST APIs, Docker, Transformers, Agile, CI/CD","Rahul Smith
rahul.smith64@synthetic-talent.org | +1 (555) 561-7968 | Location: New York, NY

PROFESSIONAL SUMMARY
Results-driven Machine Learning Engineer with 2 years of industry experience specializing in PyTorch, Large Language Models, REST APIs, Docker. Proven background building scalable solutions, collaborating across agile teams, and driving measurable engineering impact.

TECHNICAL SKILLS
PyTorch, Large Language Models, REST APIs, Docker, Transformers, Agile, CI/CD

PROFESSIONAL EXPERIENCE
Machine Learning Engineer | Intel (2023 - Present)
- Designed and deployed enterprise-grade systems utilizing PyTorch and Large Language Models, improving throughput by 43%.
- Collaborated with engineering stakeholders to optimize data pipelines and system reliability using REST APIs.
- Reduced system downtime and latency by 21% through proactive monitoring and automated CI/CD workflows.

EDUCATION
B.S. in Computer Science, Cornell University (Graduated 2023)
","PyTorch, Large Language Models, REST APIs, Docker, Transformers, Agile, CI/CD"
RES-0228,Vikram Taylor,vikram.taylor58@synthetic-talent.org,+1 (555) 622-5821,Full Stack Engineer,1,Junior,Bachelor,B.Tech in Computer Science and Engineering,University of Michigan,"FastAPI, Node.js, AWS, GraphQL, Jira, Docker, PostgreSQL, React, Agile, Redis, Python, CI/CD","Vikram Taylor
vikram.taylor58@synthetic-talent.org | +1 (555) 622-5821 | Location: New York, NY

PROFESSIONAL SUMMARY
Results-driven Full Stack Engineer with 1 years of industry experience specializing in FastAPI, Node.js, AWS, GraphQL. Proven background building scalable solutions, collaborating across agile teams, and driving measurable engineering impact.

TECHNICAL SKILLS
FastAPI, Node.js, AWS, GraphQL, Jira, Docker, PostgreSQL, React, Agile, Redis, Python, CI/CD

PROFESSIONAL EXPERIENCE
Full Stack Engineer | NVIDIA (2024 - Present)
- Designed and deployed enterprise-grade systems utilizing FastAPI and Node.js, improving throughput by 33%.
- Collaborated with engineering stakeholders to optimize data pipelines and system reliability using AWS.
- Reduced system downtime and latency by 17% through proactive monitoring and automated CI/CD workflows.

EDUCATION
B.Tech in Computer Science and Engineering, University of Michigan (Graduated 2024)
","FastAPI, Node.js, AWS, GraphQL, Jira, Docker, PostgreSQL, React, Agile, Redis, Python, CI/CD"
RES-0229,Zoe Smith,zoe.smith35@synthetic-talent.org,+1 (555) 449-7404,Data Engineer,1,Junior,Master,M.S. in Computer Science,UT Austin,"Jira, Spark, PostgreSQL, SQL, Snowflake, Agile, Kafka, Python, Airflow","Zoe Smith
zoe.smith35@synthetic-talent.org | +1 (555) 449-7404 | Location: New York, NY

PROFESSIONAL SUMMARY
Results-driven Data Engineer with 1 years of industry experience specializing in Jira, Spark, PostgreSQL, SQL. Proven background building scalable solutions, collaborating across agile teams, and driving measurable engineering impact.

TECHNICAL SKILLS
Jira, Spark, PostgreSQL, SQL, Snowflake, Agile, Kafka, Python, Airflow

PROFESSIONAL EXPERIENCE
Data Engineer | Google (2024 - Present)
- Designed and deployed enterprise-grade systems utilizing Jira and Spark, improving throughput by 42%.
- Collaborated with engineering stakeholders to optimize data pipelines and system reliability using PostgreSQL.
- Reduced system downtime and latency by 19% through proactive monitoring and automated CI/CD workflows.

EDUCATION
M.S. in Computer Science, UT Austin (Graduated 2024)
","Jira, Spark, PostgreSQL, SQL, Snowflake, Agile, Kafka, Python, Airflow"
RES-0230,Liam Smith,liam.smith98@synthetic-talent.org,+1 (555) 928-4587,Frontend Engineer,6,Senior,Bachelor,B.S. in Computer Science,Cornell University,"Node.js, TypeScript, GraphQL, JavaScript, Jira, HTML/CSS, Next.js, React, CI/CD, Unit Testing","Liam Smith
liam.smith98@synthetic-talent.org | +1 (555) 928-4587 | Location: New York, NY

PROFESSIONAL SUMMARY
Results-driven Frontend Engineer with 6 years of industry experience specializing in Node.js, TypeScript, GraphQL, JavaScript. Proven background building scalable solutions, collaborating across agile teams, and driving measurable engineering impact.

TECHNICAL SKILLS
Node.js, TypeScript, GraphQL, JavaScript, Jira, HTML/CSS, Next.js, React, CI/CD, Unit Testing

PROFESSIONAL EXPERIENCE
Senior Frontend Engineer | Reddit (2023 - Present)
- Designed and deployed enterprise-grade systems utilizing Node.js and TypeScript, improving throughput by 43%.
- Collaborated with engineering stakeholders to optimize data pipelines and system reliability using GraphQL.
- Reduced system downtime and latency by 20% through proactive monitoring and automated CI/CD workflows.

Senior Frontend Engineer | Coinbase (2019 - 2023)
- Designed and deployed enterprise-grade systems utilizing Node.js and TypeScript, improving throughput by 17%.
- Collaborated with engineering stakeholders to optimize data pipelines and system reliability using GraphQL.
- Reduced system downtime and latency by 16% through proactive monitoring and automated CI/CD workflows.

EDUCATION
B.S. in Computer Science, Cornell University (Graduated 2019)
","Node.js, TypeScript, GraphQL, JavaScript, Jira, HTML/CSS, Next.js, React, CI/CD, Unit Testing"
RES-0231,Aisha Rodriguez,aisha.rodriguez73@synthetic-talent.org,+1 (555) 852-5865,Full Stack Engineer,7,Senior,Bachelor,B.Tech in Computer Science and Engineering,University of Illinois Urbana-Champaign,"FastAPI, Node.js, TypeScript, Jira, PostgreSQL, React, Agile, Redis","Aisha Rodriguez
aisha.rodriguez73@synthetic-talent.org | +1 (555) 852-5865 | Location: New York, NY

PROFESSIONAL SUMMARY
Results-driven Full Stack Engineer with 7 years of industry experience specializing in FastAPI, Node.js, TypeScript, Jira. Proven background building scalable solutions, collaborating across agile teams, and driving measurable engineering impact.

TECHNICAL SKILLS
FastAPI, Node.js, TypeScript, Jira, PostgreSQL, React, Agile, Redis

PROFESSIONAL EXPERIENCE
Senior Full Stack Engineer | Cisco (2022 - Present)
- Designed and deployed enterprise-grade systems utilizing FastAPI and Node.js, improving throughput by 30%.
- Collaborated with engineering stakeholders to optimize data pipelines and system reliability using TypeScript.
- Reduced system downtime and latency by 14% through proactive monitoring and automated CI/CD workflows.

Senior Full Stack Engineer | Meta (2018 - 2022)
- Designed and deployed enterprise-grade systems utilizing FastAPI and Node.js, improving throughput by 41%.
- Collaborated with engineering stakeholders to optimize data pipelines and system reliability using TypeScript.
- Reduced system downtime and latency by 13% through proactive monitoring and automated CI/CD workflows.

EDUCATION
B.Tech in Computer Science and Engineering, University of Illinois Urbana-Champaign (Graduated 2018)
","FastAPI, Node.js, TypeScript, Jira, PostgreSQL, React, Agile, Redis"
RES-0232,Rahul Brown,rahul.brown53@synthetic-talent.org,+1 (555) 447-5167,Data Engineer,2,Mid-Level,Bachelor,B.S. in Electrical and Computer Engineering,BITS Pilani,"AWS, Terraform, Spark, Docker, PostgreSQL, SQL, Agile, Kafka, Python, Unit Testing, Airflow","Rahul Brown
rahul.brown53@synthetic-talent.org | +1 (555) 447-5167 | Location: New York, NY

PROFESSIONAL SUMMARY
Results-driven Data Engineer with 2 years of industry experience specializing in AWS, Terraform, Spark, Docker. Proven background building scalable solutions, collaborating across agile teams, and driving measurable engineering impact.

TECHNICAL SKILLS
AWS, Terraform, Spark, Docker, PostgreSQL, SQL, Agile, Kafka, Python, Unit Testing, Airflow

PROFESSIONAL EXPERIENCE
Data Engineer | Robinhood (2023 - Present)
- Designed and deployed enterprise-grade systems utilizing AWS and Terraform, improving throughput by 38%.
- Collaborated with engineering stakeholders to optimize data pipelines and system reliability using Spark.
- Reduced system downtime and latency by 10% through proactive monitoring and automated CI/CD workflows.

EDUCATION
B.S. in Electrical and Computer Engineering, BITS Pilani (Graduated 2023)
","AWS, Terraform, Spark, Docker, PostgreSQL, SQL, Agile, Kafka, Python, Unit Testing, Airflow"
RES-0233,Alex Vance,alex.vance93@synthetic-talent.org,+1 (555) 663-2358,Data Engineer,2,Mid-Level,Bachelor,B.Tech in Computer Science and Engineering,MIT,"GCP, Terraform, Docker, PostgreSQL, Linux, SQL, Agile, Kafka, Python, Snowflake","Alex Vance
alex.vance93@synthetic-talent.org | +1 (555) 663-2358 | Location: New York, NY

PROFESSIONAL SUMMARY
Results-driven Data Engineer with 2 years of industry experience specializing in GCP, Terraform, Docker, PostgreSQL. Proven background building scalable solutions, collaborating across agile teams, and driving measurable engineering impact.

TECHNICAL SKILLS
GCP, Terraform, Docker, PostgreSQL, Linux, SQL, Agile, Kafka, Python, Snowflake

PROFESSIONAL EXPERIENCE
Data Engineer | Splunk (2023 - Present)
- Designed and deployed enterprise-grade systems utilizing GCP and Terraform, improving throughput by 45%.
- Collaborated with engineering stakeholders to optimize data pipelines and system reliability using Docker.
- Reduced system downtime and latency by 11% through proactive monitoring and automated CI/CD workflows.

EDUCATION
B.Tech in Computer Science and Engineering, MIT (Graduated 2023)
","GCP, Terraform, Docker, PostgreSQL, Linux, SQL, Agile, Kafka, Python, Snowflake"
RES-0234,Chen Chen,chen.chen54@synthetic-talent.org,+1 (555) 178-7915,Backend Engineer,2,Mid-Level,Bachelor,B.S. in Electrical and Computer Engineering,Georgia Tech,"AWS, Node.js, System Design, FastAPI, Java, Go, Kubernetes, Jira, Code Review, Redis, Kafka, Python, CI/CD","Chen Chen
chen.chen54@synthetic-talent.org | +1 (555) 178-7915 | Location: New York, NY

PROFESSIONAL SUMMARY
Results-driven Backend Engineer with 2 years of industry experience specializing in AWS, Node.js, System Design, FastAPI. Proven background building scalable solutions, collaborating across agile teams, and driving measurable engineering impact.

TECHNICAL SKILLS
AWS, Node.js, System Design, FastAPI, Java, Go, Kubernetes, Jira, Code Review, Redis, Kafka, Python, CI/CD

PROFESSIONAL EXPERIENCE
Backend Engineer | Workday (2023 - Present)
- Designed and deployed enterprise-grade systems utilizing AWS and Node.js, improving throughput by 27%.
- Collaborated with engineering stakeholders to optimize data pipelines and system reliability using System Design.
- Reduced system downtime and latency by 27% through proactive monitoring and automated CI/CD workflows.

EDUCATION
B.S. in Electrical and Computer Engineering, Georgia Tech (Graduated 2023)
","AWS, Node.js, System Design, FastAPI, Java, Go, Kubernetes, Jira, Code Review, Redis, Kafka, Python, CI/CD"
RES-0235,Arjun Johnson,arjun.johnson77@synthetic-talent.org,+1 (555) 838-4448,Full Stack Engineer,8,Senior,Master,M.S. in Machine Learning and Data Science,IIT Bombay,"FastAPI, Node.js, AWS, TypeScript, GraphQL, Docker, Git, PostgreSQL, Linux, Redis, Python","Arjun Johnson
arjun.johnson77@synthetic-talent.org | +1 (555) 838-4448 | Location: New York, NY

PROFESSIONAL SUMMARY
Results-driven Full Stack Engineer with 8 years of industry experience specializing in FastAPI, Node.js, AWS, TypeScript. Proven background building scalable solutions, collaborating across agile teams, and driving measurable engineering impact.

TECHNICAL SKILLS
FastAPI, Node.js, AWS, TypeScript, GraphQL, Docker, Git, PostgreSQL, Linux, Redis, Python

PROFESSIONAL EXPERIENCE
Senior Full Stack Engineer | Palantir (2022 - Present)
- Designed and deployed enterprise-grade systems utilizing FastAPI and Node.js, improving throughput by 17%.
- Collaborated with engineering stakeholders to optimize data pipelines and system reliability using AWS.
- Reduced system downtime and latency by 20% through proactive monitoring and automated CI/CD workflows.

Senior Full Stack Engineer | Splunk (2018 - 2022)
- Designed and deployed enterprise-grade systems utilizing FastAPI and Node.js, improving throughput by 22%.
- Collaborated with engineering stakeholders to optimize data pipelines and system reliability using AWS.
- Reduced system downtime and latency by 13% through proactive monitoring and automated CI/CD workflows.

Senior Full Stack Engineer | Amazon (2017 - 2018)
- Designed and deployed enterprise-grade systems utilizing FastAPI and Node.js, improving throughput by 17%.
- Collaborated with engineering stakeholders to optimize data pipelines and system reliability using AWS.
- Reduced system downtime and latency by 30% through proactive monitoring and automated CI/CD workflows.

EDUCATION
M.S. in Machine Learning and Data Science, IIT Bombay (Graduated 2017)
","FastAPI, Node.js, AWS, TypeScript, GraphQL, Docker, Git, PostgreSQL, Linux, Redis, Python"
RES-0236,Jordan Vance,jordan.vance68@synthetic-talent.org,+1 (555) 732-3320,Full Stack Engineer,2,Junior,Master,M.S. in Computer Science,UC Berkeley,"AWS, Node.js, FastAPI, TypeScript, GraphQL, Docker, PostgreSQL, React, Code Review, Agile, Redis, Python, CI/CD","Jordan Vance
jordan.vance68@synthetic-talent.org | +1 (555) 732-3320 | Location: New York, NY

PROFESSIONAL SUMMARY
Results-driven Full Stack Engineer with 2 years of industry experience specializing in AWS, Node.js, FastAPI, TypeScript. Proven background building scalable solutions, collaborating across agile teams, and driving measurable engineering impact.

TECHNICAL SKILLS
AWS, Node.js, FastAPI, TypeScript, GraphQL, Docker, PostgreSQL, React, Code Review, Agile, Redis, Python, CI/CD

PROFESSIONAL EXPERIENCE
Full Stack Engineer | Zscaler (2023 - Present)
- Designed and deployed enterprise-grade systems utilizing AWS and Node.js, improving throughput by 43%.
- Collaborated with engineering stakeholders to optimize data pipelines and system reliability using FastAPI.
- Reduced system downtime and latency by 24% through proactive monitoring and automated CI/CD workflows.

EDUCATION
M.S. in Computer Science, UC Berkeley (Graduated 2023)
","AWS, Node.js, FastAPI, TypeScript, GraphQL, Docker, PostgreSQL, React, Code Review, Agile, Redis, Python, CI/CD"
RES-0237,Emma Rodriguez,emma.rodriguez58@synthetic-talent.org,+1 (555) 250-3794,Machine Learning Engineer,0,Junior,Bachelor,B.S. in Computer Science,BITS Pilani,"FastAPI, AWS, Machine Learning, PyTorch, Large Language Models, Git, Linux","Emma Rodriguez
emma.rodriguez58@synthetic-talent.org | +1 (555) 250-3794 | Location: New York, NY

PROFESSIONAL SUMMARY
Results-driven Machine Learning Engineer with 0 years of industry experience specializing in FastAPI, AWS, Machine Learning, PyTorch. Proven background building scalable solutions, collaborating across agile teams, and driving measurable engineering impact.

TECHNICAL SKILLS
FastAPI, AWS, Machine Learning, PyTorch, Large Language Models, Git, Linux

PROFESSIONAL EXPERIENCE
Software Engineering Intern | Netflix (Summer 2024)
- Developed automated test suites and backend features with FastAPI.
- Collaborated in daily standups and contributed to production pull requests.

EDUCATION
B.S. in Computer Science, BITS Pilani (Graduated 2025)
","FastAPI, AWS, Machine Learning, PyTorch, Large Language Models, Git, Linux"
RES-0238,Liam Brown,liam.brown58@synthetic-talent.org,+1 (555) 596-2868,Backend Engineer,7,Senior,Master,M.S. in Computer Science,BITS Pilani,"FastAPI, Node.js, System Design, Java, Go, REST APIs, Jira, Docker, PostgreSQL, Redis, Python","Liam Brown
liam.brown58@synthetic-talent.org | +1 (555) 596-2868 | Location: New York, NY

PROFESSIONAL SUMMARY
Results-driven Backend Engineer with 7 years of industry experience specializing in FastAPI, Node.js, System Design, Java. Proven background building scalable solutions, collaborating across agile teams, and driving measurable engineering impact.

TECHNICAL SKILLS
FastAPI, Node.js, System Design, Java, Go, REST APIs, Jira, Docker, PostgreSQL, Redis, Python

PROFESSIONAL EXPERIENCE
Senior Backend Engineer | Square / Block (2023 - Present)
- Designed and deployed enterprise-grade systems utilizing FastAPI and Node.js, improving throughput by 15%.
- Collaborated with engineering stakeholders to optimize data pipelines and system reliability using System Design.
- Reduced system downtime and latency by 18% through proactive monitoring and automated CI/CD workflows.

Senior Backend Engineer | Intel (2021 - 2023)
- Designed and deployed enterprise-grade systems utilizing FastAPI and Node.js, improving throughput by 40%.
- Collaborated with engineering stakeholders to optimize data pipelines and system reliability using System Design.
- Reduced system downtime and latency by 26% through proactive monitoring and automated CI/CD workflows.

Senior Backend Engineer | Netflix (2018 - 2021)
- Designed and deployed enterprise-grade systems utilizing FastAPI and Node.js, improving throughput by 40%.
- Collaborated with engineering stakeholders to optimize data pipelines and system reliability using System Design.
- Reduced system downtime and latency by 24% through proactive monitoring and automated CI/CD workflows.

EDUCATION
M.S. in Computer Science, BITS Pilani (Graduated 2018)
","FastAPI, Node.js, System Design, Java, Go, REST APIs, Jira, Docker, PostgreSQL, Redis, Python"
RES-0239,Rahul Taylor,rahul.taylor44@synthetic-talent.org,+1 (555) 102-7359,Frontend Engineer,2,Junior,Bachelor,B.S. in Computer Science,IIT Bombay,"GraphQL, JavaScript, Docker, React, Linux, Code Review","Rahul Taylor
rahul.taylor44@synthetic-talent.org | +1 (555) 102-7359 | Location: New York, NY

PROFESSIONAL SUMMARY
Results-driven Frontend Engineer with 2 years of industry experience specializing in GraphQL, JavaScript, Docker, React. Proven background building scalable solutions, collaborating across agile teams, and driving measurable engineering impact.

TECHNICAL SKILLS
GraphQL, JavaScript, Docker, React, Linux, Code Review

PROFESSIONAL EXPERIENCE
Frontend Engineer | Cisco (2023 - Present)
- Designed and deployed enterprise-grade systems utilizing GraphQL and JavaScript, improving throughput by 35%.
- Collaborated with engineering stakeholders to optimize data pipelines and system reliability using Docker.
- Reduced system downtime and latency by 15% through proactive monitoring and automated CI/CD workflows.

EDUCATION
B.S. in Computer Science, IIT Bombay (Graduated 2023)
","GraphQL, JavaScript, Docker, React, Linux, Code Review"
RES-0240,David Tanaka,david.tanaka49@synthetic-talent.org,+1 (555) 120-4768,Machine Learning Engineer,4,Mid-Level,Bachelor,B.Tech in Computer Science and Engineering,BITS Pilani,"Machine Learning, GCP, Large Language Models, Kubernetes, Docker, Transformers, Linux, Agile, CI/CD","David Tanaka
david.tanaka49@synthetic-talent.org | +1 (555) 120-4768 | Location: New York, NY

PROFESSIONAL SUMMARY
Results-driven Machine Learning Engineer with 4 years of industry experience specializing in Machine Learning, GCP, Large Language Models, Kubernetes. Proven background building scalable solutions, collaborating across agile teams, and driving measurable engineering impact.

TECHNICAL SKILLS
Machine Learning, GCP, Large Language Models, Kubernetes, Docker, Transformers, Linux, Agile, CI/CD

PROFESSIONAL EXPERIENCE
Senior Machine Learning Engineer | Atlassian (2021 - Present)
- Designed and deployed enterprise-grade systems utilizing Machine Learning and GCP, improving throughput by 17%.
- Collaborated with engineering stakeholders to optimize data pipelines and system reliability using Large Language Models.
- Reduced system downtime and latency by 30% through proactive monitoring and automated CI/CD workflows.

EDUCATION
B.Tech in Computer Science and Engineering, BITS Pilani (Graduated 2021)
","Machine Learning, GCP, Large Language Models, Kubernetes, Docker, Transformers, Linux, Agile, CI/CD"
RES-0241,Chloe Taylor,chloe.taylor49@synthetic-talent.org,+1 (555) 331-1802,Data Engineer,11,Lead/Staff,Bachelor,B.S. in Electrical and Computer Engineering,Delhi Technological University,"GCP, Terraform, Spark, Docker, PostgreSQL, Linux, SQL, Snowflake, Agile, Kafka, Python, Airflow","Chloe Taylor
chloe.taylor49@synthetic-talent.org | +1 (555) 331-1802 | Location: New York, NY

PROFESSIONAL SUMMARY
Results-driven Data Engineer with 11 years of industry experience specializing in GCP, Terraform, Spark, Docker. Proven background building scalable solutions, collaborating across agile teams, and driving measurable engineering impact.

TECHNICAL SKILLS
GCP, Terraform, Spark, Docker, PostgreSQL, Linux, SQL, Snowflake, Agile, Kafka, Python, Airflow

PROFESSIONAL EXPERIENCE
Senior Data Engineer | Square / Block (2023 - Present)
- Designed and deployed enterprise-grade systems utilizing GCP and Terraform, improving throughput by 18%.
- Collaborated with engineering stakeholders to optimize data pipelines and system reliability using Spark.
- Reduced system downtime and latency by 24% through proactive monitoring and automated CI/CD workflows.

Senior Data Engineer | Uber (2019 - 2023)
- Designed and deployed enterprise-grade systems utilizing GCP and Terraform, improving throughput by 41%.
- Collaborated with engineering stakeholders to optimize data pipelines and system reliability using Spark.
- Reduced system downtime and latency by 20% through proactive monitoring and automated CI/CD workflows.

Senior Data Engineer | CrowdStrike (2017 - 2019)
- Designed and deployed enterprise-grade systems utilizing GCP and Terraform, improving throughput by 38%.
- Collaborated with engineering stakeholders to optimize data pipelines and system reliability using Spark.
- Reduced system downtime and latency by 20% through proactive monitoring and automated CI/CD workflows.

Senior Data Engineer | Netflix (2014 - 2017)
- Designed and deployed enterprise-grade systems utilizing GCP and Terraform, improving throughput by 39%.
- Collaborated with engineering stakeholders to optimize data pipelines and system reliability using Spark.
- Reduced system downtime and latency by 19% through proactive monitoring and automated CI/CD workflows.

EDUCATION
B.S. in Electrical and Computer Engineering, Delhi Technological University (Graduated 2014)
","GCP, Terraform, Spark, Docker, PostgreSQL, Linux, SQL, Snowflake, Agile, Kafka, Python, Airflow"
RES-0242,Priya Sharma,priya.sharma82@synthetic-talent.org,+1 (555) 909-7523,Machine Learning Engineer,12,Lead/Staff,Master,M.S. in Machine Learning and Data Science,Cornell University,"FastAPI, PyTorch, Machine Learning, GCP, Large Language Models, Kubernetes, Docker, Transformers, Linux, Kafka, Python, Unit Testing","Priya Sharma
priya.sharma82@synthetic-talent.org | +1 (555) 909-7523 | Location: New York, NY

PROFESSIONAL SUMMARY
Results-driven Machine Learning Engineer with 12 years of industry experience specializing in FastAPI, PyTorch, Machine Learning, GCP. Proven background building scalable solutions, collaborating across agile teams, and driving measurable engineering impact.

TECHNICAL SKILLS
FastAPI, PyTorch, Machine Learning, GCP, Large Language Models, Kubernetes, Docker, Transformers, Linux, Kafka, Python, Unit Testing

PROFESSIONAL EXPERIENCE
Senior Machine Learning Engineer | Lyft (2021 - Present)
- Designed and deployed enterprise-grade systems utilizing FastAPI and PyTorch, improving throughput by 39%.
- Collaborated with engineering stakeholders to optimize data pipelines and system reliability using Machine Learning.
- Reduced system downtime and latency by 17% through proactive monitoring and automated CI/CD workflows.

Senior Machine Learning Engineer | Twilio (2017 - 2021)
- Designed and deployed enterprise-grade systems utilizing FastAPI and PyTorch, improving throughput by 18%.
- Collaborated with engineering stakeholders to optimize data pipelines and system reliability using Machine Learning.
- Reduced system downtime and latency by 28% through proactive monitoring and automated CI/CD workflows.

Senior Machine Learning Engineer | Square / Block (2015 - 2017)
- Designed and deployed enterprise-grade systems utilizing FastAPI and PyTorch, improving throughput by 26%.
- Collaborated with engineering stakeholders to optimize data pipelines and system reliability using Machine Learning.
- Reduced system downtime and latency by 22% through proactive monitoring and automated CI/CD workflows.

Senior Machine Learning Engineer | Oracle (2013 - 2015)
- Designed and deployed enterprise-grade systems utilizing FastAPI and PyTorch, improving throughput by 15%.
- Collaborated with engineering stakeholders to optimize data pipelines and system reliability using Machine Learning.
- Reduced system downtime and latency by 27% through proactive monitoring and automated CI/CD workflows.

EDUCATION
M.S. in Machine Learning and Data Science, Cornell University (Graduated 2013)
","FastAPI, PyTorch, Machine Learning, GCP, Large Language Models, Kubernetes, Docker, Transformers, Linux, Kafka, Python, Unit Testing"
RES-0243,Jordan Brown,jordan.brown95@synthetic-talent.org,+1 (555) 663-3851,Full Stack Engineer,8,Senior,Master,M.S. in Computer Science,Carnegie Mellon University,"FastAPI, Node.js, AWS, GraphQL, Docker, Git, PostgreSQL, React, Agile, Python","Jordan Brown
jordan.brown95@synthetic-talent.org | +1 (555) 663-3851 | Location: New York, NY

PROFESSIONAL SUMMARY
Results-driven Full Stack Engineer with 8 years of industry experience specializing in FastAPI, Node.js, AWS, GraphQL. Proven background building scalable solutions, collaborating across agile teams, and driving measurable engineering impact.

TECHNICAL SKILLS
FastAPI, Node.js, AWS, GraphQL, Docker, Git, PostgreSQL, React, Agile, Python

PROFESSIONAL EXPERIENCE
Senior Full Stack Engineer | Coinbase (2021 - Present)
- Designed and deployed enterprise-grade systems utilizing FastAPI and Node.js, improving throughput by 23%.
- Collaborated with engineering stakeholders to optimize data pipelines and system reliability using AWS.
- Reduced system downtime and latency by 29% through proactive monitoring and automated CI/CD workflows.

Senior Full Stack Engineer | Adobe (2018 - 2021)
- Designed and deployed enterprise-grade systems utilizing FastAPI and Node.js, improving throughput by 29%.
- Collaborated with engineering stakeholders to optimize data pipelines and system reliability using AWS.
- Reduced system downtime and latency by 29% through proactive monitoring and automated CI/CD workflows.

Senior Full Stack Engineer | Cisco (2017 - 2018)
- Designed and deployed enterprise-grade systems utilizing FastAPI and Node.js, improving throughput by 35%.
- Collaborated with engineering stakeholders to optimize data pipelines and system reliability using AWS.
- Reduced system downtime and latency by 15% through proactive monitoring and automated CI/CD workflows.

EDUCATION
M.S. in Computer Science, Carnegie Mellon University (Graduated 2017)
","FastAPI, Node.js, AWS, GraphQL, Docker, Git, PostgreSQL, React, Agile, Python"
RES-0244,Jordan Johnson,jordan.johnson59@synthetic-talent.org,+1 (555) 483-3120,Backend Engineer,8,Senior,Master,M.S. in Machine Learning and Data Science,Georgia Tech,"AWS, Node.js, System Design, FastAPI, Go, Kubernetes, PostgreSQL, Code Review, Agile, Kafka, Python, CI/CD","Jordan Johnson
jordan.johnson59@synthetic-talent.org | +1 (555) 483-3120 | Location: New York, NY

PROFESSIONAL SUMMARY
Results-driven Backend Engineer with 8 years of industry experience specializing in AWS, Node.js, System Design, FastAPI. Proven background building scalable solutions, collaborating across agile teams, and driving measurable engineering impact.

TECHNICAL SKILLS
AWS, Node.js, System Design, FastAPI, Go, Kubernetes, PostgreSQL, Code Review, Agile, Kafka, Python, CI/CD

PROFESSIONAL EXPERIENCE
Senior Backend Engineer | Google (2021 - Present)
- Designed and deployed enterprise-grade systems utilizing AWS and Node.js, improving throughput by 37%.
- Collaborated with engineering stakeholders to optimize data pipelines and system reliability using System Design.
- Reduced system downtime and latency by 26% through proactive monitoring and automated CI/CD workflows.

Senior Backend Engineer | Splunk (2019 - 2021)
- Designed and deployed enterprise-grade systems utilizing AWS and Node.js, improving throughput by 26%.
- Collaborated with engineering stakeholders to optimize data pipelines and system reliability using System Design.
- Reduced system downtime and latency by 12% through proactive monitoring and automated CI/CD workflows.

Senior Backend Engineer | Snowflake (2017 - 2019)
- Designed and deployed enterprise-grade systems utilizing AWS and Node.js, improving throughput by 22%.
- Collaborated with engineering stakeholders to optimize data pipelines and system reliability using System Design.
- Reduced system downtime and latency by 14% through proactive monitoring and automated CI/CD workflows.

EDUCATION
M.S. in Machine Learning and Data Science, Georgia Tech (Graduated 2017)
","AWS, Node.js, System Design, FastAPI, Go, Kubernetes, PostgreSQL, Code Review, Agile, Kafka, Python, CI/CD"
RES-0245,Priya Anderson,priya.anderson33@synthetic-talent.org,+1 (555) 934-3606,Cybersecurity Engineer,1,Junior,Master,M.S. in Computer Science,Cornell University,"AWS, Terraform, Go, Kubernetes, Docker, Git, PostgreSQL, Agile, CI/CD","Priya Anderson
priya.anderson33@synthetic-talent.org | +1 (555) 934-3606 | Location: New York, NY

PROFESSIONAL SUMMARY
Results-driven Cybersecurity Engineer with 1 years of industry experience specializing in AWS, Terraform, Go, Kubernetes. Proven background building scalable solutions, collaborating across agile teams, and driving measurable engineering impact.

TECHNICAL SKILLS
AWS, Terraform, Go, Kubernetes, Docker, Git, PostgreSQL, Agile, CI/CD

PROFESSIONAL EXPERIENCE
Cybersecurity Engineer | Zscaler (2024 - Present)
- Designed and deployed enterprise-grade systems utilizing AWS and Terraform, improving throughput by 34%.
- Collaborated with engineering stakeholders to optimize data pipelines and system reliability using Go.
- Reduced system downtime and latency by 27% through proactive monitoring and automated CI/CD workflows.

EDUCATION
M.S. in Computer Science, Cornell University (Graduated 2024)
","AWS, Terraform, Go, Kubernetes, Docker, Git, PostgreSQL, Agile, CI/CD"
RES-0246,Liam Chen,liam.chen44@synthetic-talent.org,+1 (555) 998-6142,Machine Learning Engineer,3,Mid-Level,Bachelor,B.S. in Electrical and Computer Engineering,Cornell University,"FastAPI, PyTorch, Machine Learning, GCP, Kubernetes, REST APIs, Docker, Linux, Python, CI/CD","Liam Chen
liam.chen44@synthetic-talent.org | +1 (555) 998-6142 | Location: New York, NY

PROFESSIONAL SUMMARY
Results-driven Machine Learning Engineer with 3 years of industry experience specializing in FastAPI, PyTorch, Machine Learning, GCP. Proven background building scalable solutions, collaborating across agile teams, and driving measurable engineering impact.

TECHNICAL SKILLS
FastAPI, PyTorch, Machine Learning, GCP, Kubernetes, REST APIs, Docker, Linux, Python, CI/CD

PROFESSIONAL EXPERIENCE
Machine Learning Engineer | Cisco (2022 - Present)
- Designed and deployed enterprise-grade systems utilizing FastAPI and PyTorch, improving throughput by 22%.
- Collaborated with engineering stakeholders to optimize data pipelines and system reliability using Machine Learning.
- Reduced system downtime and latency by 21% through proactive monitoring and automated CI/CD workflows.

EDUCATION
B.S. in Electrical and Computer Engineering, Cornell University (Graduated 2022)
","FastAPI, PyTorch, Machine Learning, GCP, Kubernetes, REST APIs, Docker, Linux, Python, CI/CD"
RES-0247,Arjun Tanaka,arjun.tanaka29@synthetic-talent.org,+1 (555) 441-7108,Data Engineer,4,Mid-Level,Bachelor,B.Tech in Computer Science and Engineering,UT Austin,"AWS, Linux, Code Review, Kafka, Python, Airflow, Snowflake","Arjun Tanaka
arjun.tanaka29@synthetic-talent.org | +1 (555) 441-7108 | Location: New York, NY

PROFESSIONAL SUMMARY
Results-driven Data Engineer with 4 years of industry experience specializing in AWS, Linux, Code Review, Kafka. Proven background building scalable solutions, collaborating across agile teams, and driving measurable engineering impact.

TECHNICAL SKILLS
AWS, Linux, Code Review, Kafka, Python, Airflow, Snowflake

PROFESSIONAL EXPERIENCE
Senior Data Engineer | Workday (2021 - Present)
- Designed and deployed enterprise-grade systems utilizing AWS and Linux, improving throughput by 22%.
- Collaborated with engineering stakeholders to optimize data pipelines and system reliability using Code Review.
- Reduced system downtime and latency by 29% through proactive monitoring and automated CI/CD workflows.

EDUCATION
B.Tech in Computer Science and Engineering, UT Austin (Graduated 2021)
","AWS, Linux, Code Review, Kafka, Python, Airflow, Snowflake"
RES-0248,Sarah Anderson,sarah.anderson32@synthetic-talent.org,+1 (555) 514-4332,Cybersecurity Engineer,4,Mid-Level,Bachelor,B.Tech in Computer Science and Engineering,UC Berkeley,"Kubernetes, Docker, Linux, Code Review, Agile, Python, CI/CD","Sarah Anderson
sarah.anderson32@synthetic-talent.org | +1 (555) 514-4332 | Location: New York, NY

PROFESSIONAL SUMMARY
Results-driven Cybersecurity Engineer with 4 years of industry experience specializing in Kubernetes, Docker, Linux, Code Review. Proven background building scalable solutions, collaborating across agile teams, and driving measurable engineering impact.

TECHNICAL SKILLS
Kubernetes, Docker, Linux, Code Review, Agile, Python, CI/CD

PROFESSIONAL EXPERIENCE
Cybersecurity Engineer | Cisco (2022 - Present)
- Designed and deployed enterprise-grade systems utilizing Kubernetes and Docker, improving throughput by 22%.
- Collaborated with engineering stakeholders to optimize data pipelines and system reliability using Linux.
- Reduced system downtime and latency by 17% through proactive monitoring and automated CI/CD workflows.

Cybersecurity Engineer | Amazon (2021 - 2022)
- Designed and deployed enterprise-grade systems utilizing Kubernetes and Docker, improving throughput by 44%.
- Collaborated with engineering stakeholders to optimize data pipelines and system reliability using Linux.
- Reduced system downtime and latency by 18% through proactive monitoring and automated CI/CD workflows.

EDUCATION
B.Tech in Computer Science and Engineering, UC Berkeley (Graduated 2021)
","Kubernetes, Docker, Linux, Code Review, Agile, Python, CI/CD"
RES-0249,Michael Kim,michael.kim35@synthetic-talent.org,+1 (555) 592-2437,Backend Engineer,2,Mid-Level,Bachelor,B.Tech in Computer Science and Engineering,MIT,"AWS, System Design, Java, Go, Jira, Docker, Redis, Kafka, Python, Unit Testing","Michael Kim
michael.kim35@synthetic-talent.org | +1 (555) 592-2437 | Location: New York, NY

PROFESSIONAL SUMMARY
Results-driven Backend Engineer with 2 years of industry experience specializing in AWS, System Design, Java, Go. Proven background building scalable solutions, collaborating across agile teams, and driving measurable engineering impact.

TECHNICAL SKILLS
AWS, System Design, Java, Go, Jira, Docker, Redis, Kafka, Python, Unit Testing

PROFESSIONAL EXPERIENCE
Backend Engineer | Square / Block (2023 - Present)
- Designed and deployed enterprise-grade systems utilizing AWS and System Design, improving throughput by 24%.
- Collaborated with engineering stakeholders to optimize data pipelines and system reliability using Java.
- Reduced system downtime and latency by 17% through proactive monitoring and automated CI/CD workflows.

EDUCATION
B.Tech in Computer Science and Engineering, MIT (Graduated 2023)
","AWS, System Design, Java, Go, Jira, Docker, Redis, Kafka, Python, Unit Testing"
RES-0250,Liam Wilson,liam.wilson69@synthetic-talent.org,+1 (555) 832-8974,Data Engineer,5,Mid-Level,Master,M.S. in Machine Learning and Data Science,Cornell University,"AWS, Docker, Spark, Git, SQL, Agile, Airflow","Liam Wilson
liam.wilson69@synthetic-talent.org | +1 (555) 832-8974 | Location: New York, NY

PROFESSIONAL SUMMARY
Results-driven Data Engineer with 5 years of industry experience specializing in AWS, Docker, Spark, Git. Proven background building scalable solutions, collaborating across agile teams, and driving measurable engineering impact.

TECHNICAL SKILLS
AWS, Docker, Spark, Git, SQL, Agile, Airflow

PROFESSIONAL EXPERIENCE
Data Engineer | Netflix (2022 - Present)
- Designed and deployed enterprise-grade systems utilizing AWS and Docker, improving throughput by 44%.
- Collaborated with engineering stakeholders to optimize data pipelines and system reliability using Spark.
- Reduced system downtime and latency by 29% through proactive monitoring and automated CI/CD workflows.

Data Engineer | Google (2020 - 2022)
- Designed and deployed enterprise-grade systems utilizing AWS and Docker, improving throughput by 36%.
- Collaborated with engineering stakeholders to optimize data pipelines and system reliability using Spark.
- Reduced system downtime and latency by 21% through proactive monitoring and automated CI/CD workflows.

EDUCATION
M.S. in Machine Learning and Data Science, Cornell University (Graduated 2020)
","AWS, Docker, Spark, Git, SQL, Agile, Airflow"
RES-0251,Daniel Wilson,daniel.wilson77@synthetic-talent.org,+1 (555) 419-4832,Cybersecurity Engineer,3,Junior,Master,M.S. in Machine Learning and Data Science,Cornell University,"AWS, Terraform, Go, Docker, Git, Code Review, Python, CI/CD","Daniel Wilson
daniel.wilson77@synthetic-talent.org | +1 (555) 419-4832 | Location: New York, NY

PROFESSIONAL SUMMARY
Results-driven Cybersecurity Engineer with 3 years of industry experience specializing in AWS, Terraform, Go, Docker. Proven background building scalable solutions, collaborating across agile teams, and driving measurable engineering impact.

TECHNICAL SKILLS
AWS, Terraform, Go, Docker, Git, Code Review, Python, CI/CD

PROFESSIONAL EXPERIENCE
Cybersecurity Engineer | Lyft (2022 - Present)
- Designed and deployed enterprise-grade systems utilizing AWS and Terraform, improving throughput by 24%.
- Collaborated with engineering stakeholders to optimize data pipelines and system reliability using Go.
- Reduced system downtime and latency by 21% through proactive monitoring and automated CI/CD workflows.

EDUCATION
M.S. in Machine Learning and Data Science, Cornell University (Graduated 2022)
","AWS, Terraform, Go, Docker, Git, Code Review, Python, CI/CD"
RES-0252,Arjun Tanaka,arjun.tanaka58@synthetic-talent.org,+1 (555) 889-7742,Data Engineer,4,Mid-Level,Master,M.S. in Machine Learning and Data Science,Delhi Technological University,"AWS, Terraform, GCP, Docker, Git, PostgreSQL, Linux, SQL, Snowflake, Python, Airflow","Arjun Tanaka
arjun.tanaka58@synthetic-talent.org | +1 (555) 889-7742 | Location: New York, NY

PROFESSIONAL SUMMARY
Results-driven Data Engineer with 4 years of industry experience specializing in AWS, Terraform, GCP, Docker. Proven background building scalable solutions, collaborating across agile teams, and driving measurable engineering impact.

TECHNICAL SKILLS
AWS, Terraform, GCP, Docker, Git, PostgreSQL, Linux, SQL, Snowflake, Python, Airflow

PROFESSIONAL EXPERIENCE
Data Engineer | Microsoft (2023 - Present)
- Designed and deployed enterprise-grade systems utilizing AWS and Terraform, improving throughput by 41%.
- Collaborated with engineering stakeholders to optimize data pipelines and system reliability using GCP.
- Reduced system downtime and latency by 15% through proactive monitoring and automated CI/CD workflows.

Data Engineer | Palo Alto Networks (2021 - 2023)
- Designed and deployed enterprise-grade systems utilizing AWS and Terraform, improving throughput by 40%.
- Collaborated with engineering stakeholders to optimize data pipelines and system reliability using GCP.
- Reduced system downtime and latency by 28% through proactive monitoring and automated CI/CD workflows.

EDUCATION
M.S. in Machine Learning and Data Science, Delhi Technological University (Graduated 2021)
","AWS, Terraform, GCP, Docker, Git, PostgreSQL, Linux, SQL, Snowflake, Python, Airflow"
RES-0253,Emily Taylor,emily.taylor12@synthetic-talent.org,+1 (555) 851-6674,Cloud & DevOps Engineer,7,Senior,Bachelor,B.Tech in Computer Science and Engineering,Delhi Technological University,"AWS, Azure, Terraform, GCP, Kubernetes, REST APIs, Docker, Prometheus, Linux, Agile, Python, CI/CD","Emily Taylor
emily.taylor12@synthetic-talent.org | +1 (555) 851-6674 | Location: New York, NY

PROFESSIONAL SUMMARY
Results-driven Cloud & DevOps Engineer with 7 years of industry experience specializing in AWS, Azure, Terraform, GCP. Proven background building scalable solutions, collaborating across agile teams, and driving measurable engineering impact.

TECHNICAL SKILLS
AWS, Azure, Terraform, GCP, Kubernetes, REST APIs, Docker, Prometheus, Linux, Agile, Python, CI/CD

PROFESSIONAL EXPERIENCE
Senior Cloud & DevOps Engineer | Robinhood (2022 - Present)
- Designed and deployed enterprise-grade systems utilizing AWS and Azure, improving throughput by 23%.
- Collaborated with engineering stakeholders to optimize data pipelines and system reliability using Terraform.
- Reduced system downtime and latency by 13% through proactive monitoring and automated CI/CD workflows.

Senior Cloud & DevOps Engineer | Wayfair (2020 - 2022)
- Designed and deployed enterprise-grade systems utilizing AWS and Azure, improving throughput by 32%.
- Collaborated with engineering stakeholders to optimize data pipelines and system reliability using Terraform.
- Reduced system downtime and latency by 25% through proactive monitoring and automated CI/CD workflows.

Senior Cloud & DevOps Engineer | Lyft (2018 - 2020)
- Designed and deployed enterprise-grade systems utilizing AWS and Azure, improving throughput by 37%.
- Collaborated with engineering stakeholders to optimize data pipelines and system reliability using Terraform.
- Reduced system downtime and latency by 29% through proactive monitoring and automated CI/CD workflows.

EDUCATION
B.Tech in Computer Science and Engineering, Delhi Technological University (Graduated 2018)
","AWS, Azure, Terraform, GCP, Kubernetes, REST APIs, Docker, Prometheus, Linux, Agile, Python, CI/CD"
RES-0254,Sarah Jones,sarah.jones30@synthetic-talent.org,+1 (555) 350-3261,Data Engineer,6,Senior,Bachelor,B.Tech in Computer Science and Engineering,Sharda University,"Spark, Git, PostgreSQL, SQL, Snowflake, Agile, Kafka, Airflow","Sarah Jones
sarah.jones30@synthetic-talent.org | +1 (555) 350-3261 | Location: New York, NY

PROFESSIONAL SUMMARY
Results-driven Data Engineer with 6 years of industry experience specializing in Spark, Git, PostgreSQL, SQL. Proven background building scalable solutions, collaborating across agile teams, and driving measurable engineering impact.

TECHNICAL SKILLS
Spark, Git, PostgreSQL, SQL, Snowflake, Agile, Kafka, Airflow

PROFESSIONAL EXPERIENCE
Senior Data Engineer | ServiceNow (2023 - Present)
- Designed and deployed enterprise-grade systems utilizing Spark and Git, improving throughput by 31%.
- Collaborated with engineering stakeholders to optimize data pipelines and system reliability using PostgreSQL.
- Reduced system downtime and latency by 12% through proactive monitoring and automated CI/CD workflows.

Senior Data Engineer | Amazon (2021 - 2023)
- Designed and deployed enterprise-grade systems utilizing Spark and Git, improving throughput by 19%.
- Collaborated with engineering stakeholders to optimize data pipelines and system reliability using PostgreSQL.
- Reduced system downtime and latency by 11% through proactive monitoring and automated CI/CD workflows.

Senior Data Engineer | Wayfair (2019 - 2021)
- Designed and deployed enterprise-grade systems utilizing Spark and Git, improving throughput by 23%.
- Collaborated with engineering stakeholders to optimize data pipelines and system reliability using PostgreSQL.
- Reduced system downtime and latency by 20% through proactive monitoring and automated CI/CD workflows.

EDUCATION
B.Tech in Computer Science and Engineering, Sharda University (Graduated 2019)
","Spark, Git, PostgreSQL, SQL, Snowflake, Agile, Kafka, Airflow"
RES-0255,Mateo Gupta,mateo.gupta25@synthetic-talent.org,+1 (555) 997-9996,Cloud & DevOps Engineer,10,Senior,Master,M.S. in Machine Learning and Data Science,UT Austin,"AWS, Go, REST APIs, Docker, Prometheus, Linux, Python, CI/CD","Mateo Gupta
mateo.gupta25@synthetic-talent.org | +1 (555) 997-9996 | Location: New York, NY

PROFESSIONAL SUMMARY
Results-driven Cloud & DevOps Engineer with 10 years of industry experience specializing in AWS, Go, REST APIs, Docker. Proven background building scalable solutions, collaborating across agile teams, and driving measurable engineering impact.

TECHNICAL SKILLS
AWS, Go, REST APIs, Docker, Prometheus, Linux, Python, CI/CD

PROFESSIONAL EXPERIENCE
Senior Cloud & DevOps Engineer | CrowdStrike (2023 - Present)
- Designed and deployed enterprise-grade systems utilizing AWS and Go, improving throughput by 31%.
- Collaborated with engineering stakeholders to optimize data pipelines and system reliability using REST APIs.
- Reduced system downtime and latency by 28% through proactive monitoring and automated CI/CD workflows.

Senior Cloud & DevOps Engineer | Palantir (2019 - 2023)
- Designed and deployed enterprise-grade systems utilizing AWS and Go, improving throughput by 38%.
- Collaborated with engineering stakeholders to optimize data pipelines and system reliability using REST APIs.
- Reduced system downtime and latency by 21% through proactive monitoring and automated CI/CD workflows.

Senior Cloud & DevOps Engineer | Microsoft (2015 - 2019)
- Designed and deployed enterprise-grade systems utilizing AWS and Go, improving throughput by 24%.
- Collaborated with engineering stakeholders to optimize data pipelines and system reliability using REST APIs.
- Reduced system downtime and latency by 23% through proactive monitoring and automated CI/CD workflows.

EDUCATION
M.S. in Machine Learning and Data Science, UT Austin (Graduated 2015)
","AWS, Go, REST APIs, Docker, Prometheus, Linux, Python, CI/CD"
RES-0256,Sofia Rodriguez,sofia.rodriguez89@synthetic-talent.org,+1 (555) 534-7129,Cybersecurity Engineer,15,Lead/Staff,Master,M.S. in Computer Science,University of Washington,"AWS, Go, Kubernetes, REST APIs, Docker, Linux, Python, Unit Testing","Sofia Rodriguez
sofia.rodriguez89@synthetic-talent.org | +1 (555) 534-7129 | Location: New York, NY

PROFESSIONAL SUMMARY
Results-driven Cybersecurity Engineer with 15 years of industry experience specializing in AWS, Go, Kubernetes, REST APIs. Proven background building scalable solutions, collaborating across agile teams, and driving measurable engineering impact.

TECHNICAL SKILLS
AWS, Go, Kubernetes, REST APIs, Docker, Linux, Python, Unit Testing

PROFESSIONAL EXPERIENCE
Senior Cybersecurity Engineer | Square / Block (2023 - Present)
- Designed and deployed enterprise-grade systems utilizing AWS and Go, improving throughput by 22%.
- Collaborated with engineering stakeholders to optimize data pipelines and system reliability using Kubernetes.
- Reduced system downtime and latency by 28% through proactive monitoring and automated CI/CD workflows.

Senior Cybersecurity Engineer | Coinbase (2019 - 2023)
- Designed and deployed enterprise-grade systems utilizing AWS and Go, improving throughput by 45%.
- Collaborated with engineering stakeholders to optimize data pipelines and system reliability using Kubernetes.
- Reduced system downtime and latency by 30% through proactive monitoring and automated CI/CD workflows.

Senior Cybersecurity Engineer | Intel (2015 - 2019)
- Designed and deployed enterprise-grade systems utilizing AWS and Go, improving throughput by 41%.
- Collaborated with engineering stakeholders to optimize data pipelines and system reliability using Kubernetes.
- Reduced system downtime and latency by 15% through proactive monitoring and automated CI/CD workflows.

Senior Cybersecurity Engineer | Palantir (2012 - 2015)
- Designed and deployed enterprise-grade systems utilizing AWS and Go, improving throughput by 21%.
- Collaborated with engineering stakeholders to optimize data pipelines and system reliability using Kubernetes.
- Reduced system downtime and latency by 14% through proactive monitoring and automated CI/CD workflows.

Senior Cybersecurity Engineer | Twilio (2010 - 2012)
- Designed and deployed enterprise-grade systems utilizing AWS and Go, improving throughput by 32%.
- Collaborated with engineering stakeholders to optimize data pipelines and system reliability using Kubernetes.
- Reduced system downtime and latency by 12% through proactive monitoring and automated CI/CD workflows.

EDUCATION
M.S. in Computer Science, University of Washington (Graduated 2010)
","AWS, Go, Kubernetes, REST APIs, Docker, Linux, Python, Unit Testing"
RES-0257,Sarah Patel,sarah.patel48@synthetic-talent.org,+1 (555) 208-3805,Data Scientist,9,Senior,Bachelor,B.S. in Computer Science,University of Washington,"PyTorch, AWS, Machine Learning, Unit Testing, Deep Learning, BigQuery, Docker, Git, SQL, Scikit-Learn, Pandas","Sarah Patel
sarah.patel48@synthetic-talent.org | +1 (555) 208-3805 | Location: New York, NY

PROFESSIONAL SUMMARY
Results-driven Data Scientist with 9 years of industry experience specializing in PyTorch, AWS, Machine Learning, Unit Testing. Proven background building scalable solutions, collaborating across agile teams, and driving measurable engineering impact.

TECHNICAL SKILLS
PyTorch, AWS, Machine Learning, Unit Testing, Deep Learning, BigQuery, Docker, Git, SQL, Scikit-Learn, Pandas

PROFESSIONAL EXPERIENCE
Senior Data Scientist | DoorDash (2023 - Present)
- Designed and deployed enterprise-grade systems utilizing PyTorch and AWS, improving throughput by 28%.
- Collaborated with engineering stakeholders to optimize data pipelines and system reliability using Machine Learning.
- Reduced system downtime and latency by 22% through proactive monitoring and automated CI/CD workflows.

Senior Data Scientist | Cloudflare (2021 - 2023)
- Designed and deployed enterprise-grade systems utilizing PyTorch and AWS, improving throughput by 37%.
- Collaborated with engineering stakeholders to optimize data pipelines and system reliability using Machine Learning.
- Reduced system downtime and latency by 17% through proactive monitoring and automated CI/CD workflows.

Senior Data Scientist | ServiceNow (2018 - 2021)
- Designed and deployed enterprise-grade systems utilizing PyTorch and AWS, improving throughput by 40%.
- Collaborated with engineering stakeholders to optimize data pipelines and system reliability using Machine Learning.
- Reduced system downtime and latency by 12% through proactive monitoring and automated CI/CD workflows.

Senior Data Scientist | Stripe (2016 - 2018)
- Designed and deployed enterprise-grade systems utilizing PyTorch and AWS, improving throughput by 25%.
- Collaborated with engineering stakeholders to optimize data pipelines and system reliability using Machine Learning.
- Reduced system downtime and latency by 19% through proactive monitoring and automated CI/CD workflows.

EDUCATION
B.S. in Computer Science, University of Washington (Graduated 2016)
","PyTorch, AWS, Machine Learning, Unit Testing, Deep Learning, GCP, Docker, Git, SQL, Scikit-Learn, Pandas"
RES-0258,Sofia Wilson,sofia.wilson17@synthetic-talent.org,+1 (555) 455-8957,Data Engineer,5,Mid-Level,Bachelor,B.Tech in Computer Science and Engineering,Georgia Tech,"AWS, REST APIs, Jira, Docker, PostgreSQL, Kafka, Python, Snowflake","Sofia Wilson
sofia.wilson17@synthetic-talent.org | +1 (555) 455-8957 | Location: New York, NY

PROFESSIONAL SUMMARY
Results-driven Data Engineer with 5 years of industry experience specializing in AWS, REST APIs, Jira, Docker. Proven background building scalable solutions, collaborating across agile teams, and driving measurable engineering impact.

TECHNICAL SKILLS
AWS, REST APIs, Jira, Docker, PostgreSQL, Kafka, Python, Snowflake

PROFESSIONAL EXPERIENCE
Data Engineer | Databricks (2023 - Present)
- Designed and deployed enterprise-grade systems utilizing AWS and REST APIs, improving throughput by 36%.
- Collaborated with engineering stakeholders to optimize data pipelines and system reliability using Jira.
- Reduced system downtime and latency by 17% through proactive monitoring and automated CI/CD workflows.

Data Engineer | NVIDIA (2020 - 2023)
- Designed and deployed enterprise-grade systems utilizing AWS and REST APIs, improving throughput by 20%.
- Collaborated with engineering stakeholders to optimize data pipelines and system reliability using Jira.
- Reduced system downtime and latency by 21% through proactive monitoring and automated CI/CD workflows.

EDUCATION
B.Tech in Computer Science and Engineering, Georgia Tech (Graduated 2020)
","AWS, REST APIs, Jira, Docker, PostgreSQL, Kafka, Python, Snowflake"
RES-0259,Zoe Chen,zoe.chen16@synthetic-talent.org,+1 (555) 914-1193,Machine Learning Engineer,16,Lead/Staff,Bachelor,B.S. in Computer Science,Carnegie Mellon University,"PyTorch, AWS, Docker, Linux, Code Review, Kafka, Python, CI/CD","Zoe Chen
zoe.chen16@synthetic-talent.org | +1 (555) 914-1193 | Location: New York, NY

PROFESSIONAL SUMMARY
Results-driven Machine Learning Engineer with 16 years of industry experience specializing in PyTorch, AWS, Docker, Linux. Proven background building scalable solutions, collaborating across agile teams, and driving measurable engineering impact.

TECHNICAL SKILLS
PyTorch, AWS, Docker, Linux, Code Review, Kafka, Python, CI/CD

PROFESSIONAL EXPERIENCE
Senior Machine Learning Engineer | ServiceNow (2023 - Present)
- Designed and deployed enterprise-grade systems utilizing PyTorch and AWS, improving throughput by 19%.
- Collaborated with engineering stakeholders to optimize data pipelines and system reliability using Docker.
- Reduced system downtime and latency by 15% through proactive monitoring and automated CI/CD workflows.

Senior Machine Learning Engineer | Pinterest (2019 - 2023)
- Designed and deployed enterprise-grade systems utilizing PyTorch and AWS, improving throughput by 32%.
- Collaborated with engineering stakeholders to optimize data pipelines and system reliability using Docker.
- Reduced system downtime and latency by 11% through proactive monitoring and automated CI/CD workflows.

Senior Machine Learning Engineer | Wayfair (2016 - 2019)
- Designed and deployed enterprise-grade systems utilizing PyTorch and AWS, improving throughput by 41%.
- Collaborated with engineering stakeholders to optimize data pipelines and system reliability using Docker.
- Reduced system downtime and latency by 30% through proactive monitoring and automated CI/CD workflows.

Senior Machine Learning Engineer | Uber (2012 - 2016)
- Designed and deployed enterprise-grade systems utilizing PyTorch and AWS, improving throughput by 23%.
- Collaborated with engineering stakeholders to optimize data pipelines and system reliability using Docker.
- Reduced system downtime and latency by 22% through proactive monitoring and automated CI/CD workflows.

Senior Machine Learning Engineer | Coinbase (2009 - 2012)
- Designed and deployed enterprise-grade systems utilizing PyTorch and AWS, improving throughput by 44%.
- Collaborated with engineering stakeholders to optimize data pipelines and system reliability using Docker.
- Reduced system downtime and latency by 25% through proactive monitoring and automated CI/CD workflows.

EDUCATION
B.S. in Computer Science, Carnegie Mellon University (Graduated 2009)
","PyTorch, AWS, Docker, Linux, Code Review, Kafka, Python, CI/CD"
RES-0260,David Vance,david.vance98@synthetic-talent.org,+1 (555) 935-1338,Cybersecurity Engineer,1,Junior,Bachelor,B.S. in Electrical and Computer Engineering,Carnegie Mellon University,"AWS, Terraform, Go, REST APIs, Docker, PostgreSQL, Linux, Python, CI/CD, Unit Testing","David Vance
david.vance98@synthetic-talent.org | +1 (555) 935-1338 | Location: New York, NY

PROFESSIONAL SUMMARY
Results-driven Cybersecurity Engineer with 1 years of industry experience specializing in AWS, Terraform, Go, REST APIs. Proven background building scalable solutions, collaborating across agile teams, and driving measurable engineering impact.

TECHNICAL SKILLS
AWS, Terraform, Go, REST APIs, Docker, PostgreSQL, Linux, Python, CI/CD, Unit Testing

PROFESSIONAL EXPERIENCE
Cybersecurity Engineer | Salesforce (2024 - Present)
- Designed and deployed enterprise-grade systems utilizing AWS and Terraform, improving throughput by 35%.
- Collaborated with engineering stakeholders to optimize data pipelines and system reliability using Go.
- Reduced system downtime and latency by 27% through proactive monitoring and automated CI/CD workflows.

EDUCATION
B.S. in Electrical and Computer Engineering, Carnegie Mellon University (Graduated 2024)
","AWS, Terraform, Go, REST APIs, Docker, PostgreSQL, Linux, Python, CI/CD, Unit Testing"
RES-0261,James Smith,james.smith45@synthetic-talent.org,+1 (555) 430-6192,Backend Engineer,3,Mid-Level,Bachelor,B.S. in Computer Science,UC Berkeley,"AWS, Node.js, System Design, FastAPI, Java, Go, Kubernetes, Jira, Docker, PostgreSQL, Code Review, Redis, Python, CI/CD","James Smith
james.smith45@synthetic-talent.org | +1 (555) 430-6192 | Location: New York, NY

PROFESSIONAL SUMMARY
Results-driven Backend Engineer with 3 years of industry experience specializing in AWS, Node.js, System Design, FastAPI. Proven background building scalable solutions, collaborating across agile teams, and driving measurable engineering impact.

TECHNICAL SKILLS
AWS, Node.js, System Design, FastAPI, Java, Go, Kubernetes, Jira, Docker, PostgreSQL, Code Review, Redis, Python, CI/CD

PROFESSIONAL EXPERIENCE
Backend Engineer | NVIDIA (2022 - Present)
- Designed and deployed enterprise-grade systems utilizing AWS and Node.js, improving throughput by 32%.
- Collaborated with engineering stakeholders to optimize data pipelines and system reliability using System Design.
- Reduced system downtime and latency by 30% through proactive monitoring and automated CI/CD workflows.

EDUCATION
B.S. in Computer Science, UC Berkeley (Graduated 2022)
","AWS, Node.js, System Design, FastAPI, Java, Go, Kubernetes, Jira, Docker, PostgreSQL, Code Review, Redis, Python, CI/CD"
RES-0262,Sofia Taylor,sofia.taylor50@synthetic-talent.org,+1 (555) 414-1140,Frontend Engineer,5,Mid-Level,Doctorate,Ph.D. in Computer Science,University of Illinois Urbana-Champaign,"Node.js, TypeScript, Docker, HTML/CSS, React, Linux, Agile","Sofia Taylor
sofia.taylor50@synthetic-talent.org | +1 (555) 414-1140 | Location: New York, NY

PROFESSIONAL SUMMARY
Results-driven Frontend Engineer with 5 years of industry experience specializing in Node.js, TypeScript, Docker, HTML/CSS. Proven background building scalable solutions, collaborating across agile teams, and driving measurable engineering impact.

TECHNICAL SKILLS
Node.js, TypeScript, Docker, HTML/CSS, React, Linux, Agile

PROFESSIONAL EXPERIENCE
Senior Frontend Engineer | Pinterest (2021 - Present)
- Designed and deployed enterprise-grade systems utilizing Node.js and TypeScript, improving throughput by 43%.
- Collaborated with engineering stakeholders to optimize data pipelines and system reliability using Docker.
- Reduced system downtime and latency by 25% through proactive monitoring and automated CI/CD workflows.

Frontend Engineer | Wayfair (2020 - 2021)
- Designed and deployed enterprise-grade systems utilizing Node.js and TypeScript, improving throughput by 26%.
- Collaborated with engineering stakeholders to optimize data pipelines and system reliability using Docker.
- Reduced system downtime and latency by 16% through proactive monitoring and automated CI/CD workflows.

EDUCATION
Ph.D. in Computer Science, University of Illinois Urbana-Champaign (Graduated 2020)
","Node.js, TypeScript, Docker, HTML/CSS, React, Linux, Agile"
RES-0263,Priya Anderson,priya.anderson21@synthetic-talent.org,+1 (555) 658-2432,Data Scientist,13,Lead/Staff,Bachelor,B.Tech in Computer Science and Engineering,University of Washington,"AWS, PyTorch, Docker, Git, NLP, SQL, Python, Scikit-Learn, Unit Testing","Priya Anderson
priya.anderson21@synthetic-talent.org | +1 (555) 658-2432 | Location: New York, NY

PROFESSIONAL SUMMARY
Results-driven Data Scientist with 13 years of industry experience specializing in AWS, PyTorch, Docker, Git. Proven background building scalable solutions, collaborating across agile teams, and driving measurable engineering impact.

TECHNICAL SKILLS
AWS, PyTorch, Docker, Git, NLP, SQL, Python, Scikit-Learn, Unit Testing

PROFESSIONAL EXPERIENCE
Senior Data Scientist | NVIDIA (2021 - Present)
- Designed and deployed enterprise-grade systems utilizing AWS and PyTorch, improving throughput by 21%.
- Collaborated with engineering stakeholders to optimize data pipelines and system reliability using Docker.
- Reduced system downtime and latency by 15% through proactive monitoring and automated CI/CD workflows.

Senior Data Scientist | Airbnb (2018 - 2021)
- Designed and deployed enterprise-grade systems utilizing AWS and PyTorch, improving throughput by 32%.
- Collaborated with engineering stakeholders to optimize data pipelines and system reliability using Docker.
- Reduced system downtime and latency by 23% through proactive monitoring and automated CI/CD workflows.

Senior Data Scientist | Workday (2014 - 2018)
- Designed and deployed enterprise-grade systems utilizing AWS and PyTorch, improving throughput by 30%.
- Collaborated with engineering stakeholders to optimize data pipelines and system reliability using Docker.
- Reduced system downtime and latency by 17% through proactive monitoring and automated CI/CD workflows.

Senior Data Scientist | Pinterest (2012 - 2014)
- Designed and deployed enterprise-grade systems utilizing AWS and PyTorch, improving throughput by 21%.
- Collaborated with engineering stakeholders to optimize data pipelines and system reliability using Docker.
- Reduced system downtime and latency by 29% through proactive monitoring and automated CI/CD workflows.

EDUCATION
B.Tech in Computer Science and Engineering, University of Washington (Graduated 2012)
","AWS, PyTorch, Docker, Git, NLP, SQL, Python, Scikit-Learn, Unit Testing"
RES-0264,Emily Kim,emily.kim17@synthetic-talent.org,+1 (555) 732-7832,Cloud & DevOps Engineer,7,Senior,Master,M.S. in Computer Science,UC Berkeley,"AWS, Go, Docker, Linux, Python, CI/CD, Unit Testing","Emily Kim
emily.kim17@synthetic-talent.org | +1 (555) 732-7832 | Location: New York, NY

PROFESSIONAL SUMMARY
Results-driven Cloud & DevOps Engineer with 7 years of industry experience specializing in AWS, Go, Docker, Linux. Proven background building scalable solutions, collaborating across agile teams, and driving measurable engineering impact.

TECHNICAL SKILLS
AWS, Go, Docker, Linux, Python, CI/CD, Unit Testing

PROFESSIONAL EXPERIENCE
Senior Cloud & DevOps Engineer | MongoDB Inc. (2023 - Present)
- Designed and deployed enterprise-grade systems utilizing AWS and Go, improving throughput by 28%.
- Collaborated with engineering stakeholders to optimize data pipelines and system reliability using Docker.
- Reduced system downtime and latency by 27% through proactive monitoring and automated CI/CD workflows.

Senior Cloud & DevOps Engineer | HubSpot (2019 - 2023)
- Designed and deployed enterprise-grade systems utilizing AWS and Go, improving throughput by 42%.
- Collaborated with engineering stakeholders to optimize data pipelines and system reliability using Docker.
- Reduced system downtime and latency by 23% through proactive monitoring and automated CI/CD workflows.

Senior Cloud & DevOps Engineer | Oracle (2018 - 2019)
- Designed and deployed enterprise-grade systems utilizing AWS and Go, improving throughput by 19%.
- Collaborated with engineering stakeholders to optimize data pipelines and system reliability using Docker.
- Reduced system downtime and latency by 11% through proactive monitoring and automated CI/CD workflows.

EDUCATION
M.S. in Computer Science, UC Berkeley (Graduated 2018)
","AWS, Go, Docker, Linux, Python, CI/CD, Unit Testing"
RES-0265,Aisha Taylor,aisha.taylor85@synthetic-talent.org,+1 (555) 829-8072,Data Scientist,5,Mid-Level,Doctorate,Ph.D. in Computer Science,Cornell University,"PyTorch, Deep Learning, BigQuery, Linux, SQL, Agile, Python, Scikit-Learn, Pandas","Aisha Taylor
aisha.taylor85@synthetic-talent.org | +1 (555) 829-8072 | Location: New York, NY

PROFESSIONAL SUMMARY
Results-driven Data Scientist with 5 years of industry experience specializing in PyTorch, Deep Learning, BigQuery, Linux. Proven background building scalable solutions, collaborating across agile teams, and driving measurable engineering impact.

TECHNICAL SKILLS
PyTorch, Deep Learning, BigQuery, Linux, SQL, Agile, Python, Scikit-Learn, Pandas

PROFESSIONAL EXPERIENCE
Data Scientist | Apple (2022 - Present)
- Designed and deployed enterprise-grade systems utilizing PyTorch and Deep Learning, improving throughput by 21%.
- Collaborated with engineering stakeholders to optimize data pipelines and system reliability using BigQuery.
- Reduced system downtime and latency by 13% through proactive monitoring and automated CI/CD workflows.

Data Scientist | Google (2020 - 2022)
- Designed and deployed enterprise-grade systems utilizing PyTorch and Deep Learning, improving throughput by 27%.
- Collaborated with engineering stakeholders to optimize data pipelines and system reliability using BigQuery.
- Reduced system downtime and latency by 25% through proactive monitoring and automated CI/CD workflows.

EDUCATION
Ph.D. in Computer Science, Cornell University (Graduated 2020)
","PyTorch, Deep Learning, GCP, Linux, SQL, Agile, Python, Scikit-Learn, Pandas"
RES-0266,Jordan Jones,jordan.jones60@synthetic-talent.org,+1 (555) 863-3395,Full Stack Engineer,2,Junior,Master,M.S. in Computer Science,University of Illinois Urbana-Champaign,"Node.js, GraphQL, PostgreSQL, React, Code Review, Python, Unit Testing","Jordan Jones
jordan.jones60@synthetic-talent.org | +1 (555) 863-3395 | Location: New York, NY

PROFESSIONAL SUMMARY
Results-driven Full Stack Engineer with 2 years of industry experience specializing in Node.js, GraphQL, PostgreSQL, React. Proven background building scalable solutions, collaborating across agile teams, and driving measurable engineering impact.

TECHNICAL SKILLS
Node.js, GraphQL, PostgreSQL, React, Code Review, Python, Unit Testing

PROFESSIONAL EXPERIENCE
Full Stack Engineer | Square / Block (2023 - Present)
- Designed and deployed enterprise-grade systems utilizing Node.js and GraphQL, improving throughput by 28%.
- Collaborated with engineering stakeholders to optimize data pipelines and system reliability using PostgreSQL.
- Reduced system downtime and latency by 20% through proactive monitoring and automated CI/CD workflows.

EDUCATION
M.S. in Computer Science, University of Illinois Urbana-Champaign (Graduated 2023)
","Node.js, GraphQL, PostgreSQL, React, Code Review, Python, Unit Testing"
RES-0267,Sofia Garcia,sofia.garcia45@synthetic-talent.org,+1 (555) 560-8921,Cloud & DevOps Engineer,3,Junior,Doctorate,Ph.D. in Computer Science,University of Michigan,"AWS, Terraform, Go, Kubernetes, Prometheus, Git, Linux, CI/CD","Sofia Garcia
sofia.garcia45@synthetic-talent.org | +1 (555) 560-8921 | Location: New York, NY

PROFESSIONAL SUMMARY
Results-driven Cloud & DevOps Engineer with 3 years of industry experience specializing in AWS, Terraform, Go, Kubernetes. Proven background building scalable solutions, collaborating across agile teams, and driving measurable engineering impact.

TECHNICAL SKILLS
AWS, Terraform, Go, Kubernetes, Prometheus, Git, Linux, CI/CD

PROFESSIONAL EXPERIENCE
Cloud & DevOps Engineer | Square / Block (2023 - Present)
- Designed and deployed enterprise-grade systems utilizing AWS and Terraform, improving throughput by 43%.
- Collaborated with engineering stakeholders to optimize data pipelines and system reliability using Go.
- Reduced system downtime and latency by 26% through proactive monitoring and automated CI/CD workflows.

Cloud & DevOps Engineer | Palantir (2022 - 2023)
- Designed and deployed enterprise-grade systems utilizing AWS and Terraform, improving throughput by 23%.
- Collaborated with engineering stakeholders to optimize data pipelines and system reliability using Go.
- Reduced system downtime and latency by 11% through proactive monitoring and automated CI/CD workflows.

EDUCATION
Ph.D. in Computer Science, University of Michigan (Graduated 2022)
","AWS, Terraform, Go, Kubernetes, Prometheus, Git, Linux, CI/CD"
RES-0268,Alex Anderson,alex.anderson40@synthetic-talent.org,+1 (555) 435-2508,Backend Engineer,8,Senior,Doctorate,Ph.D. in Computer Science,IIT Bombay,"FastAPI, Node.js, AWS, Java, Go, Kubernetes, Docker, PostgreSQL, Linux, Code Review, Kafka, Python, CI/CD","Alex Anderson
alex.anderson40@synthetic-talent.org | +1 (555) 435-2508 | Location: New York, NY

PROFESSIONAL SUMMARY
Results-driven Backend Engineer with 8 years of industry experience specializing in FastAPI, Node.js, AWS, Java. Proven background building scalable solutions, collaborating across agile teams, and driving measurable engineering impact.

TECHNICAL SKILLS
FastAPI, Node.js, AWS, Java, Go, Kubernetes, Docker, PostgreSQL, Linux, Code Review, Kafka, Python, CI/CD

PROFESSIONAL EXPERIENCE
Senior Backend Engineer | Snowflake (2022 - Present)
- Designed and deployed enterprise-grade systems utilizing FastAPI and Node.js, improving throughput by 21%.
- Collaborated with engineering stakeholders to optimize data pipelines and system reliability using AWS.
- Reduced system downtime and latency by 26% through proactive monitoring and automated CI/CD workflows.

Senior Backend Engineer | Salesforce (2018 - 2022)
- Designed and deployed enterprise-grade systems utilizing FastAPI and Node.js, improving throughput by 41%.
- Collaborated with engineering stakeholders to optimize data pipelines and system reliability using AWS.
- Reduced system downtime and latency by 11% through proactive monitoring and automated CI/CD workflows.

Senior Backend Engineer | Robinhood (2017 - 2018)
- Designed and deployed enterprise-grade systems utilizing FastAPI and Node.js, improving throughput by 42%.
- Collaborated with engineering stakeholders to optimize data pipelines and system reliability using AWS.
- Reduced system downtime and latency by 23% through proactive monitoring and automated CI/CD workflows.

EDUCATION
Ph.D. in Computer Science, IIT Bombay (Graduated 2017)
","FastAPI, Node.js, AWS, Java, Go, Kubernetes, Docker, PostgreSQL, Linux, Code Review, Kafka, Python, CI/CD"
RES-0269,Emma Garcia,emma.garcia22@synthetic-talent.org,+1 (555) 667-4992,Full Stack Engineer,0,Junior,Bachelor,B.S. in Electrical and Computer Engineering,Sharda University,"AWS, Node.js, REST APIs, Docker, PostgreSQL, React, Code Review, Redis, Python, CI/CD","Emma Garcia
emma.garcia22@synthetic-talent.org | +1 (555) 667-4992 | Location: New York, NY

PROFESSIONAL SUMMARY
Results-driven Full Stack Engineer with 0 years of industry experience specializing in AWS, Node.js, REST APIs, Docker. Proven background building scalable solutions, collaborating across agile teams, and driving measurable engineering impact.

TECHNICAL SKILLS
AWS, Node.js, REST APIs, Docker, PostgreSQL, React, Code Review, Redis, Python, CI/CD

PROFESSIONAL EXPERIENCE
Software Engineering Intern | DoorDash (Summer 2024)
- Developed automated test suites and backend features with AWS.
- Collaborated in daily standups and contributed to production pull requests.

EDUCATION
B.S. in Electrical and Computer Engineering, Sharda University (Graduated 2025)
","AWS, Node.js, REST APIs, Docker, PostgreSQL, React, Code Review, Redis, Python, CI/CD"
RES-0270,Arjun Jones,arjun.jones87@synthetic-talent.org,+1 (555) 304-5286,Full Stack Engineer,2,Junior,Master,M.S. in Computer Science,Carnegie Mellon University,"AWS, TypeScript, Docker, React, Code Review, Python, Unit Testing","Arjun Jones
arjun.jones87@synthetic-talent.org | +1 (555) 304-5286 | Location: New York, NY

PROFESSIONAL SUMMARY
Results-driven Full Stack Engineer with 2 years of industry experience specializing in AWS, TypeScript, Docker, React. Proven background building scalable solutions, collaborating across agile teams, and driving measurable engineering impact.

TECHNICAL SKILLS
AWS, TypeScript, Docker, React, Code Review, Python, Unit Testing

PROFESSIONAL EXPERIENCE
Full Stack Engineer | Microsoft (2023 - Present)
- Designed and deployed enterprise-grade systems utilizing AWS and TypeScript, improving throughput by 21%.
- Collaborated with engineering stakeholders to optimize data pipelines and system reliability using Docker.
- Reduced system downtime and latency by 27% through proactive monitoring and automated CI/CD workflows.

EDUCATION
M.S. in Computer Science, Carnegie Mellon University (Graduated 2023)
","AWS, TypeScript, Docker, React, Code Review, Python, Unit Testing"
RES-0271,Michael Miller,michael.miller26@synthetic-talent.org,+1 (555) 551-2034,Cybersecurity Engineer,9,Senior,Master,M.S. in Computer Science,UT Austin,"AWS, Jira, Git, PostgreSQL, Linux","Michael Miller
michael.miller26@synthetic-talent.org | +1 (555) 551-2034 | Location: New York, NY

PROFESSIONAL SUMMARY
Results-driven Cybersecurity Engineer with 9 years of industry experience specializing in AWS, Jira, Git, PostgreSQL. Proven background building scalable solutions, collaborating across agile teams, and driving measurable engineering impact.

TECHNICAL SKILLS
AWS, Jira, Git, PostgreSQL, Linux

PROFESSIONAL EXPERIENCE
Senior Cybersecurity Engineer | Netflix (2022 - Present)
- Designed and deployed enterprise-grade systems utilizing AWS and Jira, improving throughput by 42%.
- Collaborated with engineering stakeholders to optimize data pipelines and system reliability using Git.
- Reduced system downtime and latency by 25% through proactive monitoring and automated CI/CD workflows.

Senior Cybersecurity Engineer | MongoDB Inc. (2018 - 2022)
- Designed and deployed enterprise-grade systems utilizing AWS and Jira, improving throughput by 30%.
- Collaborated with engineering stakeholders to optimize data pipelines and system reliability using Git.
- Reduced system downtime and latency by 26% through proactive monitoring and automated CI/CD workflows.

Senior Cybersecurity Engineer | NVIDIA (2016 - 2018)
- Designed and deployed enterprise-grade systems utilizing AWS and Jira, improving throughput by 30%.
- Collaborated with engineering stakeholders to optimize data pipelines and system reliability using Git.
- Reduced system downtime and latency by 19% through proactive monitoring and automated CI/CD workflows.

EDUCATION
M.S. in Computer Science, UT Austin (Graduated 2016)
","AWS, Jira, Git, PostgreSQL, Linux"
RES-0272,Daniel Wilson,daniel.wilson12@synthetic-talent.org,+1 (555) 132-6608,Data Scientist,5,Mid-Level,Bachelor,B.Tech in Computer Science and Engineering,UC Berkeley,"PyTorch, AWS, Machine Learning, Deep Learning, BigQuery, Git, Code Review, Python, Scikit-Learn, Pandas","Daniel Wilson
daniel.wilson12@synthetic-talent.org | +1 (555) 132-6608 | Location: New York, NY

PROFESSIONAL SUMMARY
Results-driven Data Scientist with 5 years of industry experience specializing in PyTorch, AWS, Machine Learning, Deep Learning. Proven background building scalable solutions, collaborating across agile teams, and driving measurable engineering impact.

TECHNICAL SKILLS
PyTorch, AWS, Machine Learning, Deep Learning, BigQuery, Git, Code Review, Python, Scikit-Learn, Pandas

PROFESSIONAL EXPERIENCE
Data Scientist | MongoDB Inc. (2022 - Present)
- Designed and deployed enterprise-grade systems utilizing PyTorch and AWS, improving throughput by 27%.
- Collaborated with engineering stakeholders to optimize data pipelines and system reliability using Machine Learning.
- Reduced system downtime and latency by 15% through proactive monitoring and automated CI/CD workflows.

Data Scientist | Uber (2020 - 2022)
- Designed and deployed enterprise-grade systems utilizing PyTorch and AWS, improving throughput by 19%.
- Collaborated with engineering stakeholders to optimize data pipelines and system reliability using Machine Learning.
- Reduced system downtime and latency by 23% through proactive monitoring and automated CI/CD workflows.

EDUCATION
B.Tech in Computer Science and Engineering, UC Berkeley (Graduated 2020)
","PyTorch, AWS, Machine Learning, Deep Learning, GCP, Git, Code Review, Python, Scikit-Learn, Pandas"
RES-0273,Jordan Sharma,jordan.sharma58@synthetic-talent.org,+1 (555) 644-7008,Data Scientist,7,Senior,Master,M.S. in Computer Science,University of Illinois Urbana-Champaign,"PyTorch, Deep Learning, REST APIs, SQL, Code Review, Python, Pandas","Jordan Sharma
jordan.sharma58@synthetic-talent.org | +1 (555) 644-7008 | Location: New York, NY

PROFESSIONAL SUMMARY
Results-driven Data Scientist with 7 years of industry experience specializing in PyTorch, Deep Learning, REST APIs, SQL. Proven background building scalable solutions, collaborating across agile teams, and driving measurable engineering impact.

TECHNICAL SKILLS
PyTorch, Deep Learning, REST APIs, SQL, Code Review, Python, Pandas

PROFESSIONAL EXPERIENCE
Senior Data Scientist | Square / Block (2022 - Present)
- Designed and deployed enterprise-grade systems utilizing PyTorch and Deep Learning, improving throughput by 26%.
- Collaborated with engineering stakeholders to optimize data pipelines and system reliability using REST APIs.
- Reduced system downtime and latency by 15% through proactive monitoring and automated CI/CD workflows.

Senior Data Scientist | Atlassian (2020 - 2022)
- Designed and deployed enterprise-grade systems utilizing PyTorch and Deep Learning, improving throughput by 38%.
- Collaborated with engineering stakeholders to optimize data pipelines and system reliability using REST APIs.
- Reduced system downtime and latency by 26% through proactive monitoring and automated CI/CD workflows.

Senior Data Scientist | Intel (2018 - 2020)
- Designed and deployed enterprise-grade systems utilizing PyTorch and Deep Learning, improving throughput by 44%.
- Collaborated with engineering stakeholders to optimize data pipelines and system reliability using REST APIs.
- Reduced system downtime and latency by 24% through proactive monitoring and automated CI/CD workflows.

EDUCATION
M.S. in Computer Science, University of Illinois Urbana-Champaign (Graduated 2018)
","PyTorch, Deep Learning, REST APIs, SQL, Code Review, Python, Pandas"
RES-0274,Alex Patel,alex.patel86@synthetic-talent.org,+1 (555) 458-9116,Full Stack Engineer,10,Lead/Staff,Master,M.S. in Machine Learning and Data Science,Sharda University,"Node.js, TypeScript, GraphQL, Docker, Git, React, Linux, Redis","Alex Patel
alex.patel86@synthetic-talent.org | +1 (555) 458-9116 | Location: New York, NY

PROFESSIONAL SUMMARY
Results-driven Full Stack Engineer with 10 years of industry experience specializing in Node.js, TypeScript, GraphQL, Docker. Proven background building scalable solutions, collaborating across agile teams, and driving measurable engineering impact.

TECHNICAL SKILLS
Node.js, TypeScript, GraphQL, Docker, Git, React, Linux, Redis

PROFESSIONAL EXPERIENCE
Senior Full Stack Engineer | Uber (2023 - Present)
- Designed and deployed enterprise-grade systems utilizing Node.js and TypeScript, improving throughput by 20%.
- Collaborated with engineering stakeholders to optimize data pipelines and system reliability using GraphQL.
- Reduced system downtime and latency by 10% through proactive monitoring and automated CI/CD workflows.

Senior Full Stack Engineer | HubSpot (2019 - 2023)
- Designed and deployed enterprise-grade systems utilizing Node.js and TypeScript, improving throughput by 15%.
- Collaborated with engineering stakeholders to optimize data pipelines and system reliability using GraphQL.
- Reduced system downtime and latency by 14% through proactive monitoring and automated CI/CD workflows.

Senior Full Stack Engineer | Stripe (2015 - 2019)
- Designed and deployed enterprise-grade systems utilizing Node.js and TypeScript, improving throughput by 33%.
- Collaborated with engineering stakeholders to optimize data pipelines and system reliability using GraphQL.
- Reduced system downtime and latency by 14% through proactive monitoring and automated CI/CD workflows.

EDUCATION
M.S. in Machine Learning and Data Science, Sharda University (Graduated 2015)
","Node.js, TypeScript, GraphQL, Docker, Git, React, Linux, Redis"
RES-0275,Ananya Kim,ananya.kim48@synthetic-talent.org,+1 (555) 232-2569,Cloud & DevOps Engineer,2,Junior,Master,M.S. in Machine Learning and Data Science,University of Illinois Urbana-Champaign,"AWS, Azure, GCP, Terraform, Go, REST APIs, Docker, Git, Linux","Ananya Kim
ananya.kim48@synthetic-talent.org | +1 (555) 232-2569 | Location: New York, NY

PROFESSIONAL SUMMARY
Results-driven Cloud & DevOps Engineer with 2 years of industry experience specializing in AWS, Azure, GCP, Terraform. Proven background building scalable solutions, collaborating across agile teams, and driving measurable engineering impact.

TECHNICAL SKILLS
AWS, Azure, GCP, Terraform, Go, REST APIs, Docker, Git, Linux

PROFESSIONAL EXPERIENCE
Cloud & DevOps Engineer | Lyft (2023 - Present)
- Designed and deployed enterprise-grade systems utilizing AWS and Azure, improving throughput by 23%.
- Collaborated with engineering stakeholders to optimize data pipelines and system reliability using GCP.
- Reduced system downtime and latency by 13% through proactive monitoring and automated CI/CD workflows.

EDUCATION
M.S. in Machine Learning and Data Science, University of Illinois Urbana-Champaign (Graduated 2023)
","AWS, Azure, GCP, Terraform, Go, REST APIs, Docker, Git, Linux"
RES-0276,Vikram Sharma,vikram.sharma72@synthetic-talent.org,+1 (555) 480-5551,Cloud & DevOps Engineer,8,Senior,Doctorate,Ph.D. in Computer Science,UC Berkeley,"AWS, Azure, GCP, Kubernetes, Jira, Prometheus, Python, CI/CD, Unit Testing","Vikram Sharma
vikram.sharma72@synthetic-talent.org | +1 (555) 480-5551 | Location: New York, NY

PROFESSIONAL SUMMARY
Results-driven Cloud & DevOps Engineer with 8 years of industry experience specializing in AWS, Azure, GCP, Kubernetes. Proven background building scalable solutions, collaborating across agile teams, and driving measurable engineering impact.

TECHNICAL SKILLS
AWS, Azure, GCP, Kubernetes, Jira, Prometheus, Python, CI/CD, Unit Testing

PROFESSIONAL EXPERIENCE
Senior Cloud & DevOps Engineer | Instacart (2022 - Present)
- Designed and deployed enterprise-grade systems utilizing AWS and Azure, improving throughput by 19%.
- Collaborated with engineering stakeholders to optimize data pipelines and system reliability using GCP.
- Reduced system downtime and latency by 18% through proactive monitoring and automated CI/CD workflows.

Senior Cloud & DevOps Engineer | Coinbase (2019 - 2022)
- Designed and deployed enterprise-grade systems utilizing AWS and Azure, improving throughput by 21%.
- Collaborated with engineering stakeholders to optimize data pipelines and system reliability using GCP.
- Reduced system downtime and latency by 22% through proactive monitoring and automated CI/CD workflows.

Senior Cloud & DevOps Engineer | MongoDB Inc. (2017 - 2019)
- Designed and deployed enterprise-grade systems utilizing AWS and Azure, improving throughput by 28%.
- Collaborated with engineering stakeholders to optimize data pipelines and system reliability using GCP.
- Reduced system downtime and latency by 21% through proactive monitoring and automated CI/CD workflows.

EDUCATION
Ph.D. in Computer Science, UC Berkeley (Graduated 2017)
","AWS, Azure, GCP, Kubernetes, Jira, Prometheus, Python, CI/CD, Unit Testing"
RES-0277,Rahul Miller,rahul.miller32@synthetic-talent.org,+1 (555) 635-3203,Frontend Engineer,5,Senior,Bachelor,B.S. in Electrical and Computer Engineering,University of Illinois Urbana-Champaign,"Node.js, TypeScript, GraphQL, JavaScript, Docker, HTML/CSS, Next.js, Jira, Agile, CI/CD","Rahul Miller
rahul.miller32@synthetic-talent.org | +1 (555) 635-3203 | Location: New York, NY

PROFESSIONAL SUMMARY
Results-driven Frontend Engineer with 5 years of industry experience specializing in Node.js, TypeScript, GraphQL, JavaScript. Proven background building scalable solutions, collaborating across agile teams, and driving measurable engineering impact.

TECHNICAL SKILLS
Node.js, TypeScript, GraphQL, JavaScript, Docker, HTML/CSS, Next.js, Jira, Agile, CI/CD

PROFESSIONAL EXPERIENCE
Frontend Engineer | NVIDIA (2023 - Present)
- Designed and deployed enterprise-grade systems utilizing Node.js and TypeScript, improving throughput by 26%.
- Collaborated with engineering stakeholders to optimize data pipelines and system reliability using GraphQL.
- Reduced system downtime and latency by 12% through proactive monitoring and automated CI/CD workflows.

Frontend Engineer | Cisco (2020 - 2023)
- Designed and deployed enterprise-grade systems utilizing Node.js and TypeScript, improving throughput by 37%.
- Collaborated with engineering stakeholders to optimize data pipelines and system reliability using GraphQL.
- Reduced system downtime and latency by 16% through proactive monitoring and automated CI/CD workflows.

EDUCATION
B.S. in Electrical and Computer Engineering, University of Illinois Urbana-Champaign (Graduated 2020)
","Node.js, TypeScript, GraphQL, JavaScript, Docker, HTML/CSS, Next.js, Jira, Agile, CI/CD"
RES-0278,Priya Anderson,priya.anderson73@synthetic-talent.org,+1 (555) 781-3417,Machine Learning Engineer,5,Mid-Level,Doctorate,Ph.D. in Computer Science,Stanford University,"PyTorch, AWS, Machine Learning, GCP, Large Language Models, Kubernetes, REST APIs, Transformers, Code Review, Kafka, Python, CI/CD","Priya Anderson
priya.anderson73@synthetic-talent.org | +1 (555) 781-3417 | Location: New York, NY

PROFESSIONAL SUMMARY
Results-driven Machine Learning Engineer with 5 years of industry experience specializing in PyTorch, AWS, Machine Learning, GCP. Proven background building scalable solutions, collaborating across agile teams, and driving measurable engineering impact.

TECHNICAL SKILLS
PyTorch, AWS, Machine Learning, GCP, Large Language Models, Kubernetes, REST APIs, Transformers, Code Review, Kafka, Python, CI/CD

PROFESSIONAL EXPERIENCE
Senior Machine Learning Engineer | Oracle (2021 - Present)
- Designed and deployed enterprise-grade systems utilizing PyTorch and AWS, improving throughput by 33%.
- Collaborated with engineering stakeholders to optimize data pipelines and system reliability using Machine Learning.
- Reduced system downtime and latency by 29% through proactive monitoring and automated CI/CD workflows.

Machine Learning Engineer | Zscaler (2020 - 2021)
- Designed and deployed enterprise-grade systems utilizing PyTorch and AWS, improving throughput by 27%.
- Collaborated with engineering stakeholders to optimize data pipelines and system reliability using Machine Learning.
- Reduced system downtime and latency by 14% through proactive monitoring and automated CI/CD workflows.

EDUCATION
Ph.D. in Computer Science, Stanford University (Graduated 2020)
","PyTorch, AWS, Machine Learning, GCP, Large Language Models, Kubernetes, REST APIs, Transformers, Code Review, Kafka, Python, CI/CD"
RES-0279,Elena Johnson,elena.johnson58@synthetic-talent.org,+1 (555) 966-5590,Data Engineer,0,Junior,Bachelor,B.S. in Electrical and Computer Engineering,Carnegie Mellon University,"AWS, Terraform, GCP, REST APIs, Docker, PostgreSQL, SQL, Snowflake, Agile, Kafka, Python, Airflow","Elena Johnson
elena.johnson58@synthetic-talent.org | +1 (555) 966-5590 | Location: New York, NY

PROFESSIONAL SUMMARY
Results-driven Data Engineer with 0 years of industry experience specializing in AWS, Terraform, GCP, REST APIs. Proven background building scalable solutions, collaborating across agile teams, and driving measurable engineering impact.

TECHNICAL SKILLS
AWS, Terraform, GCP, REST APIs, Docker, PostgreSQL, SQL, Snowflake, Agile, Kafka, Python, Airflow

PROFESSIONAL EXPERIENCE
Software Engineering Intern | Palantir (Summer 2024)
- Developed automated test suites and backend features with AWS.
- Collaborated in daily standups and contributed to production pull requests.

EDUCATION
B.S. in Electrical and Computer Engineering, Carnegie Mellon University (Graduated 2025)
","AWS, Terraform, GCP, REST APIs, Docker, PostgreSQL, SQL, Snowflake, Agile, Kafka, Python, Airflow"
RES-0280,James Rostova,james.rostova74@synthetic-talent.org,+1 (555) 234-3446,Backend Engineer,6,Senior,Master,M.S. in Computer Science,University of Washington,"AWS, Node.js, System Design, Java, Go, Kubernetes, Jira, Linux, Kafka, CI/CD","James Rostova
james.rostova74@synthetic-talent.org | +1 (555) 234-3446 | Location: New York, NY

PROFESSIONAL SUMMARY
Results-driven Backend Engineer with 6 years of industry experience specializing in AWS, Node.js, System Design, Java. Proven background building scalable solutions, collaborating across agile teams, and driving measurable engineering impact.

TECHNICAL SKILLS
AWS, Node.js, System Design, Java, Go, Kubernetes, Jira, Linux, Kafka, CI/CD

PROFESSIONAL EXPERIENCE
Senior Backend Engineer | Atlassian (2023 - Present)
- Designed and deployed enterprise-grade systems utilizing AWS and Node.js, improving throughput by 38%.
- Collaborated with engineering stakeholders to optimize data pipelines and system reliability using System Design.
- Reduced system downtime and latency by 21% through proactive monitoring and automated CI/CD workflows.

Senior Backend Engineer | Apple (2020 - 2023)
- Designed and deployed enterprise-grade systems utilizing AWS and Node.js, improving throughput by 33%.
- Collaborated with engineering stakeholders to optimize data pipelines and system reliability using System Design.
- Reduced system downtime and latency by 25% through proactive monitoring and automated CI/CD workflows.

Senior Backend Engineer | Google (2019 - 2020)
- Designed and deployed enterprise-grade systems utilizing AWS and Node.js, improving throughput by 18%.
- Collaborated with engineering stakeholders to optimize data pipelines and system reliability using System Design.
- Reduced system downtime and latency by 22% through proactive monitoring and automated CI/CD workflows.

EDUCATION
M.S. in Computer Science, University of Washington (Graduated 2019)
","AWS, Node.js, System Design, Java, Go, Kubernetes, Jira, Linux, Kafka, CI/CD"
RES-0281,Mateo Smith,mateo.smith81@synthetic-talent.org,+1 (555) 671-7122,Data Scientist,6,Senior,Master,M.S. in Computer Science,UT Austin,"PyTorch, REST APIs, NLP, Code Review, Python, Scikit-Learn, Pandas","Mateo Smith
mateo.smith81@synthetic-talent.org | +1 (555) 671-7122 | Location: New York, NY

PROFESSIONAL SUMMARY
Results-driven Data Scientist with 6 years of industry experience specializing in PyTorch, REST APIs, NLP, Code Review. Proven background building scalable solutions, collaborating across agile teams, and driving measurable engineering impact.

TECHNICAL SKILLS
PyTorch, REST APIs, NLP, Code Review, Python, Scikit-Learn, Pandas

PROFESSIONAL EXPERIENCE
Senior Data Scientist | Instacart (2022 - Present)
- Designed and deployed enterprise-grade systems utilizing PyTorch and REST APIs, improving throughput by 36%.
- Collaborated with engineering stakeholders to optimize data pipelines and system reliability using NLP.
- Reduced system downtime and latency by 22% through proactive monitoring and automated CI/CD workflows.

Senior Data Scientist | Atlassian (2020 - 2022)
- Designed and deployed enterprise-grade systems utilizing PyTorch and REST APIs, improving throughput by 18%.
- Collaborated with engineering stakeholders to optimize data pipelines and system reliability using NLP.
- Reduced system downtime and latency by 11% through proactive monitoring and automated CI/CD workflows.

Senior Data Scientist | Meta (2019 - 2020)
- Designed and deployed enterprise-grade systems utilizing PyTorch and REST APIs, improving throughput by 17%.
- Collaborated with engineering stakeholders to optimize data pipelines and system reliability using NLP.
- Reduced system downtime and latency by 30% through proactive monitoring and automated CI/CD workflows.

EDUCATION
M.S. in Computer Science, UT Austin (Graduated 2019)
","PyTorch, REST APIs, NLP, Code Review, Python, Scikit-Learn, Pandas"
RES-0282,James Williams,james.williams94@synthetic-talent.org,+1 (555) 842-6625,Data Scientist,2,Mid-Level,Master,M.S. in Computer Science,Stanford University,"Deep Learning, Docker, Linux, SQL, Agile, Python, Scikit-Learn, Pandas","James Williams
james.williams94@synthetic-talent.org | +1 (555) 842-6625 | Location: New York, NY

PROFESSIONAL SUMMARY
Results-driven Data Scientist with 2 years of industry experience specializing in Deep Learning, Docker, Linux, SQL. Proven background building scalable solutions, collaborating across agile teams, and driving measurable engineering impact.

TECHNICAL SKILLS
Deep Learning, Docker, Linux, SQL, Agile, Python, Scikit-Learn, Pandas

PROFESSIONAL EXPERIENCE
Data Scientist | Spotify (2023 - Present)
- Designed and deployed enterprise-grade systems utilizing Deep Learning and Docker, improving throughput by 32%.
- Collaborated with engineering stakeholders to optimize data pipelines and system reliability using Linux.
- Reduced system downtime and latency by 29% through proactive monitoring and automated CI/CD workflows.

EDUCATION
M.S. in Computer Science, Stanford University (Graduated 2023)
","Deep Learning, Docker, Linux, SQL, Agile, Python, Scikit-Learn, Pandas"
RES-0283,Mateo Tanaka,mateo.tanaka21@synthetic-talent.org,+1 (555) 602-4553,Frontend Engineer,7,Senior,Master,M.S. in Computer Science,BITS Pilani,"Node.js, JavaScript, React, Code Review, Agile","Mateo Tanaka
mateo.tanaka21@synthetic-talent.org | +1 (555) 602-4553 | Location: New York, NY

PROFESSIONAL SUMMARY
Results-driven Frontend Engineer with 7 years of industry experience specializing in Node.js, JavaScript, React, Code Review. Proven background building scalable solutions, collaborating across agile teams, and driving measurable engineering impact.

TECHNICAL SKILLS
Node.js, JavaScript, React, Code Review, Agile

PROFESSIONAL EXPERIENCE
Senior Frontend Engineer | DoorDash (2023 - Present)
- Designed and deployed enterprise-grade systems utilizing Node.js and JavaScript, improving throughput by 30%.
- Collaborated with engineering stakeholders to optimize data pipelines and system reliability using React.
- Reduced system downtime and latency by 29% through proactive monitoring and automated CI/CD workflows.

Senior Frontend Engineer | CrowdStrike (2021 - 2023)
- Designed and deployed enterprise-grade systems utilizing Node.js and JavaScript, improving throughput by 40%.
- Collaborated with engineering stakeholders to optimize data pipelines and system reliability using React.
- Reduced system downtime and latency by 12% through proactive monitoring and automated CI/CD workflows.

Senior Frontend Engineer | Uber (2019 - 2021)
- Designed and deployed enterprise-grade systems utilizing Node.js and JavaScript, improving throughput by 32%.
- Collaborated with engineering stakeholders to optimize data pipelines and system reliability using React.
- Reduced system downtime and latency by 24% through proactive monitoring and automated CI/CD workflows.

Senior Frontend Engineer | Atlassian (2018 - 2019)
- Designed and deployed enterprise-grade systems utilizing Node.js and JavaScript, improving throughput by 44%.
- Collaborated with engineering stakeholders to optimize data pipelines and system reliability using React.
- Reduced system downtime and latency by 11% through proactive monitoring and automated CI/CD workflows.

EDUCATION
M.S. in Computer Science, BITS Pilani (Graduated 2018)
","Node.js, JavaScript, React, Code Review, Agile"
RES-0284,Sarah Smith,sarah.smith51@synthetic-talent.org,+1 (555) 608-8276,Data Engineer,0,Junior,Bachelor,B.Tech in Computer Science and Engineering,IIT Bombay,"REST APIs, PostgreSQL, SQL, Snowflake, Agile, Kafka, Python, Airflow","Sarah Smith
sarah.smith51@synthetic-talent.org | +1 (555) 608-8276 | Location: New York, NY

PROFESSIONAL SUMMARY
Results-driven Data Engineer with 0 years of industry experience specializing in REST APIs, PostgreSQL, SQL, Snowflake. Proven background building scalable solutions, collaborating across agile teams, and driving measurable engineering impact.

TECHNICAL SKILLS
REST APIs, PostgreSQL, SQL, Snowflake, Agile, Kafka, Python, Airflow

PROFESSIONAL EXPERIENCE
Software Engineering Intern | HubSpot (Summer 2024)
- Developed automated test suites and backend features with REST APIs.
- Collaborated in daily standups and contributed to production pull requests.

EDUCATION
B.Tech in Computer Science and Engineering, IIT Bombay (Graduated 2025)
","REST APIs, PostgreSQL, SQL, Snowflake, Agile, Kafka, Python, Airflow"
RES-0285,David Williams,david.williams36@synthetic-talent.org,+1 (555) 944-5150,Machine Learning Engineer,0,Junior,Bachelor,B.S. in Computer Science,Cornell University,"FastAPI, AWS, Machine Learning, Large Language Models, Transformers, Git, Kafka, Python, Unit Testing","David Williams
david.williams36@synthetic-talent.org | +1 (555) 944-5150 | Location: New York, NY

PROFESSIONAL SUMMARY
Results-driven Machine Learning Engineer with 0 years of industry experience specializing in FastAPI, AWS, Machine Learning, Large Language Models. Proven background building scalable solutions, collaborating across agile teams, and driving measurable engineering impact.

TECHNICAL SKILLS
FastAPI, AWS, Machine Learning, Large Language Models, Transformers, Git, Kafka, Python, Unit Testing

PROFESSIONAL EXPERIENCE
Software Engineering Intern | Microsoft (Summer 2024)
- Developed automated test suites and backend features with FastAPI.
- Collaborated in daily standups and contributed to production pull requests.

EDUCATION
B.S. in Computer Science, Cornell University (Graduated 2025)
","FastAPI, AWS, Machine Learning, Large Language Models, Transformers, Git, Kafka, Python, Unit Testing"
RES-0286,Michael Davis,michael.davis68@synthetic-talent.org,+1 (555) 200-6132,Data Engineer,0,Junior,Bachelor,B.S. in Electrical and Computer Engineering,University of Michigan,"AWS, Jira, Spark, PostgreSQL, SQL, Snowflake, Python, Unit Testing, Airflow","Michael Davis
michael.davis68@synthetic-talent.org | +1 (555) 200-6132 | Location: New York, NY

PROFESSIONAL SUMMARY
Results-driven Data Engineer with 0 years of industry experience specializing in AWS, Jira, Spark, PostgreSQL. Proven background building scalable solutions, collaborating across agile teams, and driving measurable engineering impact.

TECHNICAL SKILLS
AWS, Jira, Spark, PostgreSQL, SQL, Snowflake, Python, Unit Testing, Airflow

PROFESSIONAL EXPERIENCE
Software Engineering Intern | Wayfair (Summer 2024)
- Developed automated test suites and backend features with AWS.
- Collaborated in daily standups and contributed to production pull requests.

EDUCATION
B.S. in Electrical and Computer Engineering, University of Michigan (Graduated 2025)
","AWS, Jira, Spark, PostgreSQL, SQL, Snowflake, Python, Unit Testing, Airflow"
RES-0287,Emily Brown,emily.brown29@synthetic-talent.org,+1 (555) 200-6604,Data Engineer,5,Mid-Level,Master,M.S. in Computer Science,Stanford University,"AWS, GCP, Terraform, Jira, Spark, PostgreSQL, Agile, Kafka, Python, Snowflake","Emily Brown
emily.brown29@synthetic-talent.org | +1 (555) 200-6604 | Location: New York, NY

PROFESSIONAL SUMMARY
Results-driven Data Engineer with 5 years of industry experience specializing in AWS, GCP, Terraform, Jira. Proven background building scalable solutions, collaborating across agile teams, and driving measurable engineering impact.

TECHNICAL SKILLS
AWS, GCP, Terraform, Jira, Spark, PostgreSQL, Agile, Kafka, Python, Snowflake

PROFESSIONAL EXPERIENCE
Data Engineer | HubSpot (2023 - Present)
- Designed and deployed enterprise-grade systems utilizing AWS and GCP, improving throughput by 25%.
- Collaborated with engineering stakeholders to optimize data pipelines and system reliability using Terraform.
- Reduced system downtime and latency by 17% through proactive monitoring and automated CI/CD workflows.

Data Engineer | Atlassian (2020 - 2023)
- Designed and deployed enterprise-grade systems utilizing AWS and GCP, improving throughput by 40%.
- Collaborated with engineering stakeholders to optimize data pipelines and system reliability using Terraform.
- Reduced system downtime and latency by 20% through proactive monitoring and automated CI/CD workflows.

EDUCATION
M.S. in Computer Science, Stanford University (Graduated 2020)
","AWS, GCP, Terraform, Jira, Spark, PostgreSQL, Agile, Kafka, Python, Snowflake"
RES-0288,Michael Rodriguez,michael.rodriguez24@synthetic-talent.org,+1 (555) 801-4891,Backend Engineer,5,Senior,Master,M.S. in Computer Science,University of Washington,"FastAPI, AWS, System Design, Java, Go, Kubernetes, Docker, Git, PostgreSQL, Linux, Redis, Python, CI/CD","Michael Rodriguez
michael.rodriguez24@synthetic-talent.org | +1 (555) 801-4891 | Location: New York, NY

PROFESSIONAL SUMMARY
Results-driven Backend Engineer with 5 years of industry experience specializing in FastAPI, AWS, System Design, Java. Proven background building scalable solutions, collaborating across agile teams, and driving measurable engineering impact.

TECHNICAL SKILLS
FastAPI, AWS, System Design, Java, Go, Kubernetes, Docker, Git, PostgreSQL, Linux, Redis, Python, CI/CD

PROFESSIONAL EXPERIENCE
Senior Backend Engineer | Coinbase (2021 - Present)
- Designed and deployed enterprise-grade systems utilizing FastAPI and AWS, improving throughput by 44%.
- Collaborated with engineering stakeholders to optimize data pipelines and system reliability using System Design.
- Reduced system downtime and latency by 16% through proactive monitoring and automated CI/CD workflows.

Backend Engineer | Palantir (2020 - 2021)
- Designed and deployed enterprise-grade systems utilizing FastAPI and AWS, improving throughput by 40%.
- Collaborated with engineering stakeholders to optimize data pipelines and system reliability using System Design.
- Reduced system downtime and latency by 14% through proactive monitoring and automated CI/CD workflows.

EDUCATION
M.S. in Computer Science, University of Washington (Graduated 2020)
","FastAPI, AWS, System Design, Java, Go, Kubernetes, Docker, Git, PostgreSQL, Linux, Redis, Python, CI/CD"
RES-0289,Emily Johnson,emily.johnson14@synthetic-talent.org,+1 (555) 156-5496,Frontend Engineer,7,Senior,Master,M.S. in Computer Science,UC Berkeley,"Node.js, TypeScript, GraphQL, Jira, Docker, HTML/CSS, Next.js, React, Linux, CI/CD","Emily Johnson
emily.johnson14@synthetic-talent.org | +1 (555) 156-5496 | Location: New York, NY

PROFESSIONAL SUMMARY
Results-driven Frontend Engineer with 7 years of industry experience specializing in Node.js, TypeScript, GraphQL, Jira. Proven background building scalable solutions, collaborating across agile teams, and driving measurable engineering impact.

TECHNICAL SKILLS
Node.js, TypeScript, GraphQL, Jira, Docker, HTML/CSS, Next.js, React, Linux, CI/CD

PROFESSIONAL EXPERIENCE
Senior Frontend Engineer | Snowflake (2023 - Present)
- Designed and deployed enterprise-grade systems utilizing Node.js and TypeScript, improving throughput by 26%.
- Collaborated with engineering stakeholders to optimize data pipelines and system reliability using GraphQL.
- Reduced system downtime and latency by 17% through proactive monitoring and automated CI/CD workflows.

Senior Frontend Engineer | MongoDB Inc. (2021 - 2023)
- Designed and deployed enterprise-grade systems utilizing Node.js and TypeScript, improving throughput by 39%.
- Collaborated with engineering stakeholders to optimize data pipelines and system reliability using GraphQL.
- Reduced system downtime and latency by 22% through proactive monitoring and automated CI/CD workflows.

Senior Frontend Engineer | Workday (2018 - 2021)
- Designed and deployed enterprise-grade systems utilizing Node.js and TypeScript, improving throughput by 41%.
- Collaborated with engineering stakeholders to optimize data pipelines and system reliability using GraphQL.
- Reduced system downtime and latency by 28% through proactive monitoring and automated CI/CD workflows.

EDUCATION
M.S. in Computer Science, UC Berkeley (Graduated 2018)
","Node.js, TypeScript, GraphQL, Jira, Docker, HTML/CSS, Next.js, React, Linux, CI/CD"
RES-0290,Priya Sharma,priya.sharma28@synthetic-talent.org,+1 (555) 789-8904,Backend Engineer,14,Lead/Staff,Master,M.S. in Machine Learning and Data Science,UC Berkeley,"FastAPI, Node.js, System Design, Java, Go, Jira, Docker, Agile, Redis, Kafka, Python, CI/CD","Priya Sharma
priya.sharma28@synthetic-talent.org | +1 (555) 789-8904 | Location: New York, NY

PROFESSIONAL SUMMARY
Results-driven Backend Engineer with 14 years of industry experience specializing in FastAPI, Node.js, System Design, Java. Proven background building scalable solutions, collaborating across agile teams, and driving measurable engineering impact.

TECHNICAL SKILLS
FastAPI, Node.js, System Design, Java, Go, Jira, Docker, Agile, Redis, Kafka, Python, CI/CD

PROFESSIONAL EXPERIENCE
Senior Backend Engineer | Square / Block (2022 - Present)
- Designed and deployed enterprise-grade systems utilizing FastAPI and Node.js, improving throughput by 22%.
- Collaborated with engineering stakeholders to optimize data pipelines and system reliability using System Design.
- Reduced system downtime and latency by 22% through proactive monitoring and automated CI/CD workflows.

Senior Backend Engineer | Wayfair (2018 - 2022)
- Designed and deployed enterprise-grade systems utilizing FastAPI and Node.js, improving throughput by 21%.
- Collaborated with engineering stakeholders to optimize data pipelines and system reliability using System Design.
- Reduced system downtime and latency by 16% through proactive monitoring and automated CI/CD workflows.

Senior Backend Engineer | Robinhood (2016 - 2018)
- Designed and deployed enterprise-grade systems utilizing FastAPI and Node.js, improving throughput by 40%.
- Collaborated with engineering stakeholders to optimize data pipelines and system reliability using System Design.
- Reduced system downtime and latency by 11% through proactive monitoring and automated CI/CD workflows.

Senior Backend Engineer | Databricks (2013 - 2016)
- Designed and deployed enterprise-grade systems utilizing FastAPI and Node.js, improving throughput by 41%.
- Collaborated with engineering stakeholders to optimize data pipelines and system reliability using System Design.
- Reduced system downtime and latency by 13% through proactive monitoring and automated CI/CD workflows.

Senior Backend Engineer | Salesforce (2011 - 2013)
- Designed and deployed enterprise-grade systems utilizing FastAPI and Node.js, improving throughput by 45%.
- Collaborated with engineering stakeholders to optimize data pipelines and system reliability using System Design.
- Reduced system downtime and latency by 10% through proactive monitoring and automated CI/CD workflows.

EDUCATION
M.S. in Machine Learning and Data Science, UC Berkeley (Graduated 2011)
","FastAPI, Node.js, System Design, Java, Go, Jira, Docker, Agile, Redis, Kafka, Python, CI/CD"
RES-0291,Zoe Jones,zoe.jones27@synthetic-talent.org,+1 (555) 266-5586,Data Scientist,5,Mid-Level,Master,M.S. in Machine Learning and Data Science,University of Illinois Urbana-Champaign,"Unit Testing, Machine Learning, Deep Learning, REST APIs, Docker, NLP, SQL, Scikit-Learn, Pandas","Zoe Jones
zoe.jones27@synthetic-talent.org | +1 (555) 266-5586 | Location: New York, NY

PROFESSIONAL SUMMARY
Results-driven Data Scientist with 5 years of industry experience specializing in Unit Testing, Machine Learning, Deep Learning, REST APIs. Proven background building scalable solutions, collaborating across agile teams, and driving measurable engineering impact.

TECHNICAL SKILLS
Unit Testing, Machine Learning, Deep Learning, REST APIs, Docker, NLP, SQL, Scikit-Learn, Pandas

PROFESSIONAL EXPERIENCE
Data Scientist | Cloudflare (2022 - Present)
- Designed and deployed enterprise-grade systems utilizing Unit Testing and Machine Learning, improving throughput by 32%.
- Collaborated with engineering stakeholders to optimize data pipelines and system reliability using Deep Learning.
- Reduced system downtime and latency by 15% through proactive monitoring and automated CI/CD workflows.

Data Scientist | Snowflake (2020 - 2022)
- Designed and deployed enterprise-grade systems utilizing Unit Testing and Machine Learning, improving throughput by 38%.
- Collaborated with engineering stakeholders to optimize data pipelines and system reliability using Deep Learning.
- Reduced system downtime and latency by 29% through proactive monitoring and automated CI/CD workflows.

EDUCATION
M.S. in Machine Learning and Data Science, University of Illinois Urbana-Champaign (Graduated 2020)
","Unit Testing, Machine Learning, Deep Learning, REST APIs, Docker, NLP, SQL, Scikit-Learn, Pandas"
RES-0292,James Williams,james.williams68@synthetic-talent.org,+1 (555) 366-1204,Data Engineer,9,Senior,Master,M.S. in Computer Science,IIT Bombay,"Terraform, GCP, Docker, Git, PostgreSQL, SQL, Agile, Kafka, Snowflake","James Williams
james.williams68@synthetic-talent.org | +1 (555) 366-1204 | Location: New York, NY

PROFESSIONAL SUMMARY
Results-driven Data Engineer with 9 years of industry experience specializing in Terraform, GCP, Docker, Git. Proven background building scalable solutions, collaborating across agile teams, and driving measurable engineering impact.

TECHNICAL SKILLS
Terraform, GCP, Docker, Git, PostgreSQL, SQL, Agile, Kafka, Snowflake

PROFESSIONAL EXPERIENCE
Senior Data Engineer | Robinhood (2023 - Present)
- Designed and deployed enterprise-grade systems utilizing Terraform and GCP, improving throughput by 41%.
- Collaborated with engineering stakeholders to optimize data pipelines and system reliability using Docker.
- Reduced system downtime and latency by 22% through proactive monitoring and automated CI/CD workflows.

Senior Data Engineer | Snowflake (2019 - 2023)
- Designed and deployed enterprise-grade systems utilizing Terraform and GCP, improving throughput by 31%.
- Collaborated with engineering stakeholders to optimize data pipelines and system reliability using Docker.
- Reduced system downtime and latency by 28% through proactive monitoring and automated CI/CD workflows.

Senior Data Engineer | Palo Alto Networks (2017 - 2019)
- Designed and deployed enterprise-grade systems utilizing Terraform and GCP, improving throughput by 45%.
- Collaborated with engineering stakeholders to optimize data pipelines and system reliability using Docker.
- Reduced system downtime and latency by 12% through proactive monitoring and automated CI/CD workflows.

Senior Data Engineer | Intel (2016 - 2017)
- Designed and deployed enterprise-grade systems utilizing Terraform and GCP, improving throughput by 20%.
- Collaborated with engineering stakeholders to optimize data pipelines and system reliability using Docker.
- Reduced system downtime and latency by 23% through proactive monitoring and automated CI/CD workflows.

EDUCATION
M.S. in Computer Science, IIT Bombay (Graduated 2016)
","Terraform, GCP, Docker, Git, PostgreSQL, SQL, Agile, Kafka, Snowflake"
RES-0293,Mateo Rodriguez,mateo.rodriguez73@synthetic-talent.org,+1 (555) 137-1329,Full Stack Engineer,9,Senior,Master,M.S. in Machine Learning and Data Science,IIT Bombay,"FastAPI, Node.js, TypeScript, GraphQL, Git, PostgreSQL, React, Code Review, Redis, Python","Mateo Rodriguez
mateo.rodriguez73@synthetic-talent.org | +1 (555) 137-1329 | Location: New York, NY

PROFESSIONAL SUMMARY
Results-driven Full Stack Engineer with 9 years of industry experience specializing in FastAPI, Node.js, TypeScript, GraphQL. Proven background building scalable solutions, collaborating across agile teams, and driving measurable engineering impact.

TECHNICAL SKILLS
FastAPI, Node.js, TypeScript, GraphQL, Git, PostgreSQL, React, Code Review, Redis, Python

PROFESSIONAL EXPERIENCE
Senior Full Stack Engineer | Oracle (2022 - Present)
- Designed and deployed enterprise-grade systems utilizing FastAPI and Node.js, improving throughput by 35%.
- Collaborated with engineering stakeholders to optimize data pipelines and system reliability using TypeScript.
- Reduced system downtime and latency by 21% through proactive monitoring and automated CI/CD workflows.

Senior Full Stack Engineer | Shopify (2018 - 2022)
- Designed and deployed enterprise-grade systems utilizing FastAPI and Node.js, improving throughput by 40%.
- Collaborated with engineering stakeholders to optimize data pipelines and system reliability using TypeScript.
- Reduced system downtime and latency by 26% through proactive monitoring and automated CI/CD workflows.

Senior Full Stack Engineer | Intel (2016 - 2018)
- Designed and deployed enterprise-grade systems utilizing FastAPI and Node.js, improving throughput by 45%.
- Collaborated with engineering stakeholders to optimize data pipelines and system reliability using TypeScript.
- Reduced system downtime and latency by 20% through proactive monitoring and automated CI/CD workflows.

EDUCATION
M.S. in Machine Learning and Data Science, IIT Bombay (Graduated 2016)
","FastAPI, Node.js, TypeScript, GraphQL, Git, PostgreSQL, React, Code Review, Redis, Python"
RES-0294,Ananya Rodriguez,ananya.rodriguez49@synthetic-talent.org,+1 (555) 824-8318,Data Scientist,2,Mid-Level,Master,M.S. in Computer Science,UT Austin,"AWS, Unit Testing, Machine Learning, BigQuery, NLP, Linux, Python, Scikit-Learn, Pandas","Ananya Rodriguez
ananya.rodriguez49@synthetic-talent.org | +1 (555) 824-8318 | Location: New York, NY

PROFESSIONAL SUMMARY
Results-driven Data Scientist with 2 years of industry experience specializing in AWS, Unit Testing, Machine Learning, BigQuery. Proven background building scalable solutions, collaborating across agile teams, and driving measurable engineering impact.

TECHNICAL SKILLS
AWS, Unit Testing, Machine Learning, BigQuery, NLP, Linux, Python, Scikit-Learn, Pandas

PROFESSIONAL EXPERIENCE
Data Scientist | Oracle (2023 - Present)
- Designed and deployed enterprise-grade systems utilizing AWS and Unit Testing, improving throughput by 38%.
- Collaborated with engineering stakeholders to optimize data pipelines and system reliability using Machine Learning.
- Reduced system downtime and latency by 22% through proactive monitoring and automated CI/CD workflows.

EDUCATION
M.S. in Computer Science, UT Austin (Graduated 2023)
","AWS, Unit Testing, Machine Learning, GCP, NLP, Linux, Python, Scikit-Learn, Pandas"
RES-0295,Arjun Taylor,arjun.taylor44@synthetic-talent.org,+1 (555) 611-1160,Data Scientist,9,Senior,Bachelor,B.S. in Electrical and Computer Engineering,Delhi Technological University,"Machine Learning, Deep Learning, BigQuery, Jira, SQL, Code Review, Python, Scikit-Learn, Pandas","Arjun Taylor
arjun.taylor44@synthetic-talent.org | +1 (555) 611-1160 | Location: New York, NY

PROFESSIONAL SUMMARY
Results-driven Data Scientist with 9 years of industry experience specializing in Machine Learning, Deep Learning, BigQuery, Jira. Proven background building scalable solutions, collaborating across agile teams, and driving measurable engineering impact.

TECHNICAL SKILLS
Machine Learning, Deep Learning, BigQuery, Jira, SQL, Code Review, Python, Scikit-Learn, Pandas

PROFESSIONAL EXPERIENCE
Senior Data Scientist | HubSpot (2021 - Present)
- Designed and deployed enterprise-grade systems utilizing Machine Learning and Deep Learning, improving throughput by 28%.
- Collaborated with engineering stakeholders to optimize data pipelines and system reliability using BigQuery.
- Reduced system downtime and latency by 14% through proactive monitoring and automated CI/CD workflows.

Senior Data Scientist | Netflix (2017 - 2021)
- Designed and deployed enterprise-grade systems utilizing Machine Learning and Deep Learning, improving throughput by 35%.
- Collaborated with engineering stakeholders to optimize data pipelines and system reliability using BigQuery.
- Reduced system downtime and latency by 29% through proactive monitoring and automated CI/CD workflows.

Senior Data Scientist | Pinterest (2016 - 2017)
- Designed and deployed enterprise-grade systems utilizing Machine Learning and Deep Learning, improving throughput by 36%.
- Collaborated with engineering stakeholders to optimize data pipelines and system reliability using BigQuery.
- Reduced system downtime and latency by 23% through proactive monitoring and automated CI/CD workflows.

EDUCATION
B.S. in Electrical and Computer Engineering, Delhi Technological University (Graduated 2016)
","Machine Learning, Deep Learning, GCP, Jira, SQL, Code Review, Python, Scikit-Learn, Pandas"
RES-0296,Chen Rostova,chen.rostova56@synthetic-talent.org,+1 (555) 197-7465,Frontend Engineer,8,Senior,Master,M.S. in Machine Learning and Data Science,Stanford University,"Node.js, TypeScript, GraphQL, REST APIs, Docker, HTML/CSS, Git, CI/CD","Chen Rostova
chen.rostova56@synthetic-talent.org | +1 (555) 197-7465 | Location: New York, NY

PROFESSIONAL SUMMARY
Results-driven Frontend Engineer with 8 years of industry experience specializing in Node.js, TypeScript, GraphQL, REST APIs. Proven background building scalable solutions, collaborating across agile teams, and driving measurable engineering impact.

TECHNICAL SKILLS
Node.js, TypeScript, GraphQL, REST APIs, Docker, HTML/CSS, Git, CI/CD

PROFESSIONAL EXPERIENCE
Senior Frontend Engineer | Uber (2023 - Present)
- Designed and deployed enterprise-grade systems utilizing Node.js and TypeScript, improving throughput by 33%.
- Collaborated with engineering stakeholders to optimize data pipelines and system reliability using GraphQL.
- Reduced system downtime and latency by 27% through proactive monitoring and automated CI/CD workflows.

Senior Frontend Engineer | Workday (2019 - 2023)
- Designed and deployed enterprise-grade systems utilizing Node.js and TypeScript, improving throughput by 41%.
- Collaborated with engineering stakeholders to optimize data pipelines and system reliability using GraphQL.
- Reduced system downtime and latency by 22% through proactive monitoring and automated CI/CD workflows.

Senior Frontend Engineer | Apple (2017 - 2019)
- Designed and deployed enterprise-grade systems utilizing Node.js and TypeScript, improving throughput by 20%.
- Collaborated with engineering stakeholders to optimize data pipelines and system reliability using GraphQL.
- Reduced system downtime and latency by 28% through proactive monitoring and automated CI/CD workflows.

EDUCATION
M.S. in Machine Learning and Data Science, Stanford University (Graduated 2017)
","Node.js, TypeScript, GraphQL, REST APIs, Docker, HTML/CSS, Git, CI/CD"
RES-0297,Mateo Davis,mateo.davis37@synthetic-talent.org,+1 (555) 779-2671,Frontend Engineer,3,Mid-Level,Bachelor,B.Tech in Computer Science and Engineering,Stanford University,"Node.js, TypeScript, REST APIs, JavaScript, HTML/CSS, Next.js, React, Code Review","Mateo Davis
mateo.davis37@synthetic-talent.org | +1 (555) 779-2671 | Location: New York, NY

PROFESSIONAL SUMMARY
Results-driven Frontend Engineer with 3 years of industry experience specializing in Node.js, TypeScript, REST APIs, JavaScript. Proven background building scalable solutions, collaborating across agile teams, and driving measurable engineering impact.

TECHNICAL SKILLS
Node.js, TypeScript, REST APIs, JavaScript, HTML/CSS, Next.js, React, Code Review

PROFESSIONAL EXPERIENCE
Frontend Engineer | HubSpot (2022 - Present)
- Designed and deployed enterprise-grade systems utilizing Node.js and TypeScript, improving throughput by 42%.
- Collaborated with engineering stakeholders to optimize data pipelines and system reliability using REST APIs.
- Reduced system downtime and latency by 25% through proactive monitoring and automated CI/CD workflows.

EDUCATION
B.Tech in Computer Science and Engineering, Stanford University (Graduated 2022)
","Node.js, TypeScript, REST APIs, JavaScript, HTML/CSS, Next.js, React, Code Review"
RES-0298,Vikram Rodriguez,vikram.rodriguez46@synthetic-talent.org,+1 (555) 683-5135,Backend Engineer,6,Senior,Bachelor,B.S. in Computer Science,Georgia Tech,"FastAPI, System Design, Java, Go, Jira, Docker, Git, PostgreSQL, Redis, Python, CI/CD","Vikram Rodriguez
vikram.rodriguez46@synthetic-talent.org | +1 (555) 683-5135 | Location: New York, NY

PROFESSIONAL SUMMARY
Results-driven Backend Engineer with 6 years of industry experience specializing in FastAPI, System Design, Java, Go. Proven background building scalable solutions, collaborating across agile teams, and driving measurable engineering impact.

TECHNICAL SKILLS
FastAPI, System Design, Java, Go, Jira, Docker, Git, PostgreSQL, Redis, Python, CI/CD

PROFESSIONAL EXPERIENCE
Senior Backend Engineer | Atlassian (2023 - Present)
- Designed and deployed enterprise-grade systems utilizing FastAPI and System Design, improving throughput by 35%.
- Collaborated with engineering stakeholders to optimize data pipelines and system reliability using Java.
- Reduced system downtime and latency by 29% through proactive monitoring and automated CI/CD workflows.

Senior Backend Engineer | Twilio (2020 - 2023)
- Designed and deployed enterprise-grade systems utilizing FastAPI and System Design, improving throughput by 36%.
- Collaborated with engineering stakeholders to optimize data pipelines and system reliability using Java.
- Reduced system downtime and latency by 19% through proactive monitoring and automated CI/CD workflows.

Senior Backend Engineer | Apple (2019 - 2020)
- Designed and deployed enterprise-grade systems utilizing FastAPI and System Design, improving throughput by 35%.
- Collaborated with engineering stakeholders to optimize data pipelines and system reliability using Java.
- Reduced system downtime and latency by 13% through proactive monitoring and automated CI/CD workflows.

EDUCATION
B.S. in Computer Science, Georgia Tech (Graduated 2019)
","FastAPI, System Design, Java, Go, Jira, Docker, Git, PostgreSQL, Redis, Python, CI/CD"
RES-0299,Marcus Rodriguez,marcus.rodriguez16@synthetic-talent.org,+1 (555) 378-5745,Data Engineer,2,Junior,Master,M.S. in Computer Science,UT Austin,"AWS, GCP, Terraform, Jira, Docker, PostgreSQL, SQL, Snowflake, Code Review, Kafka, Python, Airflow","Marcus Rodriguez
marcus.rodriguez16@synthetic-talent.org | +1 (555) 378-5745 | Location: New York, NY

PROFESSIONAL SUMMARY
Results-driven Data Engineer with 2 years of industry experience specializing in AWS, GCP, Terraform, Jira. Proven background building scalable solutions, collaborating across agile teams, and driving measurable engineering impact.

TECHNICAL SKILLS
AWS, GCP, Terraform, Jira, Docker, PostgreSQL, SQL, Snowflake, Code Review, Kafka, Python, Airflow

PROFESSIONAL EXPERIENCE
Data Engineer | Splunk (2023 - Present)
- Designed and deployed enterprise-grade systems utilizing AWS and GCP, improving throughput by 45%.
- Collaborated with engineering stakeholders to optimize data pipelines and system reliability using Terraform.
- Reduced system downtime and latency by 20% through proactive monitoring and automated CI/CD workflows.

EDUCATION
M.S. in Computer Science, UT Austin (Graduated 2023)
","AWS, GCP, Terraform, Jira, Docker, PostgreSQL, SQL, Snowflake, Code Review, Kafka, Python, Airflow"
RES-0300,Sarah Anderson,sarah.anderson19@synthetic-talent.org,+1 (555) 310-1597,Frontend Engineer,8,Senior,Bachelor,B.Tech in Computer Science and Engineering,Georgia Tech,"Node.js, TypeScript, GraphQL, JavaScript, Jira, HTML/CSS, Next.js, React, Agile, CI/CD","Sarah Anderson
sarah.anderson19@synthetic-talent.org | +1 (555) 310-1597 | Location: New York, NY

PROFESSIONAL SUMMARY
Results-driven Frontend Engineer with 8 years of industry experience specializing in Node.js, TypeScript, GraphQL, JavaScript. Proven background building scalable solutions, collaborating across agile teams, and driving measurable engineering impact.

TECHNICAL SKILLS
Node.js, TypeScript, GraphQL, JavaScript, Jira, HTML/CSS, Next.js, React, Agile, CI/CD

PROFESSIONAL EXPERIENCE
Senior Frontend Engineer | Netflix (2023 - Present)
- Designed and deployed enterprise-grade systems utilizing Node.js and TypeScript, improving throughput by 42%.
- Collaborated with engineering stakeholders to optimize data pipelines and system reliability using GraphQL.
- Reduced system downtime and latency by 17% through proactive monitoring and automated CI/CD workflows.

Senior Frontend Engineer | Amazon (2020 - 2023)
- Designed and deployed enterprise-grade systems utilizing Node.js and TypeScript, improving throughput by 25%.
- Collaborated with engineering stakeholders to optimize data pipelines and system reliability using GraphQL.
- Reduced system downtime and latency by 29% through proactive monitoring and automated CI/CD workflows.

Senior Frontend Engineer | Atlassian (2018 - 2020)
- Designed and deployed enterprise-grade systems utilizing Node.js and TypeScript, improving throughput by 31%.
- Collaborated with engineering stakeholders to optimize data pipelines and system reliability using GraphQL.
- Reduced system downtime and latency by 27% through proactive monitoring and automated CI/CD workflows.

Senior Frontend Engineer | CrowdStrike (2017 - 2018)
- Designed and deployed enterprise-grade systems utilizing Node.js and TypeScript, improving throughput by 35%.
- Collaborated with engineering stakeholders to optimize data pipelines and system reliability using GraphQL.
- Reduced system downtime and latency by 28% through proactive monitoring and automated CI/CD workflows.

EDUCATION
B.Tech in Computer Science and Engineering, Georgia Tech (Graduated 2017)
","Node.js, TypeScript, GraphQL, JavaScript, Jira, HTML/CSS, Next.js, React, Agile, CI/CD"
RES-0301,Elena Rostova,elena.rostova82@synthetic-talent.org,+1 (555) 494-5711,Data Scientist,2,Junior,Master,M.S. in Computer Science,Carnegie Mellon University,"PyTorch, AWS, Machine Learning, Deep Learning, Docker, Git, Linux, SQL, Scikit-Learn","Elena Rostova
elena.rostova82@synthetic-talent.org | +1 (555) 494-5711 | Location: New York, NY

PROFESSIONAL SUMMARY
Results-driven Data Scientist with 2 years of industry experience specializing in PyTorch, AWS, Machine Learning, Deep Learning. Proven background building scalable solutions, collaborating across agile teams, and driving measurable engineering impact.

TECHNICAL SKILLS
PyTorch, AWS, Machine Learning, Deep Learning, Docker, Git, Linux, SQL, Scikit-Learn

PROFESSIONAL EXPERIENCE
Data Scientist | DoorDash (2023 - Present)
- Designed and deployed enterprise-grade systems utilizing PyTorch and AWS, improving throughput by 17%.
- Collaborated with engineering stakeholders to optimize data pipelines and system reliability using Machine Learning.
- Reduced system downtime and latency by 22% through proactive monitoring and automated CI/CD workflows.

EDUCATION
M.S. in Computer Science, Carnegie Mellon University (Graduated 2023)
","PyTorch, AWS, Machine Learning, Deep Learning, Docker, Git, Linux, SQL, Scikit-Learn"
RES-0302,Vikram Tanaka,vikram.tanaka21@synthetic-talent.org,+1 (555) 228-7888,Cybersecurity Engineer,15,Lead/Staff,Bachelor,B.S. in Computer Science,IIT Bombay,"AWS, Go, Kubernetes, Docker, PostgreSQL, Linux, Code Review, Python","Vikram Tanaka
vikram.tanaka21@synthetic-talent.org | +1 (555) 228-7888 | Location: New York, NY

PROFESSIONAL SUMMARY
Results-driven Cybersecurity Engineer with 15 years of industry experience specializing in AWS, Go, Kubernetes, Docker. Proven background building scalable solutions, collaborating across agile teams, and driving measurable engineering impact.

TECHNICAL SKILLS
AWS, Go, Kubernetes, Docker, PostgreSQL, Linux, Code Review, Python

PROFESSIONAL EXPERIENCE
Senior Cybersecurity Engineer | Apple (2023 - Present)
- Designed and deployed enterprise-grade systems utilizing AWS and Go, improving throughput by 27%.
- Collaborated with engineering stakeholders to optimize data pipelines and system reliability using Kubernetes.
- Reduced system downtime and latency by 24% through proactive monitoring and automated CI/CD workflows.

Senior Cybersecurity Engineer | Twilio (2019 - 2023)
- Designed and deployed enterprise-grade systems utilizing AWS and Go, improving throughput by 34%.
- Collaborated with engineering stakeholders to optimize data pipelines and system reliability using Kubernetes.
- Reduced system downtime and latency by 13% through proactive monitoring and automated CI/CD workflows.

Senior Cybersecurity Engineer | Square / Block (2017 - 2019)
- Designed and deployed enterprise-grade systems utilizing AWS and Go, improving throughput by 35%.
- Collaborated with engineering stakeholders to optimize data pipelines and system reliability using Kubernetes.
- Reduced system downtime and latency by 20% through proactive monitoring and automated CI/CD workflows.

Senior Cybersecurity Engineer | Shopify (2015 - 2017)
- Designed and deployed enterprise-grade systems utilizing AWS and Go, improving throughput by 26%.
- Collaborated with engineering stakeholders to optimize data pipelines and system reliability using Kubernetes.
- Reduced system downtime and latency by 20% through proactive monitoring and automated CI/CD workflows.

Senior Cybersecurity Engineer | Atlassian (2011 - 2015)
- Designed and deployed enterprise-grade systems utilizing AWS and Go, improving throughput by 21%.
- Collaborated with engineering stakeholders to optimize data pipelines and system reliability using Kubernetes.
- Reduced system downtime and latency by 21% through proactive monitoring and automated CI/CD workflows.

Senior Cybersecurity Engineer | Snowflake (2010 - 2011)
- Designed and deployed enterprise-grade systems utilizing AWS and Go, improving throughput by 20%.
- Collaborated with engineering stakeholders to optimize data pipelines and system reliability using Kubernetes.
- Reduced system downtime and latency by 21% through proactive monitoring and automated CI/CD workflows.

EDUCATION
B.S. in Computer Science, IIT Bombay (Graduated 2010)
","AWS, Go, Kubernetes, Docker, PostgreSQL, Linux, Code Review, Python"
RES-0303,Carlos Patel,carlos.patel87@synthetic-talent.org,+1 (555) 279-5298,Full Stack Engineer,7,Senior,Master,M.S. in Machine Learning and Data Science,Georgia Tech,"FastAPI, Node.js, AWS, TypeScript, Docker, Git, PostgreSQL, React, Code Review, Redis, Python, CI/CD","Carlos Patel
carlos.patel87@synthetic-talent.org | +1 (555) 279-5298 | Location: New York, NY

PROFESSIONAL SUMMARY
Results-driven Full Stack Engineer with 7 years of industry experience specializing in FastAPI, Node.js, AWS, TypeScript. Proven background building scalable solutions, collaborating across agile teams, and driving measurable engineering impact.

TECHNICAL SKILLS
FastAPI, Node.js, AWS, TypeScript, Docker, Git, PostgreSQL, React, Code Review, Redis, Python, CI/CD

PROFESSIONAL EXPERIENCE
Senior Full Stack Engineer | Pinterest (2022 - Present)
- Designed and deployed enterprise-grade systems utilizing FastAPI and Node.js, improving throughput by 15%.
- Collaborated with engineering stakeholders to optimize data pipelines and system reliability using AWS.
- Reduced system downtime and latency by 15% through proactive monitoring and automated CI/CD workflows.

Senior Full Stack Engineer | Cisco (2020 - 2022)
- Designed and deployed enterprise-grade systems utilizing FastAPI and Node.js, improving throughput by 28%.
- Collaborated with engineering stakeholders to optimize data pipelines and system reliability using AWS.
- Reduced system downtime and latency by 19% through proactive monitoring and automated CI/CD workflows.

Senior Full Stack Engineer | Workday (2018 - 2020)
- Designed and deployed enterprise-grade systems utilizing FastAPI and Node.js, improving throughput by 18%.
- Collaborated with engineering stakeholders to optimize data pipelines and system reliability using AWS.
- Reduced system downtime and latency by 26% through proactive monitoring and automated CI/CD workflows.

EDUCATION
M.S. in Machine Learning and Data Science, Georgia Tech (Graduated 2018)
","FastAPI, Node.js, AWS, TypeScript, Docker, Git, PostgreSQL, React, Code Review, Redis, Python, CI/CD"
RES-0304,Arjun Rodriguez,arjun.rodriguez93@synthetic-talent.org,+1 (555) 487-7363,Data Engineer,5,Mid-Level,Master,M.S. in Computer Science,MIT,"AWS, GCP, Spark, Git, SQL, Kafka, Python, Unit Testing, Airflow","Arjun Rodriguez
arjun.rodriguez93@synthetic-talent.org | +1 (555) 487-7363 | Location: New York, NY

PROFESSIONAL SUMMARY
Results-driven Data Engineer with 5 years of industry experience specializing in AWS, GCP, Spark, Git. Proven background building scalable solutions, collaborating across agile teams, and driving measurable engineering impact.

TECHNICAL SKILLS
AWS, GCP, Spark, Git, SQL, Kafka, Python, Unit Testing, Airflow

PROFESSIONAL EXPERIENCE
Data Engineer | Uber (2022 - Present)
- Designed and deployed enterprise-grade systems utilizing AWS and GCP, improving throughput by 45%.
- Collaborated with engineering stakeholders to optimize data pipelines and system reliability using Spark.
- Reduced system downtime and latency by 21% through proactive monitoring and automated CI/CD workflows.

Data Engineer | Atlassian (2020 - 2022)
- Designed and deployed enterprise-grade systems utilizing AWS and GCP, improving throughput by 30%.
- Collaborated with engineering stakeholders to optimize data pipelines and system reliability using Spark.
- Reduced system downtime and latency by 23% through proactive monitoring and automated CI/CD workflows.

EDUCATION
M.S. in Computer Science, MIT (Graduated 2020)
","AWS, GCP, Spark, Git, SQL, Kafka, Python, Unit Testing, Airflow"
RES-0305,Kavita Sharma,kavita.sharma29@synthetic-talent.org,+1 (555) 883-7798,Frontend Engineer,5,Mid-Level,Bachelor,B.S. in Electrical and Computer Engineering,Delhi Technological University,"Node.js, TypeScript, GraphQL, REST APIs, Docker, HTML/CSS, Code Review, CI/CD","Kavita Sharma
kavita.sharma29@synthetic-talent.org | +1 (555) 883-7798 | Location: New York, NY

PROFESSIONAL SUMMARY
Results-driven Frontend Engineer with 5 years of industry experience specializing in Node.js, TypeScript, GraphQL, REST APIs. Proven background building scalable solutions, collaborating across agile teams, and driving measurable engineering impact.

TECHNICAL SKILLS
Node.js, TypeScript, GraphQL, REST APIs, Docker, HTML/CSS, Code Review, CI/CD

PROFESSIONAL EXPERIENCE
Senior Frontend Engineer | Atlassian (2021 - Present)
- Designed and deployed enterprise-grade systems utilizing Node.js and TypeScript, improving throughput by 30%.
- Collaborated with engineering stakeholders to optimize data pipelines and system reliability using GraphQL.
- Reduced system downtime and latency by 26% through proactive monitoring and automated CI/CD workflows.

Frontend Engineer | Palantir (2020 - 2021)
- Designed and deployed enterprise-grade systems utilizing Node.js and TypeScript, improving throughput by 32%.
- Collaborated with engineering stakeholders to optimize data pipelines and system reliability using GraphQL.
- Reduced system downtime and latency by 20% through proactive monitoring and automated CI/CD workflows.

EDUCATION
B.S. in Electrical and Computer Engineering, Delhi Technological University (Graduated 2020)
","Node.js, TypeScript, GraphQL, REST APIs, Docker, HTML/CSS, Code Review, CI/CD"
RES-0306,Carlos Kim,carlos.kim38@synthetic-talent.org,+1 (555) 385-5724,Backend Engineer,6,Senior,Master,M.S. in Machine Learning and Data Science,Georgia Tech,"Node.js, System Design, Java, Go, REST APIs, Docker, Code Review, Redis, Python, CI/CD","Carlos Kim
carlos.kim38@synthetic-talent.org | +1 (555) 385-5724 | Location: New York, NY

PROFESSIONAL SUMMARY
Results-driven Backend Engineer with 6 years of industry experience specializing in Node.js, System Design, Java, Go. Proven background building scalable solutions, collaborating across agile teams, and driving measurable engineering impact.

TECHNICAL SKILLS
Node.js, System Design, Java, Go, REST APIs, Docker, Code Review, Redis, Python, CI/CD

PROFESSIONAL EXPERIENCE
Senior Backend Engineer | Microsoft (2021 - Present)
- Designed and deployed enterprise-grade systems utilizing Node.js and System Design, improving throughput by 15%.
- Collaborated with engineering stakeholders to optimize data pipelines and system reliability using Java.
- Reduced system downtime and latency by 15% through proactive monitoring and automated CI/CD workflows.

Senior Backend Engineer | CrowdStrike (2019 - 2021)
- Designed and deployed enterprise-grade systems utilizing Node.js and System Design, improving throughput by 30%.
- Collaborated with engineering stakeholders to optimize data pipelines and system reliability using Java.
- Reduced system downtime and latency by 19% through proactive monitoring and automated CI/CD workflows.

EDUCATION
M.S. in Machine Learning and Data Science, Georgia Tech (Graduated 2019)
","Node.js, System Design, Java, Go, REST APIs, Docker, Code Review, Redis, Python, CI/CD"
RES-0307,Ananya Anderson,ananya.anderson34@synthetic-talent.org,+1 (555) 193-9867,Cybersecurity Engineer,1,Junior,Bachelor,B.Tech in Computer Science and Engineering,BITS Pilani,"AWS, Terraform, Go, Kubernetes, Jira, Git, PostgreSQL, Linux, Python, CI/CD","Ananya Anderson
ananya.anderson34@synthetic-talent.org | +1 (555) 193-9867 | Location: New York, NY

PROFESSIONAL SUMMARY
Results-driven Cybersecurity Engineer with 1 years of industry experience specializing in AWS, Terraform, Go, Kubernetes. Proven background building scalable solutions, collaborating across agile teams, and driving measurable engineering impact.

TECHNICAL SKILLS
AWS, Terraform, Go, Kubernetes, Jira, Git, PostgreSQL, Linux, Python, CI/CD

PROFESSIONAL EXPERIENCE
Cybersecurity Engineer | NVIDIA (2024 - Present)
- Designed and deployed enterprise-grade systems utilizing AWS and Terraform, improving throughput by 22%.
- Collaborated with engineering stakeholders to optimize data pipelines and system reliability using Go.
- Reduced system downtime and latency by 15% through proactive monitoring and automated CI/CD workflows.

EDUCATION
B.Tech in Computer Science and Engineering, BITS Pilani (Graduated 2024)
","AWS, Terraform, Go, Kubernetes, Jira, Git, PostgreSQL, Linux, Python, CI/CD"
RES-0308,James Patel,james.patel22@synthetic-talent.org,+1 (555) 203-2457,Data Engineer,9,Lead/Staff,Master,M.S. in Machine Learning and Data Science,University of Michigan,"REST APIs, Linux, SQL, Kafka, Python, Airflow, Snowflake","James Patel
james.patel22@synthetic-talent.org | +1 (555) 203-2457 | Location: New York, NY

PROFESSIONAL SUMMARY
Results-driven Data Engineer with 9 years of industry experience specializing in REST APIs, Linux, SQL, Kafka. Proven background building scalable solutions, collaborating across agile teams, and driving measurable engineering impact.

TECHNICAL SKILLS
REST APIs, Linux, SQL, Kafka, Python, Airflow, Snowflake

PROFESSIONAL EXPERIENCE
Senior Data Engineer | NVIDIA (2023 - Present)
- Designed and deployed enterprise-grade systems utilizing REST APIs and Linux, improving throughput by 29%.
- Collaborated with engineering stakeholders to optimize data pipelines and system reliability using SQL.
- Reduced system downtime and latency by 17% through proactive monitoring and automated CI/CD workflows.

Senior Data Engineer | Snowflake (2021 - 2023)
- Designed and deployed enterprise-grade systems utilizing REST APIs and Linux, improving throughput by 35%.
- Collaborated with engineering stakeholders to optimize data pipelines and system reliability using SQL.
- Reduced system downtime and latency by 23% through proactive monitoring and automated CI/CD workflows.

Senior Data Engineer | Netflix (2019 - 2021)
- Designed and deployed enterprise-grade systems utilizing REST APIs and Linux, improving throughput by 38%.
- Collaborated with engineering stakeholders to optimize data pipelines and system reliability using SQL.
- Reduced system downtime and latency by 24% through proactive monitoring and automated CI/CD workflows.

Senior Data Engineer | Spotify (2017 - 2019)
- Designed and deployed enterprise-grade systems utilizing REST APIs and Linux, improving throughput by 36%.
- Collaborated with engineering stakeholders to optimize data pipelines and system reliability using SQL.
- Reduced system downtime and latency by 23% through proactive monitoring and automated CI/CD workflows.

Senior Data Engineer | Palantir (2016 - 2017)
- Designed and deployed enterprise-grade systems utilizing REST APIs and Linux, improving throughput by 45%.
- Collaborated with engineering stakeholders to optimize data pipelines and system reliability using SQL.
- Reduced system downtime and latency by 12% through proactive monitoring and automated CI/CD workflows.

EDUCATION
M.S. in Machine Learning and Data Science, University of Michigan (Graduated 2016)
","REST APIs, Linux, SQL, Kafka, Python, Airflow, Snowflake"
RES-0309,Sofia Patel,sofia.patel14@synthetic-talent.org,+1 (555) 117-2904,Cloud & DevOps Engineer,3,Junior,Doctorate,Ph.D. in Computer Science,Georgia Tech,"AWS, Azure, Go, Kubernetes, Jira, Prometheus, Git, Linux","Sofia Patel
sofia.patel14@synthetic-talent.org | +1 (555) 117-2904 | Location: New York, NY

PROFESSIONAL SUMMARY
Results-driven Cloud & DevOps Engineer with 3 years of industry experience specializing in AWS, Azure, Go, Kubernetes. Proven background building scalable solutions, collaborating across agile teams, and driving measurable engineering impact.

TECHNICAL SKILLS
AWS, Azure, Go, Kubernetes, Jira, Prometheus, Git, Linux

PROFESSIONAL EXPERIENCE
Cloud & DevOps Engineer | Palantir (2022 - Present)
- Designed and deployed enterprise-grade systems utilizing AWS and Azure, improving throughput by 40%.
- Collaborated with engineering stakeholders to optimize data pipelines and system reliability using Go.
- Reduced system downtime and latency by 12% through proactive monitoring and automated CI/CD workflows.

EDUCATION
Ph.D. in Computer Science, Georgia Tech (Graduated 2022)
","AWS, Azure, Go, Kubernetes, Jira, Prometheus, Git, Linux"
RES-0310,Liam Johnson,liam.johnson64@synthetic-talent.org,+1 (555) 921-5858,Cybersecurity Engineer,4,Mid-Level,Bachelor,B.Tech in Computer Science and Engineering,MIT,"AWS, Terraform, Go, Kubernetes, Docker, Git, PostgreSQL, Linux, Agile, Python","Liam Johnson
liam.johnson64@synthetic-talent.org | +1 (555) 921-5858 | Location: New York, NY

PROFESSIONAL SUMMARY
Results-driven Cybersecurity Engineer with 4 years of industry experience specializing in AWS, Terraform, Go, Kubernetes. Proven background building scalable solutions, collaborating across agile teams, and driving measurable engineering impact.

TECHNICAL SKILLS
AWS, Terraform, Go, Kubernetes, Docker, Git, PostgreSQL, Linux, Agile, Python

PROFESSIONAL EXPERIENCE
Cybersecurity Engineer | Adobe (2022 - Present)
- Designed and deployed enterprise-grade systems utilizing AWS and Terraform, improving throughput by 29%.
- Collaborated with engineering stakeholders to optimize data pipelines and system reliability using Go.
- Reduced system downtime and latency by 10% through proactive monitoring and automated CI/CD workflows.

Cybersecurity Engineer | Spotify (2021 - 2022)
- Designed and deployed enterprise-grade systems utilizing AWS and Terraform, improving throughput by 37%.
- Collaborated with engineering stakeholders to optimize data pipelines and system reliability using Go.
- Reduced system downtime and latency by 28% through proactive monitoring and automated CI/CD workflows.

EDUCATION
B.Tech in Computer Science and Engineering, MIT (Graduated 2021)
","AWS, Terraform, Go, Kubernetes, Docker, Git, PostgreSQL, Linux, Agile, Python"
RES-0311,Mateo Gupta,mateo.gupta52@synthetic-talent.org,+1 (555) 577-6890,Frontend Engineer,2,Junior,Master,M.S. in Computer Science,Stanford University,"Node.js, REST APIs, JavaScript, Next.js, React, CI/CD, Unit Testing","Mateo Gupta
mateo.gupta52@synthetic-talent.org | +1 (555) 577-6890 | Location: New York, NY

PROFESSIONAL SUMMARY
Results-driven Frontend Engineer with 2 years of industry experience specializing in Node.js, REST APIs, JavaScript, Next.js. Proven background building scalable solutions, collaborating across agile teams, and driving measurable engineering impact.

TECHNICAL SKILLS
Node.js, REST APIs, JavaScript, Next.js, React, CI/CD, Unit Testing

PROFESSIONAL EXPERIENCE
Frontend Engineer | Amazon (2023 - Present)
- Designed and deployed enterprise-grade systems utilizing Node.js and REST APIs, improving throughput by 38%.
- Collaborated with engineering stakeholders to optimize data pipelines and system reliability using JavaScript.
- Reduced system downtime and latency by 11% through proactive monitoring and automated CI/CD workflows.

EDUCATION
M.S. in Computer Science, Stanford University (Graduated 2023)
","Node.js, REST APIs, JavaScript, Next.js, React, CI/CD, Unit Testing"
RES-0312,Michael Jones,michael.jones47@synthetic-talent.org,+1 (555) 675-4601,Cloud & DevOps Engineer,6,Mid-Level,Doctorate,Ph.D. in Computer Science,BITS Pilani,"AWS, Azure, Terraform, GCP, Go, Kubernetes, REST APIs, Docker, Prometheus, Linux, Agile, Python, CI/CD","Michael Jones
michael.jones47@synthetic-talent.org | +1 (555) 675-4601 | Location: New York, NY

PROFESSIONAL SUMMARY
Results-driven Cloud & DevOps Engineer with 6 years of industry experience specializing in AWS, Azure, Terraform, GCP. Proven background building scalable solutions, collaborating across agile teams, and driving measurable engineering impact.

TECHNICAL SKILLS
AWS, Azure, Terraform, GCP, Go, Kubernetes, REST APIs, Docker, Prometheus, Linux, Agile, Python, CI/CD

PROFESSIONAL EXPERIENCE
Senior Cloud & DevOps Engineer | Palantir (2023 - Present)
- Designed and deployed enterprise-grade systems utilizing AWS and Azure, improving throughput by 29%.
- Collaborated with engineering stakeholders to optimize data pipelines and system reliability using Terraform.
- Reduced system downtime and latency by 25% through proactive monitoring and automated CI/CD workflows.

Senior Cloud & DevOps Engineer | Salesforce (2021 - 2023)
- Designed and deployed enterprise-grade systems utilizing AWS and Azure, improving throughput by 29%.
- Collaborated with engineering stakeholders to optimize data pipelines and system reliability using Terraform.
- Reduced system downtime and latency by 12% through proactive monitoring and automated CI/CD workflows.

Senior Cloud & DevOps Engineer | Airbnb (2019 - 2021)
- Designed and deployed enterprise-grade systems utilizing AWS and Azure, improving throughput by 35%.
- Collaborated with engineering stakeholders to optimize data pipelines and system reliability using Terraform.
- Reduced system downtime and latency by 15% through proactive monitoring and automated CI/CD workflows.

EDUCATION
Ph.D. in Computer Science, BITS Pilani (Graduated 2019)
","AWS, Azure, Terraform, GCP, Go, Kubernetes, REST APIs, Docker, Prometheus, Linux, Agile, Python, CI/CD"
RES-0313,Marcus Gupta,marcus.gupta32@synthetic-talent.org,+1 (555) 283-9411,Machine Learning Engineer,2,Junior,Bachelor,B.Tech in Computer Science and Engineering,Delhi Technological University,"FastAPI, AWS, Kubernetes, Jira, Docker, Agile, Python, CI/CD","Marcus Gupta
marcus.gupta32@synthetic-talent.org | +1 (555) 283-9411 | Location: New York, NY

PROFESSIONAL SUMMARY
Results-driven Machine Learning Engineer with 2 years of industry experience specializing in FastAPI, AWS, Kubernetes, Jira. Proven background building scalable solutions, collaborating across agile teams, and driving measurable engineering impact.

TECHNICAL SKILLS
FastAPI, AWS, Kubernetes, Jira, Docker, Agile, Python, CI/CD

PROFESSIONAL EXPERIENCE
Machine Learning Engineer | Workday (2023 - Present)
- Designed and deployed enterprise-grade systems utilizing FastAPI and AWS, improving throughput by 20%.
- Collaborated with engineering stakeholders to optimize data pipelines and system reliability using Kubernetes.
- Reduced system downtime and latency by 29% through proactive monitoring and automated CI/CD workflows.

EDUCATION
B.Tech in Computer Science and Engineering, Delhi Technological University (Graduated 2023)
","FastAPI, AWS, Kubernetes, Jira, Docker, Agile, Python, CI/CD"
RES-0314,Kavita Brown,kavita.brown67@synthetic-talent.org,+1 (555) 708-4006,Machine Learning Engineer,2,Junior,Master,M.S. in Machine Learning and Data Science,Delhi Technological University,"PyTorch, FastAPI, Machine Learning, Large Language Models, Kubernetes, Jira, Docker, Transformers, Code Review, Kafka, CI/CD","Kavita Brown
kavita.brown67@synthetic-talent.org | +1 (555) 708-4006 | Location: New York, NY

PROFESSIONAL SUMMARY
Results-driven Machine Learning Engineer with 2 years of industry experience specializing in PyTorch, FastAPI, Machine Learning, Large Language Models. Proven background building scalable solutions, collaborating across agile teams, and driving measurable engineering impact.

TECHNICAL SKILLS
PyTorch, FastAPI, Machine Learning, Large Language Models, Kubernetes, Jira, Docker, Transformers, Code Review, Kafka, CI/CD

PROFESSIONAL EXPERIENCE
Machine Learning Engineer | Snowflake (2023 - Present)
- Designed and deployed enterprise-grade systems utilizing PyTorch and FastAPI, improving throughput by 44%.
- Collaborated with engineering stakeholders to optimize data pipelines and system reliability using Machine Learning.
- Reduced system downtime and latency by 23% through proactive monitoring and automated CI/CD workflows.

EDUCATION
M.S. in Machine Learning and Data Science, Delhi Technological University (Graduated 2023)
","PyTorch, FastAPI, Machine Learning, Large Language Models, Kubernetes, Jira, Docker, Transformers, Code Review, Kafka, CI/CD"
RES-0315,David Johnson,david.johnson30@synthetic-talent.org,+1 (555) 312-4582,Machine Learning Engineer,7,Senior,Bachelor,B.S. in Electrical and Computer Engineering,Georgia Tech,"PyTorch, GCP, Machine Learning, Large Language Models, Kubernetes, Docker, Git, Code Review","David Johnson
david.johnson30@synthetic-talent.org | +1 (555) 312-4582 | Location: New York, NY

PROFESSIONAL SUMMARY
Results-driven Machine Learning Engineer with 7 years of industry experience specializing in PyTorch, GCP, Machine Learning, Large Language Models. Proven background building scalable solutions, collaborating across agile teams, and driving measurable engineering impact.

TECHNICAL SKILLS
PyTorch, GCP, Machine Learning, Large Language Models, Kubernetes, Docker, Git, Code Review

PROFESSIONAL EXPERIENCE
Senior Machine Learning Engineer | Google (2021 - Present)
- Designed and deployed enterprise-grade systems utilizing PyTorch and GCP, improving throughput by 35%.
- Collaborated with engineering stakeholders to optimize data pipelines and system reliability using Machine Learning.
- Reduced system downtime and latency by 29% through proactive monitoring and automated CI/CD workflows.

Senior Machine Learning Engineer | Palo Alto Networks (2019 - 2021)
- Designed and deployed enterprise-grade systems utilizing PyTorch and GCP, improving throughput by 32%.
- Collaborated with engineering stakeholders to optimize data pipelines and system reliability using Machine Learning.
- Reduced system downtime and latency by 25% through proactive monitoring and automated CI/CD workflows.

Senior Machine Learning Engineer | Workday (2018 - 2019)
- Designed and deployed enterprise-grade systems utilizing PyTorch and GCP, improving throughput by 43%.
- Collaborated with engineering stakeholders to optimize data pipelines and system reliability using Machine Learning.
- Reduced system downtime and latency by 10% through proactive monitoring and automated CI/CD workflows.

EDUCATION
B.S. in Electrical and Computer Engineering, Georgia Tech (Graduated 2018)
","PyTorch, GCP, Machine Learning, Large Language Models, Kubernetes, Docker, Git, Code Review"
RES-0316,Rahul Chen,rahul.chen24@synthetic-talent.org,+1 (555) 617-3560,Cybersecurity Engineer,4,Mid-Level,Master,M.S. in Machine Learning and Data Science,Cornell University,"AWS, Terraform, Go, Kubernetes, REST APIs, Docker, PostgreSQL, Linux, Code Review, Python, CI/CD","Rahul Chen
rahul.chen24@synthetic-talent.org | +1 (555) 617-3560 | Location: New York, NY

PROFESSIONAL SUMMARY
Results-driven Cybersecurity Engineer with 4 years of industry experience specializing in AWS, Terraform, Go, Kubernetes. Proven background building scalable solutions, collaborating across agile teams, and driving measurable engineering impact.

TECHNICAL SKILLS
AWS, Terraform, Go, Kubernetes, REST APIs, Docker, PostgreSQL, Linux, Code Review, Python, CI/CD

PROFESSIONAL EXPERIENCE
Cybersecurity Engineer | Salesforce (2022 - Present)
- Designed and deployed enterprise-grade systems utilizing AWS and Terraform, improving throughput by 22%.
- Collaborated with engineering stakeholders to optimize data pipelines and system reliability using Go.
- Reduced system downtime and latency by 21% through proactive monitoring and automated CI/CD workflows.

Cybersecurity Engineer | Atlassian (2021 - 2022)
- Designed and deployed enterprise-grade systems utilizing AWS and Terraform, improving throughput by 24%.
- Collaborated with engineering stakeholders to optimize data pipelines and system reliability using Go.
- Reduced system downtime and latency by 19% through proactive monitoring and automated CI/CD workflows.

EDUCATION
M.S. in Machine Learning and Data Science, Cornell University (Graduated 2021)
","AWS, Terraform, Go, Kubernetes, REST APIs, Docker, PostgreSQL, Linux, Code Review, Python, CI/CD"
RES-0317,Ananya Chen,ananya.chen45@synthetic-talent.org,+1 (555) 850-6278,Machine Learning Engineer,2,Mid-Level,Bachelor,B.S. in Electrical and Computer Engineering,Stanford University,"FastAPI, PyTorch, Machine Learning, Large Language Models, Kubernetes, REST APIs, Docker, Transformers, Code Review, Kafka, CI/CD","Ananya Chen
ananya.chen45@synthetic-talent.org | +1 (555) 850-6278 | Location: New York, NY

PROFESSIONAL SUMMARY
Results-driven Machine Learning Engineer with 2 years of industry experience specializing in FastAPI, PyTorch, Machine Learning, Large Language Models. Proven background building scalable solutions, collaborating across agile teams, and driving measurable engineering impact.

TECHNICAL SKILLS
FastAPI, PyTorch, Machine Learning, Large Language Models, Kubernetes, REST APIs, Docker, Transformers, Code Review, Kafka, CI/CD

PROFESSIONAL EXPERIENCE
Machine Learning Engineer | Spotify (2023 - Present)
- Designed and deployed enterprise-grade systems utilizing FastAPI and PyTorch, improving throughput by 23%.
- Collaborated with engineering stakeholders to optimize data pipelines and system reliability using Machine Learning.
- Reduced system downtime and latency by 24% through proactive monitoring and automated CI/CD workflows.

EDUCATION
B.S. in Electrical and Computer Engineering, Stanford University (Graduated 2023)
","FastAPI, PyTorch, Machine Learning, Large Language Models, Kubernetes, REST APIs, Docker, Transformers, Code Review, Kafka, CI/CD"
RES-0318,Carlos Brown,carlos.brown22@synthetic-talent.org,+1 (555) 522-2961,Machine Learning Engineer,8,Senior,Bachelor,B.S. in Electrical and Computer Engineering,Stanford University,"FastAPI, PyTorch, Machine Learning, GCP, Large Language Models, Kubernetes, Docker, Transformers, Git, Code Review, Kafka, Python, CI/CD","Carlos Brown
carlos.brown22@synthetic-talent.org | +1 (555) 522-2961 | Location: New York, NY

PROFESSIONAL SUMMARY
Results-driven Machine Learning Engineer with 8 years of industry experience specializing in FastAPI, PyTorch, Machine Learning, GCP. Proven background building scalable solutions, collaborating across agile teams, and driving measurable engineering impact.

TECHNICAL SKILLS
FastAPI, PyTorch, Machine Learning, GCP, Large Language Models, Kubernetes, Docker, Transformers, Git, Code Review, Kafka, Python, CI/CD

PROFESSIONAL EXPERIENCE
Senior Machine Learning Engineer | Intel (2021 - Present)
- Designed and deployed enterprise-grade systems utilizing FastAPI and PyTorch, improving throughput by 24%.
- Collaborated with engineering stakeholders to optimize data pipelines and system reliability using Machine Learning.
- Reduced system downtime and latency by 10% through proactive monitoring and automated CI/CD workflows.

Senior Machine Learning Engineer | Amazon (2019 - 2021)
- Designed and deployed enterprise-grade systems utilizing FastAPI and PyTorch, improving throughput by 34%.
- Collaborated with engineering stakeholders to optimize data pipelines and system reliability using Machine Learning.
- Reduced system downtime and latency by 19% through proactive monitoring and automated CI/CD workflows.

Senior Machine Learning Engineer | Reddit (2017 - 2019)
- Designed and deployed enterprise-grade systems utilizing FastAPI and PyTorch, improving throughput by 36%.
- Collaborated with engineering stakeholders to optimize data pipelines and system reliability using Machine Learning.
- Reduced system downtime and latency by 28% through proactive monitoring and automated CI/CD workflows.

EDUCATION
B.S. in Electrical and Computer Engineering, Stanford University (Graduated 2017)
","FastAPI, PyTorch, Machine Learning, GCP, Large Language Models, Kubernetes, Docker, Transformers, Git, Code Review, Kafka, Python, CI/CD"
RES-0319,David Williams,david.williams77@synthetic-talent.org,+1 (555) 928-6573,Data Engineer,4,Mid-Level,Master,M.S. in Computer Science,BITS Pilani,"AWS, Terraform, GCP, Jira, Spark, Docker, PostgreSQL, Linux, SQL, Snowflake, Kafka, Python, Airflow","David Williams
david.williams77@synthetic-talent.org | +1 (555) 928-6573 | Location: New York, NY

PROFESSIONAL SUMMARY
Results-driven Data Engineer with 4 years of industry experience specializing in AWS, Terraform, GCP, Jira. Proven background building scalable solutions, collaborating across agile teams, and driving measurable engineering impact.

TECHNICAL SKILLS
AWS, Terraform, GCP, Jira, Spark, Docker, PostgreSQL, Linux, SQL, Snowflake, Kafka, Python, Airflow

PROFESSIONAL EXPERIENCE
Data Engineer | Airbnb (2023 - Present)
- Designed and deployed enterprise-grade systems utilizing AWS and Terraform, improving throughput by 44%.
- Collaborated with engineering stakeholders to optimize data pipelines and system reliability using GCP.
- Reduced system downtime and latency by 10% through proactive monitoring and automated CI/CD workflows.

Data Engineer | Reddit (2021 - 2023)
- Designed and deployed enterprise-grade systems utilizing AWS and Terraform, improving throughput by 43%.
- Collaborated with engineering stakeholders to optimize data pipelines and system reliability using GCP.
- Reduced system downtime and latency by 12% through proactive monitoring and automated CI/CD workflows.

EDUCATION
M.S. in Computer Science, BITS Pilani (Graduated 2021)
","AWS, Terraform, GCP, Jira, Spark, Docker, PostgreSQL, Linux, SQL, Snowflake, Kafka, Python, Airflow"
RES-0320,Zoe Brown,zoe.brown45@synthetic-talent.org,+1 (555) 120-7510,Backend Engineer,6,Senior,Bachelor,B.S. in Electrical and Computer Engineering,University of Illinois Urbana-Champaign,"FastAPI, Java, Go, Kubernetes, Docker, Linux, Code Review, Redis, Kafka, Python, CI/CD","Zoe Brown
zoe.brown45@synthetic-talent.org | +1 (555) 120-7510 | Location: New York, NY

PROFESSIONAL SUMMARY
Results-driven Backend Engineer with 6 years of industry experience specializing in FastAPI, Java, Go, Kubernetes. Proven background building scalable solutions, collaborating across agile teams, and driving measurable engineering impact.

TECHNICAL SKILLS
FastAPI, Java, Go, Kubernetes, Docker, Linux, Code Review, Redis, Kafka, Python, CI/CD

PROFESSIONAL EXPERIENCE
Senior Backend Engineer | Netflix (2023 - Present)
- Designed and deployed enterprise-grade systems utilizing FastAPI and Java, improving throughput by 22%.
- Collaborated with engineering stakeholders to optimize data pipelines and system reliability using Go.
- Reduced system downtime and latency by 18% through proactive monitoring and automated CI/CD workflows.

Senior Backend Engineer | Shopify (2020 - 2023)
- Designed and deployed enterprise-grade systems utilizing FastAPI and Java, improving throughput by 43%.
- Collaborated with engineering stakeholders to optimize data pipelines and system reliability using Go.
- Reduced system downtime and latency by 28% through proactive monitoring and automated CI/CD workflows.

Senior Backend Engineer | Amazon (2019 - 2020)
- Designed and deployed enterprise-grade systems utilizing FastAPI and Java, improving throughput by 39%.
- Collaborated with engineering stakeholders to optimize data pipelines and system reliability using Go.
- Reduced system downtime and latency by 21% through proactive monitoring and automated CI/CD workflows.

EDUCATION
B.S. in Electrical and Computer Engineering, University of Illinois Urbana-Champaign (Graduated 2019)
","FastAPI, Java, Go, Kubernetes, Docker, Linux, Code Review, Redis, Kafka, Python, CI/CD"
RES-0321,Mateo Smith,mateo.smith11@synthetic-talent.org,+1 (555) 648-2884,Machine Learning Engineer,5,Senior,Master,M.S. in Computer Science,UT Austin,"FastAPI, PyTorch, Machine Learning, GCP, Large Language Models, AWS, Kubernetes, Transformers, Code Review, Agile, Kafka, Python, CI/CD","Mateo Smith
mateo.smith11@synthetic-talent.org | +1 (555) 648-2884 | Location: New York, NY

PROFESSIONAL SUMMARY
Results-driven Machine Learning Engineer with 5 years of industry experience specializing in FastAPI, PyTorch, Machine Learning, GCP. Proven background building scalable solutions, collaborating across agile teams, and driving measurable engineering impact.

TECHNICAL SKILLS
FastAPI, PyTorch, Machine Learning, GCP, Large Language Models, AWS, Kubernetes, Transformers, Code Review, Agile, Kafka, Python, CI/CD

PROFESSIONAL EXPERIENCE
Machine Learning Engineer | DoorDash (2022 - Present)
- Designed and deployed enterprise-grade systems utilizing FastAPI and PyTorch, improving throughput by 17%.
- Collaborated with engineering stakeholders to optimize data pipelines and system reliability using Machine Learning.
- Reduced system downtime and latency by 14% through proactive monitoring and automated CI/CD workflows.

Machine Learning Engineer | Robinhood (2020 - 2022)
- Designed and deployed enterprise-grade systems utilizing FastAPI and PyTorch, improving throughput by 32%.
- Collaborated with engineering stakeholders to optimize data pipelines and system reliability using Machine Learning.
- Reduced system downtime and latency by 11% through proactive monitoring and automated CI/CD workflows.

EDUCATION
M.S. in Computer Science, UT Austin (Graduated 2020)
","FastAPI, PyTorch, Machine Learning, GCP, Large Language Models, AWS, Kubernetes, Transformers, Code Review, Agile, Kafka, Python, CI/CD"
RES-0322,Priya Sharma,priya.sharma47@synthetic-talent.org,+1 (555) 904-7319,Machine Learning Engineer,2,Junior,Master,M.S. in Computer Science,University of Washington,"FastAPI, PyTorch, Machine Learning, AWS, Large Language Models, GCP, REST APIs, Docker, Transformers, Kafka, CI/CD, Unit Testing","Priya Sharma
priya.sharma47@synthetic-talent.org | +1 (555) 904-7319 | Location: New York, NY

PROFESSIONAL SUMMARY
Results-driven Machine Learning Engineer with 2 years of industry experience specializing in FastAPI, PyTorch, Machine Learning, AWS. Proven background building scalable solutions, collaborating across agile teams, and driving measurable engineering impact.

TECHNICAL SKILLS
FastAPI, PyTorch, Machine Learning, AWS, Large Language Models, GCP, REST APIs, Docker, Transformers, Kafka, CI/CD, Unit Testing

PROFESSIONAL EXPERIENCE
Machine Learning Engineer | Netflix (2023 - Present)
- Designed and deployed enterprise-grade systems utilizing FastAPI and PyTorch, improving throughput by 43%.
- Collaborated with engineering stakeholders to optimize data pipelines and system reliability using Machine Learning.
- Reduced system downtime and latency by 19% through proactive monitoring and automated CI/CD workflows.

EDUCATION
M.S. in Computer Science, University of Washington (Graduated 2023)
","FastAPI, PyTorch, Machine Learning, AWS, Large Language Models, GCP, REST APIs, Docker, Transformers, Kafka, CI/CD, Unit Testing"
RES-0323,Vikram Garcia,vikram.garcia37@synthetic-talent.org,+1 (555) 199-6062,Machine Learning Engineer,2,Junior,Bachelor,B.Tech in Computer Science and Engineering,University of Washington,"PyTorch, FastAPI, Machine Learning, Large Language Models, REST APIs, Docker, Agile, Python","Vikram Garcia
vikram.garcia37@synthetic-talent.org | +1 (555) 199-6062 | Location: New York, NY

PROFESSIONAL SUMMARY
Results-driven Machine Learning Engineer with 2 years of industry experience specializing in PyTorch, FastAPI, Machine Learning, Large Language Models. Proven background building scalable solutions, collaborating across agile teams, and driving measurable engineering impact.

TECHNICAL SKILLS
PyTorch, FastAPI, Machine Learning, Large Language Models, REST APIs, Docker, Agile, Python

PROFESSIONAL EXPERIENCE
Machine Learning Engineer | Spotify (2023 - Present)
- Designed and deployed enterprise-grade systems utilizing PyTorch and FastAPI, improving throughput by 23%.
- Collaborated with engineering stakeholders to optimize data pipelines and system reliability using Machine Learning.
- Reduced system downtime and latency by 20% through proactive monitoring and automated CI/CD workflows.

EDUCATION
B.Tech in Computer Science and Engineering, University of Washington (Graduated 2023)
","PyTorch, FastAPI, Machine Learning, Large Language Models, REST APIs, Docker, Agile, Python"
RES-0324,Zoe Chen,zoe.chen37@synthetic-talent.org,+1 (555) 843-6018,Full Stack Engineer,6,Senior,Master,M.S. in Machine Learning and Data Science,IIT Bombay,"FastAPI, Node.js, GraphQL, REST APIs, PostgreSQL, React, Redis, CI/CD, Unit Testing","Zoe Chen
zoe.chen37@synthetic-talent.org | +1 (555) 843-6018 | Location: New York, NY

PROFESSIONAL SUMMARY
Results-driven Full Stack Engineer with 6 years of industry experience specializing in FastAPI, Node.js, GraphQL, REST APIs. Proven background building scalable solutions, collaborating across agile teams, and driving measurable engineering impact.

TECHNICAL SKILLS
FastAPI, Node.js, GraphQL, REST APIs, PostgreSQL, React, Redis, CI/CD, Unit Testing

PROFESSIONAL EXPERIENCE
Senior Full Stack Engineer | Salesforce (2023 - Present)
- Designed and deployed enterprise-grade systems utilizing FastAPI and Node.js, improving throughput by 35%.
- Collaborated with engineering stakeholders to optimize data pipelines and system reliability using GraphQL.
- Reduced system downtime and latency by 23% through proactive monitoring and automated CI/CD workflows.

Senior Full Stack Engineer | Airbnb (2021 - 2023)
- Designed and deployed enterprise-grade systems utilizing FastAPI and Node.js, improving throughput by 20%.
- Collaborated with engineering stakeholders to optimize data pipelines and system reliability using GraphQL.
- Reduced system downtime and latency by 12% through proactive monitoring and automated CI/CD workflows.

Senior Full Stack Engineer | Workday (2019 - 2021)
- Designed and deployed enterprise-grade systems utilizing FastAPI and Node.js, improving throughput by 22%.
- Collaborated with engineering stakeholders to optimize data pipelines and system reliability using GraphQL.
- Reduced system downtime and latency by 17% through proactive monitoring and automated CI/CD workflows.

EDUCATION
M.S. in Machine Learning and Data Science, IIT Bombay (Graduated 2019)
","FastAPI, Node.js, GraphQL, REST APIs, PostgreSQL, React, Redis, CI/CD, Unit Testing"
RES-0325,James Rostova,james.rostova22@synthetic-talent.org,+1 (555) 966-7431,Machine Learning Engineer,5,Senior,Master,M.S. in Computer Science,Georgia Tech,"FastAPI, Machine Learning, GCP, Large Language Models, Jira, Code Review, Kafka, Python, CI/CD","James Rostova
james.rostova22@synthetic-talent.org | +1 (555) 966-7431 | Location: New York, NY

PROFESSIONAL SUMMARY
Results-driven Machine Learning Engineer with 5 years of industry experience specializing in FastAPI, Machine Learning, GCP, Large Language Models. Proven background building scalable solutions, collaborating across agile teams, and driving measurable engineering impact.

TECHNICAL SKILLS
FastAPI, Machine Learning, GCP, Large Language Models, Jira, Code Review, Kafka, Python, CI/CD

PROFESSIONAL EXPERIENCE
Machine Learning Engineer | Salesforce (2022 - Present)
- Designed and deployed enterprise-grade systems utilizing FastAPI and Machine Learning, improving throughput by 40%.
- Collaborated with engineering stakeholders to optimize data pipelines and system reliability using GCP.
- Reduced system downtime and latency by 29% through proactive monitoring and automated CI/CD workflows.

Machine Learning Engineer | Apple (2020 - 2022)
- Designed and deployed enterprise-grade systems utilizing FastAPI and Machine Learning, improving throughput by 15%.
- Collaborated with engineering stakeholders to optimize data pipelines and system reliability using GCP.
- Reduced system downtime and latency by 20% through proactive monitoring and automated CI/CD workflows.

EDUCATION
M.S. in Computer Science, Georgia Tech (Graduated 2020)
","FastAPI, Machine Learning, GCP, Large Language Models, Jira, Code Review, Kafka, Python, CI/CD"
RES-0326,Rahul Tanaka,rahul.tanaka13@synthetic-talent.org,+1 (555) 761-8318,Data Engineer,5,Mid-Level,Master,M.S. in Computer Science,Delhi Technological University,"Terraform, SQL, Code Review, Agile, Kafka, Python, Airflow, Snowflake","Rahul Tanaka
rahul.tanaka13@synthetic-talent.org | +1 (555) 761-8318 | Location: New York, NY

PROFESSIONAL SUMMARY
Results-driven Data Engineer with 5 years of industry experience specializing in Terraform, SQL, Code Review, Agile. Proven background building scalable solutions, collaborating across agile teams, and driving measurable engineering impact.

TECHNICAL SKILLS
Terraform, SQL, Code Review, Agile, Kafka, Python, Airflow, Snowflake

PROFESSIONAL EXPERIENCE
Data Engineer | HubSpot (2022 - Present)
- Designed and deployed enterprise-grade systems utilizing Terraform and SQL, improving throughput by 15%.
- Collaborated with engineering stakeholders to optimize data pipelines and system reliability using Code Review.
- Reduced system downtime and latency by 17% through proactive monitoring and automated CI/CD workflows.

Data Engineer | Airbnb (2020 - 2022)
- Designed and deployed enterprise-grade systems utilizing Terraform and SQL, improving throughput by 17%.
- Collaborated with engineering stakeholders to optimize data pipelines and system reliability using Code Review.
- Reduced system downtime and latency by 15% through proactive monitoring and automated CI/CD workflows.

EDUCATION
M.S. in Computer Science, Delhi Technological University (Graduated 2020)
","Terraform, SQL, Code Review, Agile, Kafka, Python, Airflow, Snowflake"
RES-0327,David Williams,david.williams36@synthetic-talent.org,+1 (555) 992-9419,Backend Engineer,0,Junior,Master,M.S. in Machine Learning and Data Science,UT Austin,"AWS, Node.js, System Design, Java, Go, Kubernetes, Docker, PostgreSQL, Linux, Agile, Redis, Kafka, Python, CI/CD","David Williams
david.williams36@synthetic-talent.org | +1 (555) 992-9419 | Location: New York, NY

PROFESSIONAL SUMMARY
Results-driven Backend Engineer with 0 years of industry experience specializing in AWS, Node.js, System Design, Java. Proven background building scalable solutions, collaborating across agile teams, and driving measurable engineering impact.

TECHNICAL SKILLS
AWS, Node.js, System Design, Java, Go, Kubernetes, Docker, PostgreSQL, Linux, Agile, Redis, Kafka, Python, CI/CD

PROFESSIONAL EXPERIENCE
Software Engineering Intern | Adobe (Summer 2024)
- Developed automated test suites and backend features with AWS.
- Collaborated in daily standups and contributed to production pull requests.

EDUCATION
M.S. in Machine Learning and Data Science, UT Austin (Graduated 2025)
","AWS, Node.js, System Design, Java, Go, Kubernetes, Docker, PostgreSQL, Linux, Agile, Redis, Kafka, Python, CI/CD"
RES-0328,Chen Kim,chen.kim64@synthetic-talent.org,+1 (555) 801-5542,Backend Engineer,0,Junior,Bachelor,B.Tech in Computer Science and Engineering,IIT Bombay,"System Design, Docker, Linux, Redis, Kafka, Unit Testing","Chen Kim
chen.kim64@synthetic-talent.org | +1 (555) 801-5542 | Location: New York, NY

PROFESSIONAL SUMMARY
Results-driven Backend Engineer with 0 years of industry experience specializing in System Design, Docker, Linux, Redis. Proven background building scalable solutions, collaborating across agile teams, and driving measurable engineering impact.

TECHNICAL SKILLS
System Design, Docker, Linux, Redis, Kafka, Unit Testing

PROFESSIONAL EXPERIENCE
Software Engineering Intern | Zscaler (Summer 2024)
- Developed automated test suites and backend features with System Design.
- Collaborated in daily standups and contributed to production pull requests.

EDUCATION
B.Tech in Computer Science and Engineering, IIT Bombay (Graduated 2025)
","System Design, Docker, Linux, Redis, Kafka, Unit Testing"
RES-0329,Marcus Smith,marcus.smith38@synthetic-talent.org,+1 (555) 400-1259,Cybersecurity Engineer,6,Mid-Level,Doctorate,Ph.D. in Computer Science,Delhi Technological University,"AWS, Go, Kubernetes, Docker, Linux, Unit Testing","Marcus Smith
marcus.smith38@synthetic-talent.org | +1 (555) 400-1259 | Location: New York, NY

PROFESSIONAL SUMMARY
Results-driven Cybersecurity Engineer with 6 years of industry experience specializing in AWS, Go, Kubernetes, Docker. Proven background building scalable solutions, collaborating across agile teams, and driving measurable engineering impact.

TECHNICAL SKILLS
AWS, Go, Kubernetes, Docker, Linux, Unit Testing

PROFESSIONAL EXPERIENCE
Senior Cybersecurity Engineer | Stripe (2023 - Present)
- Designed and deployed enterprise-grade systems utilizing AWS and Go, improving throughput by 22%.
- Collaborated with engineering stakeholders to optimize data pipelines and system reliability using Kubernetes.
- Reduced system downtime and latency by 28% through proactive monitoring and automated CI/CD workflows.

Senior Cybersecurity Engineer | Workday (2020 - 2023)
- Designed and deployed enterprise-grade systems utilizing AWS and Go, improving throughput by 39%.
- Collaborated with engineering stakeholders to optimize data pipelines and system reliability using Kubernetes.
- Reduced system downtime and latency by 15% through proactive monitoring and automated CI/CD workflows.

Senior Cybersecurity Engineer | NVIDIA (2019 - 2020)
- Designed and deployed enterprise-grade systems utilizing AWS and Go, improving throughput by 17%.
- Collaborated with engineering stakeholders to optimize data pipelines and system reliability using Kubernetes.
- Reduced system downtime and latency by 26% through proactive monitoring and automated CI/CD workflows.

EDUCATION
Ph.D. in Computer Science, Delhi Technological University (Graduated 2019)
","AWS, Go, Kubernetes, Docker, Linux, Unit Testing"
RES-0330,Emily Rostova,emily.rostova94@synthetic-talent.org,+1 (555) 556-3038,Full Stack Engineer,5,Senior,Master,M.S. in Computer Science,Sharda University,"AWS, TypeScript, GraphQL, PostgreSQL, React, Linux, CI/CD, Unit Testing","Emily Rostova
emily.rostova94@synthetic-talent.org | +1 (555) 556-3038 | Location: New York, NY

PROFESSIONAL SUMMARY
Results-driven Full Stack Engineer with 5 years of industry experience specializing in AWS, TypeScript, GraphQL, PostgreSQL. Proven background building scalable solutions, collaborating across agile teams, and driving measurable engineering impact.

TECHNICAL SKILLS
AWS, TypeScript, GraphQL, PostgreSQL, React, Linux, CI/CD, Unit Testing

PROFESSIONAL EXPERIENCE
Full Stack Engineer | Cloudflare (2022 - Present)
- Designed and deployed enterprise-grade systems utilizing AWS and TypeScript, improving throughput by 26%.
- Collaborated with engineering stakeholders to optimize data pipelines and system reliability using GraphQL.
- Reduced system downtime and latency by 22% through proactive monitoring and automated CI/CD workflows.

Full Stack Engineer | Zscaler (2020 - 2022)
- Designed and deployed enterprise-grade systems utilizing AWS and TypeScript, improving throughput by 39%.
- Collaborated with engineering stakeholders to optimize data pipelines and system reliability using GraphQL.
- Reduced system downtime and latency by 12% through proactive monitoring and automated CI/CD workflows.

EDUCATION
M.S. in Computer Science, Sharda University (Graduated 2020)
","AWS, TypeScript, GraphQL, PostgreSQL, React, Linux, CI/CD, Unit Testing"
RES-0331,Aisha Kim,aisha.kim15@synthetic-talent.org,+1 (555) 664-3021,Data Scientist,13,Lead/Staff,Bachelor,B.Tech in Computer Science and Engineering,Cornell University,"PyTorch, AWS, Machine Learning, Deep Learning, BigQuery, REST APIs, Docker, NLP, SQL, Code Review, Python, Scikit-Learn, Pandas","Aisha Kim
aisha.kim15@synthetic-talent.org | +1 (555) 664-3021 | Location: New York, NY

PROFESSIONAL SUMMARY
Results-driven Data Scientist with 13 years of industry experience specializing in PyTorch, AWS, Machine Learning, Deep Learning. Proven background building scalable solutions, collaborating across agile teams, and driving measurable engineering impact.

TECHNICAL SKILLS
PyTorch, AWS, Machine Learning, Deep Learning, BigQuery, REST APIs, Docker, NLP, SQL, Code Review, Python, Scikit-Learn, Pandas

PROFESSIONAL EXPERIENCE
Senior Data Scientist | Google (2022 - Present)
- Designed and deployed enterprise-grade systems utilizing PyTorch and AWS, improving throughput by 18%.
- Collaborated with engineering stakeholders to optimize data pipelines and system reliability using Machine Learning.
- Reduced system downtime and latency by 13% through proactive monitoring and automated CI/CD workflows.

Senior Data Scientist | Coinbase (2018 - 2022)
- Designed and deployed enterprise-grade systems utilizing PyTorch and AWS, improving throughput by 19%.
- Collaborated with engineering stakeholders to optimize data pipelines and system reliability using Machine Learning.
- Reduced system downtime and latency by 29% through proactive monitoring and automated CI/CD workflows.

Senior Data Scientist | Cloudflare (2016 - 2018)
- Designed and deployed enterprise-grade systems utilizing PyTorch and AWS, improving throughput by 44%.
- Collaborated with engineering stakeholders to optimize data pipelines and system reliability using Machine Learning.
- Reduced system downtime and latency by 15% through proactive monitoring and automated CI/CD workflows.

Senior Data Scientist | Apple (2014 - 2016)
- Designed and deployed enterprise-grade systems utilizing PyTorch and AWS, improving throughput by 19%.
- Collaborated with engineering stakeholders to optimize data pipelines and system reliability using Machine Learning.
- Reduced system downtime and latency by 25% through proactive monitoring and automated CI/CD workflows.

Senior Data Scientist | Snowflake (2012 - 2014)
- Designed and deployed enterprise-grade systems utilizing PyTorch and AWS, improving throughput by 41%.
- Collaborated with engineering stakeholders to optimize data pipelines and system reliability using Machine Learning.
- Reduced system downtime and latency by 10% through proactive monitoring and automated CI/CD workflows.

EDUCATION
B.Tech in Computer Science and Engineering, Cornell University (Graduated 2012)
","PyTorch, AWS, Machine Learning, Deep Learning, GCP, REST APIs, Docker, NLP, SQL, Code Review, Python, Scikit-Learn, Pandas"
RES-0332,James Vance,james.vance59@synthetic-talent.org,+1 (555) 774-7751,Cloud & DevOps Engineer,11,Lead/Staff,Master,M.S. in Machine Learning and Data Science,University of Washington,"AWS, Terraform, GCP, Go, Kubernetes, Docker, Prometheus, Git, Linux, Agile, Python, CI/CD","James Vance
james.vance59@synthetic-talent.org | +1 (555) 774-7751 | Location: New York, NY

PROFESSIONAL SUMMARY
Results-driven Cloud & DevOps Engineer with 11 years of industry experience specializing in AWS, Terraform, GCP, Go. Proven background building scalable solutions, collaborating across agile teams, and driving measurable engineering impact.

TECHNICAL SKILLS
AWS, Terraform, GCP, Go, Kubernetes, Docker, Prometheus, Git, Linux, Agile, Python, CI/CD

PROFESSIONAL EXPERIENCE
Senior Cloud & DevOps Engineer | ServiceNow (2021 - Present)
- Designed and deployed enterprise-grade systems utilizing AWS and Terraform, improving throughput by 15%.
- Collaborated with engineering stakeholders to optimize data pipelines and system reliability using GCP.
- Reduced system downtime and latency by 21% through proactive monitoring and automated CI/CD workflows.

Senior Cloud & DevOps Engineer | Cisco (2018 - 2021)
- Designed and deployed enterprise-grade systems utilizing AWS and Terraform, improving throughput by 37%.
- Collaborated with engineering stakeholders to optimize data pipelines and system reliability using GCP.
- Reduced system downtime and latency by 13% through proactive monitoring and automated CI/CD workflows.

Senior Cloud & DevOps Engineer | Meta (2015 - 2018)
- Designed and deployed enterprise-grade systems utilizing AWS and Terraform, improving throughput by 20%.
- Collaborated with engineering stakeholders to optimize data pipelines and system reliability using GCP.
- Reduced system downtime and latency by 17% through proactive monitoring and automated CI/CD workflows.

Senior Cloud & DevOps Engineer | Wayfair (2014 - 2015)
- Designed and deployed enterprise-grade systems utilizing AWS and Terraform, improving throughput by 40%.
- Collaborated with engineering stakeholders to optimize data pipelines and system reliability using GCP.
- Reduced system downtime and latency by 24% through proactive monitoring and automated CI/CD workflows.

EDUCATION
M.S. in Machine Learning and Data Science, University of Washington (Graduated 2014)
","AWS, Terraform, GCP, Go, Kubernetes, Docker, Prometheus, Git, Linux, Agile, Python, CI/CD"
RES-0333,Sofia Patel,sofia.patel26@synthetic-talent.org,+1 (555) 936-1018,Full Stack Engineer,0,Junior,Master,M.S. in Computer Science,Delhi Technological University,"Node.js, TypeScript, REST APIs, PostgreSQL, React, Linux, Redis, CI/CD","Sofia Patel
sofia.patel26@synthetic-talent.org | +1 (555) 936-1018 | Location: New York, NY

PROFESSIONAL SUMMARY
Results-driven Full Stack Engineer with 0 years of industry experience specializing in Node.js, TypeScript, REST APIs, PostgreSQL. Proven background building scalable solutions, collaborating across agile teams, and driving measurable engineering impact.

TECHNICAL SKILLS
Node.js, TypeScript, REST APIs, PostgreSQL, React, Linux, Redis, CI/CD

PROFESSIONAL EXPERIENCE
Software Engineering Intern | Zscaler (Summer 2024)
- Developed automated test suites and backend features with Node.js.
- Collaborated in daily standups and contributed to production pull requests.

EDUCATION
M.S. in Computer Science, Delhi Technological University (Graduated 2025)
","Node.js, TypeScript, REST APIs, PostgreSQL, React, Linux, Redis, CI/CD"
RES-0334,Chloe Tanaka,chloe.tanaka14@synthetic-talent.org,+1 (555) 814-6211,Machine Learning Engineer,4,Mid-Level,Bachelor,B.Tech in Computer Science and Engineering,University of Michigan,"PyTorch, FastAPI, Machine Learning, AWS, Kubernetes, Transformers, Agile, Python, CI/CD, Unit Testing","Chloe Tanaka
chloe.tanaka14@synthetic-talent.org | +1 (555) 814-6211 | Location: New York, NY

PROFESSIONAL SUMMARY
Results-driven Machine Learning Engineer with 4 years of industry experience specializing in PyTorch, FastAPI, Machine Learning, AWS. Proven background building scalable solutions, collaborating across agile teams, and driving measurable engineering impact.

TECHNICAL SKILLS
PyTorch, FastAPI, Machine Learning, AWS, Kubernetes, Transformers, Agile, Python, CI/CD, Unit Testing

PROFESSIONAL EXPERIENCE
Senior Machine Learning Engineer | Oracle (2021 - Present)
- Designed and deployed enterprise-grade systems utilizing PyTorch and FastAPI, improving throughput by 27%.
- Collaborated with engineering stakeholders to optimize data pipelines and system reliability using Machine Learning.
- Reduced system downtime and latency by 29% through proactive monitoring and automated CI/CD workflows.

EDUCATION
B.Tech in Computer Science and Engineering, University of Michigan (Graduated 2021)
","PyTorch, FastAPI, Machine Learning, AWS, Kubernetes, Transformers, Agile, Python, CI/CD, Unit Testing"
RES-0335,Liam Garcia,liam.garcia58@synthetic-talent.org,+1 (555) 630-9494,Frontend Engineer,0,Junior,Bachelor,B.Tech in Computer Science and Engineering,Carnegie Mellon University,"Node.js, TypeScript, GraphQL, REST APIs, JavaScript, Docker, HTML/CSS, CI/CD, Unit Testing","Liam Garcia
liam.garcia58@synthetic-talent.org | +1 (555) 630-9494 | Location: New York, NY

PROFESSIONAL SUMMARY
Results-driven Frontend Engineer with 0 years of industry experience specializing in Node.js, TypeScript, GraphQL, REST APIs. Proven background building scalable solutions, collaborating across agile teams, and driving measurable engineering impact.

TECHNICAL SKILLS
Node.js, TypeScript, GraphQL, REST APIs, JavaScript, Docker, HTML/CSS, CI/CD, Unit Testing

PROFESSIONAL EXPERIENCE
Software Engineering Intern | Microsoft (Summer 2024)
- Developed automated test suites and backend features with Node.js.
- Collaborated in daily standups and contributed to production pull requests.

EDUCATION
B.Tech in Computer Science and Engineering, Carnegie Mellon University (Graduated 2025)
","Node.js, TypeScript, GraphQL, REST APIs, JavaScript, Docker, HTML/CSS, CI/CD, Unit Testing"
RES-0336,Liam Rodriguez,liam.rodriguez28@synthetic-talent.org,+1 (555) 131-7411,Data Engineer,2,Junior,Bachelor,B.S. in Computer Science,University of Illinois Urbana-Champaign,"Terraform, Spark, Git, PostgreSQL, Linux, SQL, Snowflake","Liam Rodriguez
liam.rodriguez28@synthetic-talent.org | +1 (555) 131-7411 | Location: New York, NY

PROFESSIONAL SUMMARY
Results-driven Data Engineer with 2 years of industry experience specializing in Terraform, Spark, Git, PostgreSQL. Proven background building scalable solutions, collaborating across agile teams, and driving measurable engineering impact.

TECHNICAL SKILLS
Terraform, Spark, Git, PostgreSQL, Linux, SQL, Snowflake

PROFESSIONAL EXPERIENCE
Data Engineer | HubSpot (2023 - Present)
- Designed and deployed enterprise-grade systems utilizing Terraform and Spark, improving throughput by 36%.
- Collaborated with engineering stakeholders to optimize data pipelines and system reliability using Git.
- Reduced system downtime and latency by 10% through proactive monitoring and automated CI/CD workflows.

EDUCATION
B.S. in Computer Science, University of Illinois Urbana-Champaign (Graduated 2023)
","Terraform, Spark, Git, PostgreSQL, Linux, SQL, Snowflake"
RES-0337,Priya Miller,priya.miller45@synthetic-talent.org,+1 (555) 924-9133,Backend Engineer,1,Junior,Bachelor,B.Tech in Computer Science and Engineering,MIT,"AWS, Node.js, System Design, Java, Go, Kubernetes, Docker, PostgreSQL, Code Review, Agile, Redis, Python","Priya Miller
priya.miller45@synthetic-talent.org | +1 (555) 924-9133 | Location: New York, NY

PROFESSIONAL SUMMARY
Results-driven Backend Engineer with 1 years of industry experience specializing in AWS, Node.js, System Design, Java. Proven background building scalable solutions, collaborating across agile teams, and driving measurable engineering impact.

TECHNICAL SKILLS
AWS, Node.js, System Design, Java, Go, Kubernetes, Docker, PostgreSQL, Code Review, Agile, Redis, Python

PROFESSIONAL EXPERIENCE
Backend Engineer | ServiceNow (2024 - Present)
- Designed and deployed enterprise-grade systems utilizing AWS and Node.js, improving throughput by 32%.
- Collaborated with engineering stakeholders to optimize data pipelines and system reliability using System Design.
- Reduced system downtime and latency by 15% through proactive monitoring and automated CI/CD workflows.

EDUCATION
B.Tech in Computer Science and Engineering, MIT (Graduated 2024)
","AWS, Node.js, System Design, Java, Go, Kubernetes, Docker, PostgreSQL, Code Review, Agile, Redis, Python"
RES-0338,David Taylor,david.taylor93@synthetic-talent.org,+1 (555) 297-9157,Data Engineer,5,Senior,Bachelor,B.Tech in Computer Science and Engineering,Carnegie Mellon University,"AWS, GCP, Terraform, Jira, Spark, Docker, SQL, Python, Unit Testing","David Taylor
david.taylor93@synthetic-talent.org | +1 (555) 297-9157 | Location: New York, NY

PROFESSIONAL SUMMARY
Results-driven Data Engineer with 5 years of industry experience specializing in AWS, GCP, Terraform, Jira. Proven background building scalable solutions, collaborating across agile teams, and driving measurable engineering impact.

TECHNICAL SKILLS
AWS, GCP, Terraform, Jira, Spark, Docker, SQL, Python, Unit Testing

PROFESSIONAL EXPERIENCE
Data Engineer | Intel (2022 - Present)
- Designed and deployed enterprise-grade systems utilizing AWS and GCP, improving throughput by 17%.
- Collaborated with engineering stakeholders to optimize data pipelines and system reliability using Terraform.
- Reduced system downtime and latency by 11% through proactive monitoring and automated CI/CD workflows.

Data Engineer | Spotify (2020 - 2022)
- Designed and deployed enterprise-grade systems utilizing AWS and GCP, improving throughput by 35%.
- Collaborated with engineering stakeholders to optimize data pipelines and system reliability using Terraform.
- Reduced system downtime and latency by 24% through proactive monitoring and automated CI/CD workflows.

EDUCATION
B.Tech in Computer Science and Engineering, Carnegie Mellon University (Graduated 2020)
","AWS, GCP, Terraform, Jira, Spark, Docker, SQL, Python, Unit Testing"
RES-0339,Aisha Smith,aisha.smith40@synthetic-talent.org,+1 (555) 465-3292,Cybersecurity Engineer,3,Mid-Level,Bachelor,B.Tech in Computer Science and Engineering,Cornell University,"Terraform, Kubernetes, Jira, Docker, PostgreSQL, Linux, Code Review, Python","Aisha Smith
aisha.smith40@synthetic-talent.org | +1 (555) 465-3292 | Location: New York, NY

PROFESSIONAL SUMMARY
Results-driven Cybersecurity Engineer with 3 years of industry experience specializing in Terraform, Kubernetes, Jira, Docker. Proven background building scalable solutions, collaborating across agile teams, and driving measurable engineering impact.

TECHNICAL SKILLS
Terraform, Kubernetes, Jira, Docker, PostgreSQL, Linux, Code Review, Python

PROFESSIONAL EXPERIENCE
Cybersecurity Engineer | Instacart (2023 - Present)
- Designed and deployed enterprise-grade systems utilizing Terraform and Kubernetes, improving throughput by 23%.
- Collaborated with engineering stakeholders to optimize data pipelines and system reliability using Jira.
- Reduced system downtime and latency by 16% through proactive monitoring and automated CI/CD workflows.

Cybersecurity Engineer | Adobe (2022 - 2023)
- Designed and deployed enterprise-grade systems utilizing Terraform and Kubernetes, improving throughput by 40%.
- Collaborated with engineering stakeholders to optimize data pipelines and system reliability using Jira.
- Reduced system downtime and latency by 13% through proactive monitoring and automated CI/CD workflows.

EDUCATION
B.Tech in Computer Science and Engineering, Cornell University (Graduated 2022)
","Terraform, Kubernetes, Jira, Docker, PostgreSQL, Linux, Code Review, Python"
RES-0340,Emily Garcia,emily.garcia58@synthetic-talent.org,+1 (555) 935-7987,Full Stack Engineer,0,Junior,Bachelor,B.Tech in Computer Science and Engineering,Delhi Technological University,"FastAPI, Node.js, AWS, TypeScript, GraphQL, Docker, Git, React, Code Review, Redis, CI/CD","Emily Garcia
emily.garcia58@synthetic-talent.org | +1 (555) 935-7987 | Location: New York, NY

PROFESSIONAL SUMMARY
Results-driven Full Stack Engineer with 0 years of industry experience specializing in FastAPI, Node.js, AWS, TypeScript. Proven background building scalable solutions, collaborating across agile teams, and driving measurable engineering impact.

TECHNICAL SKILLS
FastAPI, Node.js, AWS, TypeScript, GraphQL, Docker, Git, React, Code Review, Redis, CI/CD

PROFESSIONAL EXPERIENCE
Software Engineering Intern | Stripe (Summer 2024)
- Developed automated test suites and backend features with FastAPI.
- Collaborated in daily standups and contributed to production pull requests.

EDUCATION
B.Tech in Computer Science and Engineering, Delhi Technological University (Graduated 2025)
","FastAPI, Node.js, AWS, TypeScript, GraphQL, Docker, Git, React, Code Review, Redis, CI/CD"
RES-0341,Jordan Chen,jordan.chen35@synthetic-talent.org,+1 (555) 446-6158,Backend Engineer,7,Senior,Bachelor,B.S. in Computer Science,University of Washington,"Node.js, System Design, Go, REST APIs, Docker, PostgreSQL, Linux, Python","Jordan Chen
jordan.chen35@synthetic-talent.org | +1 (555) 446-6158 | Location: New York, NY

PROFESSIONAL SUMMARY
Results-driven Backend Engineer with 7 years of industry experience specializing in Node.js, System Design, Go, REST APIs. Proven background building scalable solutions, collaborating across agile teams, and driving measurable engineering impact.

TECHNICAL SKILLS
Node.js, System Design, Go, REST APIs, Docker, PostgreSQL, Linux, Python

PROFESSIONAL EXPERIENCE
Senior Backend Engineer | CrowdStrike (2021 - Present)
- Designed and deployed enterprise-grade systems utilizing Node.js and System Design, improving throughput by 37%.
- Collaborated with engineering stakeholders to optimize data pipelines and system reliability using Go.
- Reduced system downtime and latency by 25% through proactive monitoring and automated CI/CD workflows.

Senior Backend Engineer | Snowflake (2018 - 2021)
- Designed and deployed enterprise-grade systems utilizing Node.js and System Design, improving throughput by 41%.
- Collaborated with engineering stakeholders to optimize data pipelines and system reliability using Go.
- Reduced system downtime and latency by 15% through proactive monitoring and automated CI/CD workflows.

EDUCATION
B.S. in Computer Science, University of Washington (Graduated 2018)
","Node.js, System Design, Go, REST APIs, Docker, PostgreSQL, Linux, Python"
RES-0342,Daniel Williams,daniel.williams68@synthetic-talent.org,+1 (555) 310-7247,Cloud & DevOps Engineer,7,Senior,Bachelor,B.Tech in Computer Science and Engineering,IIT Bombay,"AWS, Terraform, Kubernetes, Docker, Prometheus, Git, Unit Testing","Daniel Williams
daniel.williams68@synthetic-talent.org | +1 (555) 310-7247 | Location: New York, NY

PROFESSIONAL SUMMARY
Results-driven Cloud & DevOps Engineer with 7 years of industry experience specializing in AWS, Terraform, Kubernetes, Docker. Proven background building scalable solutions, collaborating across agile teams, and driving measurable engineering impact.

TECHNICAL SKILLS
AWS, Terraform, Kubernetes, Docker, Prometheus, Git, Unit Testing

PROFESSIONAL EXPERIENCE
Senior Cloud & DevOps Engineer | Wayfair (2023 - Present)
- Designed and deployed enterprise-grade systems utilizing AWS and Terraform, improving throughput by 17%.
- Collaborated with engineering stakeholders to optimize data pipelines and system reliability using Kubernetes.
- Reduced system downtime and latency by 20% through proactive monitoring and automated CI/CD workflows.

Senior Cloud & DevOps Engineer | Spotify (2019 - 2023)
- Designed and deployed enterprise-grade systems utilizing AWS and Terraform, improving throughput by 20%.
- Collaborated with engineering stakeholders to optimize data pipelines and system reliability using Kubernetes.
- Reduced system downtime and latency by 12% through proactive monitoring and automated CI/CD workflows.

Senior Cloud & DevOps Engineer | Meta (2018 - 2019)
- Designed and deployed enterprise-grade systems utilizing AWS and Terraform, improving throughput by 24%.
- Collaborated with engineering stakeholders to optimize data pipelines and system reliability using Kubernetes.
- Reduced system downtime and latency by 13% through proactive monitoring and automated CI/CD workflows.

EDUCATION
B.Tech in Computer Science and Engineering, IIT Bombay (Graduated 2018)
","AWS, Terraform, Kubernetes, Docker, Prometheus, Git, Unit Testing"
RES-0343,Arjun Kim,arjun.kim19@synthetic-talent.org,+1 (555) 571-6804,Data Scientist,12,Lead/Staff,Master,M.S. in Computer Science,MIT,"PyTorch, AWS, Machine Learning, Deep Learning, Jira, Docker, NLP, Code Review, Pandas","Arjun Kim
arjun.kim19@synthetic-talent.org | +1 (555) 571-6804 | Location: New York, NY

PROFESSIONAL SUMMARY
Results-driven Data Scientist with 12 years of industry experience specializing in PyTorch, AWS, Machine Learning, Deep Learning. Proven background building scalable solutions, collaborating across agile teams, and driving measurable engineering impact.

TECHNICAL SKILLS
PyTorch, AWS, Machine Learning, Deep Learning, Jira, Docker, NLP, Code Review, Pandas

PROFESSIONAL EXPERIENCE
Senior Data Scientist | Cloudflare (2023 - Present)
- Designed and deployed enterprise-grade systems utilizing PyTorch and AWS, improving throughput by 16%.
- Collaborated with engineering stakeholders to optimize data pipelines and system reliability using Machine Learning.
- Reduced system downtime and latency by 26% through proactive monitoring and automated CI/CD workflows.

Senior Data Scientist | Amazon (2021 - 2023)
- Designed and deployed enterprise-grade systems utilizing PyTorch and AWS, improving throughput by 24%.
- Collaborated with engineering stakeholders to optimize data pipelines and system reliability using Machine Learning.
- Reduced system downtime and latency by 21% through proactive monitoring and automated CI/CD workflows.

Senior Data Scientist | Salesforce (2019 - 2021)
- Designed and deployed enterprise-grade systems utilizing PyTorch and AWS, improving throughput by 30%.
- Collaborated with engineering stakeholders to optimize data pipelines and system reliability using Machine Learning.
- Reduced system downtime and latency by 17% through proactive monitoring and automated CI/CD workflows.

Senior Data Scientist | Robinhood (2016 - 2019)
- Designed and deployed enterprise-grade systems utilizing PyTorch and AWS, improving throughput by 39%.
- Collaborated with engineering stakeholders to optimize data pipelines and system reliability using Machine Learning.
- Reduced system downtime and latency by 30% through proactive monitoring and automated CI/CD workflows.

Senior Data Scientist | Wayfair (2014 - 2016)
- Designed and deployed enterprise-grade systems utilizing PyTorch and AWS, improving throughput by 26%.
- Collaborated with engineering stakeholders to optimize data pipelines and system reliability using Machine Learning.
- Reduced system downtime and latency by 24% through proactive monitoring and automated CI/CD workflows.

Senior Data Scientist | Apple (2013 - 2014)
- Designed and deployed enterprise-grade systems utilizing PyTorch and AWS, improving throughput by 40%.
- Collaborated with engineering stakeholders to optimize data pipelines and system reliability using Machine Learning.
- Reduced system downtime and latency by 25% through proactive monitoring and automated CI/CD workflows.

EDUCATION
M.S. in Computer Science, MIT (Graduated 2013)
","PyTorch, AWS, Machine Learning, Deep Learning, Jira, Docker, NLP, Code Review, Pandas"
RES-0344,Michael Garcia,michael.garcia83@synthetic-talent.org,+1 (555) 921-6591,Data Scientist,2,Mid-Level,Doctorate,Ph.D. in Computer Science,UT Austin,"AWS, PyTorch, REST APIs, Docker, NLP, SQL, Python, Scikit-Learn, Unit Testing","Michael Garcia
michael.garcia83@synthetic-talent.org | +1 (555) 921-6591 | Location: New York, NY

PROFESSIONAL SUMMARY
Results-driven Data Scientist with 2 years of industry experience specializing in AWS, PyTorch, REST APIs, Docker. Proven background building scalable solutions, collaborating across agile teams, and driving measurable engineering impact.

TECHNICAL SKILLS
AWS, PyTorch, REST APIs, Docker, NLP, SQL, Python, Scikit-Learn, Unit Testing

PROFESSIONAL EXPERIENCE
Data Scientist | Oracle (2023 - Present)
- Designed and deployed enterprise-grade systems utilizing AWS and PyTorch, improving throughput by 36%.
- Collaborated with engineering stakeholders to optimize data pipelines and system reliability using REST APIs.
- Reduced system downtime and latency by 28% through proactive monitoring and automated CI/CD workflows.

EDUCATION
Ph.D. in Computer Science, UT Austin (Graduated 2023)
","AWS, PyTorch, REST APIs, Docker, NLP, SQL, Python, Scikit-Learn, Unit Testing"
RES-0345,Zoe Rodriguez,zoe.rodriguez66@synthetic-talent.org,+1 (555) 470-2615,Machine Learning Engineer,7,Senior,Bachelor,B.Tech in Computer Science and Engineering,Georgia Tech,"FastAPI, AWS, Machine Learning, Kubernetes, Transformers, Code Review, Agile, Kafka, CI/CD","Zoe Rodriguez
zoe.rodriguez66@synthetic-talent.org | +1 (555) 470-2615 | Location: New York, NY

PROFESSIONAL SUMMARY
Results-driven Machine Learning Engineer with 7 years of industry experience specializing in FastAPI, AWS, Machine Learning, Kubernetes. Proven background building scalable solutions, collaborating across agile teams, and driving measurable engineering impact.

TECHNICAL SKILLS
FastAPI, AWS, Machine Learning, Kubernetes, Transformers, Code Review, Agile, Kafka, CI/CD

PROFESSIONAL EXPERIENCE
Senior Machine Learning Engineer | MongoDB Inc. (2021 - Present)
- Designed and deployed enterprise-grade systems utilizing FastAPI and AWS, improving throughput by 27%.
- Collaborated with engineering stakeholders to optimize data pipelines and system reliability using Machine Learning.
- Reduced system downtime and latency by 27% through proactive monitoring and automated CI/CD workflows.

Senior Machine Learning Engineer | NVIDIA (2019 - 2021)
- Designed and deployed enterprise-grade systems utilizing FastAPI and AWS, improving throughput by 33%.
- Collaborated with engineering stakeholders to optimize data pipelines and system reliability using Machine Learning.
- Reduced system downtime and latency by 28% through proactive monitoring and automated CI/CD workflows.

Senior Machine Learning Engineer | Airbnb (2018 - 2019)
- Designed and deployed enterprise-grade systems utilizing FastAPI and AWS, improving throughput by 29%.
- Collaborated with engineering stakeholders to optimize data pipelines and system reliability using Machine Learning.
- Reduced system downtime and latency by 26% through proactive monitoring and automated CI/CD workflows.

EDUCATION
B.Tech in Computer Science and Engineering, Georgia Tech (Graduated 2018)
","FastAPI, AWS, Machine Learning, Kubernetes, Transformers, Code Review, Agile, Kafka, CI/CD"
RES-0346,Carlos Williams,carlos.williams16@synthetic-talent.org,+1 (555) 748-1507,Data Engineer,5,Senior,Bachelor,B.Tech in Computer Science and Engineering,Carnegie Mellon University,"AWS, Spark, Git, Code Review, Python, Airflow","Carlos Williams
carlos.williams16@synthetic-talent.org | +1 (555) 748-1507 | Location: New York, NY

PROFESSIONAL SUMMARY
Results-driven Data Engineer with 5 years of industry experience specializing in AWS, Spark, Git, Code Review. Proven background building scalable solutions, collaborating across agile teams, and driving measurable engineering impact.

TECHNICAL SKILLS
AWS, Spark, Git, Code Review, Python, Airflow

PROFESSIONAL EXPERIENCE
Senior Data Engineer | Pinterest (2021 - Present)
- Designed and deployed enterprise-grade systems utilizing AWS and Spark, improving throughput by 37%.
- Collaborated with engineering stakeholders to optimize data pipelines and system reliability using Git.
- Reduced system downtime and latency by 18% through proactive monitoring and automated CI/CD workflows.

Data Engineer | Airbnb (2020 - 2021)
- Designed and deployed enterprise-grade systems utilizing AWS and Spark, improving throughput by 15%.
- Collaborated with engineering stakeholders to optimize data pipelines and system reliability using Git.
- Reduced system downtime and latency by 20% through proactive monitoring and automated CI/CD workflows.

EDUCATION
B.Tech in Computer Science and Engineering, Carnegie Mellon University (Graduated 2020)
","AWS, Spark, Git, Code Review, Python, Airflow"
RES-0347,Jordan Sharma,jordan.sharma80@synthetic-talent.org,+1 (555) 823-1151,Data Scientist,2,Junior,Bachelor,B.Tech in Computer Science and Engineering,BITS Pilani,"AWS, Machine Learning, Deep Learning, BigQuery, REST APIs, NLP, SQL, Agile, Python, Scikit-Learn, Pandas","Jordan Sharma
jordan.sharma80@synthetic-talent.org | +1 (555) 823-1151 | Location: New York, NY

PROFESSIONAL SUMMARY
Results-driven Data Scientist with 2 years of industry experience specializing in AWS, Machine Learning, Deep Learning, BigQuery. Proven background building scalable solutions, collaborating across agile teams, and driving measurable engineering impact.

TECHNICAL SKILLS
AWS, Machine Learning, Deep Learning, BigQuery, REST APIs, NLP, SQL, Agile, Python, Scikit-Learn, Pandas

PROFESSIONAL EXPERIENCE
Data Scientist | Meta (2023 - Present)
- Designed and deployed enterprise-grade systems utilizing AWS and Machine Learning, improving throughput by 27%.
- Collaborated with engineering stakeholders to optimize data pipelines and system reliability using Deep Learning.
- Reduced system downtime and latency by 29% through proactive monitoring and automated CI/CD workflows.

EDUCATION
B.Tech in Computer Science and Engineering, BITS Pilani (Graduated 2023)
","AWS, Machine Learning, Deep Learning, GCP, REST APIs, NLP, SQL, Agile, Python, Scikit-Learn, Pandas"
RES-0348,Emma Kim,emma.kim59@synthetic-talent.org,+1 (555) 922-9224,Backend Engineer,8,Lead/Staff,Doctorate,Ph.D. in Computer Science,IIT Bombay,"AWS, Node.js, System Design, Java, Go, Docker, Git, PostgreSQL, Agile, Redis, Kafka","Emma Kim
emma.kim59@synthetic-talent.org | +1 (555) 922-9224 | Location: New York, NY

PROFESSIONAL SUMMARY
Results-driven Backend Engineer with 8 years of industry experience specializing in AWS, Node.js, System Design, Java. Proven background building scalable solutions, collaborating across agile teams, and driving measurable engineering impact.

TECHNICAL SKILLS
AWS, Node.js, System Design, Java, Go, Docker, Git, PostgreSQL, Agile, Redis, Kafka

PROFESSIONAL EXPERIENCE
Senior Backend Engineer | Databricks (2022 - Present)
- Designed and deployed enterprise-grade systems utilizing AWS and Node.js, improving throughput by 23%.
- Collaborated with engineering stakeholders to optimize data pipelines and system reliability using System Design.
- Reduced system downtime and latency by 15% through proactive monitoring and automated CI/CD workflows.

Senior Backend Engineer | CrowdStrike (2019 - 2022)
- Designed and deployed enterprise-grade systems utilizing AWS and Node.js, improving throughput by 39%.
- Collaborated with engineering stakeholders to optimize data pipelines and system reliability using System Design.
- Reduced system downtime and latency by 19% through proactive monitoring and automated CI/CD workflows.

Senior Backend Engineer | Intel (2017 - 2019)
- Designed and deployed enterprise-grade systems utilizing AWS and Node.js, improving throughput by 44%.
- Collaborated with engineering stakeholders to optimize data pipelines and system reliability using System Design.
- Reduced system downtime and latency by 20% through proactive monitoring and automated CI/CD workflows.

EDUCATION
Ph.D. in Computer Science, IIT Bombay (Graduated 2017)
","AWS, Node.js, System Design, Java, Go, Docker, Git, PostgreSQL, Agile, Redis, Kafka"
RES-0349,Emily Williams,emily.williams77@synthetic-talent.org,+1 (555) 458-5875,Full Stack Engineer,6,Senior,Doctorate,Ph.D. in Computer Science,UT Austin,"AWS, TypeScript, GraphQL, REST APIs, Docker, React, Python, CI/CD, Unit Testing","Emily Williams
emily.williams77@synthetic-talent.org | +1 (555) 458-5875 | Location: New York, NY

PROFESSIONAL SUMMARY
Results-driven Full Stack Engineer with 6 years of industry experience specializing in AWS, TypeScript, GraphQL, REST APIs. Proven background building scalable solutions, collaborating across agile teams, and driving measurable engineering impact.

TECHNICAL SKILLS
AWS, TypeScript, GraphQL, REST APIs, Docker, React, Python, CI/CD, Unit Testing

PROFESSIONAL EXPERIENCE
Senior Full Stack Engineer | Meta (2023 - Present)
- Designed and deployed enterprise-grade systems utilizing AWS and TypeScript, improving throughput by 16%.
- Collaborated with engineering stakeholders to optimize data pipelines and system reliability using GraphQL.
- Reduced system downtime and latency by 13% through proactive monitoring and automated CI/CD workflows.

Senior Full Stack Engineer | Reddit (2021 - 2023)
- Designed and deployed enterprise-grade systems utilizing AWS and TypeScript, improving throughput by 33%.
- Collaborated with engineering stakeholders to optimize data pipelines and system reliability using GraphQL.
- Reduced system downtime and latency by 27% through proactive monitoring and automated CI/CD workflows.

Senior Full Stack Engineer | Netflix (2019 - 2021)
- Designed and deployed enterprise-grade systems utilizing AWS and TypeScript, improving throughput by 21%.
- Collaborated with engineering stakeholders to optimize data pipelines and system reliability using GraphQL.
- Reduced system downtime and latency by 15% through proactive monitoring and automated CI/CD workflows.

EDUCATION
Ph.D. in Computer Science, UT Austin (Graduated 2019)
","AWS, TypeScript, GraphQL, REST APIs, Docker, React, Python, CI/CD, Unit Testing"
RES-0350,Sarah Chen,sarah.chen95@synthetic-talent.org,+1 (555) 583-5248,Full Stack Engineer,6,Senior,Master,M.S. in Computer Science,Stanford University,"Node.js, GraphQL, Docker, Git, Agile, Python","Sarah Chen
sarah.chen95@synthetic-talent.org | +1 (555) 583-5248 | Location: New York, NY

PROFESSIONAL SUMMARY
Results-driven Full Stack Engineer with 6 years of industry experience specializing in Node.js, GraphQL, Docker, Git. Proven background building scalable solutions, collaborating across agile teams, and driving measurable engineering impact.

TECHNICAL SKILLS
Node.js, GraphQL, Docker, Git, Agile, Python

PROFESSIONAL EXPERIENCE
Senior Full Stack Engineer | Workday (2022 - Present)
- Designed and deployed enterprise-grade systems utilizing Node.js and GraphQL, improving throughput by 22%.
- Collaborated with engineering stakeholders to optimize data pipelines and system reliability using Docker.
- Reduced system downtime and latency by 26% through proactive monitoring and automated CI/CD workflows.

Senior Full Stack Engineer | Square / Block (2019 - 2022)
- Designed and deployed enterprise-grade systems utilizing Node.js and GraphQL, improving throughput by 43%.
- Collaborated with engineering stakeholders to optimize data pipelines and system reliability using Docker.
- Reduced system downtime and latency by 17% through proactive monitoring and automated CI/CD workflows.

EDUCATION
M.S. in Computer Science, Stanford University (Graduated 2019)
","Node.js, GraphQL, Docker, Git, Agile, Python"
RES-0351,Rahul Garcia,rahul.garcia34@synthetic-talent.org,+1 (555) 918-8095,Machine Learning Engineer,12,Lead/Staff,Master,M.S. in Machine Learning and Data Science,Stanford University,"FastAPI, AWS, GCP, Large Language Models, REST APIs, Docker, Transformers, Git, Kafka, Python","Rahul Garcia
rahul.garcia34@synthetic-talent.org | +1 (555) 918-8095 | Location: New York, NY

PROFESSIONAL SUMMARY
Results-driven Machine Learning Engineer with 12 years of industry experience specializing in FastAPI, AWS, GCP, Large Language Models. Proven background building scalable solutions, collaborating across agile teams, and driving measurable engineering impact.

TECHNICAL SKILLS
FastAPI, AWS, GCP, Large Language Models, REST APIs, Docker, Transformers, Git, Kafka, Python

PROFESSIONAL EXPERIENCE
Senior Machine Learning Engineer | Pinterest (2023 - Present)
- Designed and deployed enterprise-grade systems utilizing FastAPI and AWS, improving throughput by 39%.
- Collaborated with engineering stakeholders to optimize data pipelines and system reliability using GCP.
- Reduced system downtime and latency by 15% through proactive monitoring and automated CI/CD workflows.

Senior Machine Learning Engineer | Square / Block (2021 - 2023)
- Designed and deployed enterprise-grade systems utilizing FastAPI and AWS, improving throughput by 34%.
- Collaborated with engineering stakeholders to optimize data pipelines and system reliability using GCP.
- Reduced system downtime and latency by 24% through proactive monitoring and automated CI/CD workflows.

Senior Machine Learning Engineer | Meta (2018 - 2021)
- Designed and deployed enterprise-grade systems utilizing FastAPI and AWS, improving throughput by 31%.
- Collaborated with engineering stakeholders to optimize data pipelines and system reliability using GCP.
- Reduced system downtime and latency by 27% through proactive monitoring and automated CI/CD workflows.

Senior Machine Learning Engineer | MongoDB Inc. (2014 - 2018)
- Designed and deployed enterprise-grade systems utilizing FastAPI and AWS, improving throughput by 24%.
- Collaborated with engineering stakeholders to optimize data pipelines and system reliability using GCP.
- Reduced system downtime and latency by 14% through proactive monitoring and automated CI/CD workflows.

Senior Machine Learning Engineer | Coinbase (2013 - 2014)
- Designed and deployed enterprise-grade systems utilizing FastAPI and AWS, improving throughput by 28%.
- Collaborated with engineering stakeholders to optimize data pipelines and system reliability using GCP.
- Reduced system downtime and latency by 13% through proactive monitoring and automated CI/CD workflows.

EDUCATION
M.S. in Machine Learning and Data Science, Stanford University (Graduated 2013)
","FastAPI, AWS, GCP, Large Language Models, REST APIs, Docker, Transformers, Git, Kafka, Python"
RES-0352,Marcus Taylor,marcus.taylor26@synthetic-talent.org,+1 (555) 120-6368,Data Scientist,13,Lead/Staff,Doctorate,Ph.D. in Computer Science,IIT Bombay,"AWS, Machine Learning, BigQuery, Git, NLP, SQL, Code Review, Pandas","Marcus Taylor
marcus.taylor26@synthetic-talent.org | +1 (555) 120-6368 | Location: New York, NY

PROFESSIONAL SUMMARY
Results-driven Data Scientist with 13 years of industry experience specializing in AWS, Machine Learning, BigQuery, Git. Proven background building scalable solutions, collaborating across agile teams, and driving measurable engineering impact.

TECHNICAL SKILLS
AWS, Machine Learning, BigQuery, Git, NLP, SQL, Code Review, Pandas

PROFESSIONAL EXPERIENCE
Senior Data Scientist | Cloudflare (2022 - Present)
- Designed and deployed enterprise-grade systems utilizing AWS and Machine Learning, improving throughput by 39%.
- Collaborated with engineering stakeholders to optimize data pipelines and system reliability using BigQuery.
- Reduced system downtime and latency by 28% through proactive monitoring and automated CI/CD workflows.

Senior Data Scientist | Reddit (2018 - 2022)
- Designed and deployed enterprise-grade systems utilizing AWS and Machine Learning, improving throughput by 42%.
- Collaborated with engineering stakeholders to optimize data pipelines and system reliability using BigQuery.
- Reduced system downtime and latency by 15% through proactive monitoring and automated CI/CD workflows.

Senior Data Scientist | Palo Alto Networks (2014 - 2018)
- Designed and deployed enterprise-grade systems utilizing AWS and Machine Learning, improving throughput by 42%.
- Collaborated with engineering stakeholders to optimize data pipelines and system reliability using BigQuery.
- Reduced system downtime and latency by 12% through proactive monitoring and automated CI/CD workflows.

Senior Data Scientist | Salesforce (2012 - 2014)
- Designed and deployed enterprise-grade systems utilizing AWS and Machine Learning, improving throughput by 40%.
- Collaborated with engineering stakeholders to optimize data pipelines and system reliability using BigQuery.
- Reduced system downtime and latency by 10% through proactive monitoring and automated CI/CD workflows.

EDUCATION
Ph.D. in Computer Science, IIT Bombay (Graduated 2012)
","AWS, Machine Learning, GCP, Git, NLP, SQL, Code Review, Pandas"
RES-0353,Priya Anderson,priya.anderson86@synthetic-talent.org,+1 (555) 398-6278,Machine Learning Engineer,8,Senior,Master,M.S. in Computer Science,MIT,"FastAPI, Kubernetes, Jira, Docker, Transformers, Unit Testing","Priya Anderson
priya.anderson86@synthetic-talent.org | +1 (555) 398-6278 | Location: New York, NY

PROFESSIONAL SUMMARY
Results-driven Machine Learning Engineer with 8 years of industry experience specializing in FastAPI, Kubernetes, Jira, Docker. Proven background building scalable solutions, collaborating across agile teams, and driving measurable engineering impact.

TECHNICAL SKILLS
FastAPI, Kubernetes, Jira, Docker, Transformers, Unit Testing

PROFESSIONAL EXPERIENCE
Senior Machine Learning Engineer | MongoDB Inc. (2023 - Present)
- Designed and deployed enterprise-grade systems utilizing FastAPI and Kubernetes, improving throughput by 44%.
- Collaborated with engineering stakeholders to optimize data pipelines and system reliability using Jira.
- Reduced system downtime and latency by 30% through proactive monitoring and automated CI/CD workflows.

Senior Machine Learning Engineer | Amazon (2020 - 2023)
- Designed and deployed enterprise-grade systems utilizing FastAPI and Kubernetes, improving throughput by 30%.
- Collaborated with engineering stakeholders to optimize data pipelines and system reliability using Jira.
- Reduced system downtime and latency by 16% through proactive monitoring and automated CI/CD workflows.

Senior Machine Learning Engineer | Oracle (2018 - 2020)
- Designed and deployed enterprise-grade systems utilizing FastAPI and Kubernetes, improving throughput by 16%.
- Collaborated with engineering stakeholders to optimize data pipelines and system reliability using Jira.
- Reduced system downtime and latency by 25% through proactive monitoring and automated CI/CD workflows.

Senior Machine Learning Engineer | Intel (2017 - 2018)
- Designed and deployed enterprise-grade systems utilizing FastAPI and Kubernetes, improving throughput by 31%.
- Collaborated with engineering stakeholders to optimize data pipelines and system reliability using Jira.
- Reduced system downtime and latency by 11% through proactive monitoring and automated CI/CD workflows.

EDUCATION
M.S. in Computer Science, MIT (Graduated 2017)
","FastAPI, Kubernetes, Jira, Docker, Transformers, Unit Testing"
RES-0354,Carlos Rodriguez,carlos.rodriguez94@synthetic-talent.org,+1 (555) 990-5218,Cybersecurity Engineer,6,Mid-Level,Doctorate,Ph.D. in Computer Science,University of Michigan,"AWS, Terraform, Go, REST APIs, Docker, Git","Carlos Rodriguez
carlos.rodriguez94@synthetic-talent.org | +1 (555) 990-5218 | Location: New York, NY

PROFESSIONAL SUMMARY
Results-driven Cybersecurity Engineer with 6 years of industry experience specializing in AWS, Terraform, Go, REST APIs. Proven background building scalable solutions, collaborating across agile teams, and driving measurable engineering impact.

TECHNICAL SKILLS
AWS, Terraform, Go, REST APIs, Docker, Git

PROFESSIONAL EXPERIENCE
Senior Cybersecurity Engineer | Lyft (2021 - Present)
- Designed and deployed enterprise-grade systems utilizing AWS and Terraform, improving throughput by 37%.
- Collaborated with engineering stakeholders to optimize data pipelines and system reliability using Go.
- Reduced system downtime and latency by 24% through proactive monitoring and automated CI/CD workflows.

Senior Cybersecurity Engineer | MongoDB Inc. (2019 - 2021)
- Designed and deployed enterprise-grade systems utilizing AWS and Terraform, improving throughput by 18%.
- Collaborated with engineering stakeholders to optimize data pipelines and system reliability using Go.
- Reduced system downtime and latency by 21% through proactive monitoring and automated CI/CD workflows.

EDUCATION
Ph.D. in Computer Science, University of Michigan (Graduated 2019)
","AWS, Terraform, Go, REST APIs, Docker, Git"
RES-0355,Chloe Patel,chloe.patel56@synthetic-talent.org,+1 (555) 953-5983,Frontend Engineer,5,Mid-Level,Master,M.S. in Machine Learning and Data Science,UT Austin,"Node.js, TypeScript, GraphQL, JavaScript, Docker, Next.js, Git, CI/CD, Unit Testing","Chloe Patel
chloe.patel56@synthetic-talent.org | +1 (555) 953-5983 | Location: New York, NY

PROFESSIONAL SUMMARY
Results-driven Frontend Engineer with 5 years of industry experience specializing in Node.js, TypeScript, GraphQL, JavaScript. Proven background building scalable solutions, collaborating across agile teams, and driving measurable engineering impact.

TECHNICAL SKILLS
Node.js, TypeScript, GraphQL, JavaScript, Docker, Next.js, Git, CI/CD, Unit Testing

PROFESSIONAL EXPERIENCE
Frontend Engineer | Oracle (2023 - Present)
- Designed and deployed enterprise-grade systems utilizing Node.js and TypeScript, improving throughput by 24%.
- Collaborated with engineering stakeholders to optimize data pipelines and system reliability using GraphQL.
- Reduced system downtime and latency by 20% through proactive monitoring and automated CI/CD workflows.

Frontend Engineer | Intel (2020 - 2023)
- Designed and deployed enterprise-grade systems utilizing Node.js and TypeScript, improving throughput by 38%.
- Collaborated with engineering stakeholders to optimize data pipelines and system reliability using GraphQL.
- Reduced system downtime and latency by 12% through proactive monitoring and automated CI/CD workflows.

EDUCATION
M.S. in Machine Learning and Data Science, UT Austin (Graduated 2020)
","Node.js, TypeScript, GraphQL, JavaScript, Docker, Next.js, Git, CI/CD, Unit Testing"
RES-0356,Marcus Johnson,marcus.johnson13@synthetic-talent.org,+1 (555) 966-6051,Data Scientist,5,Mid-Level,Bachelor,B.Tech in Computer Science and Engineering,Delhi Technological University,"PyTorch, AWS, Machine Learning, Deep Learning, BigQuery, Docker, NLP, Code Review, Agile, Scikit-Learn","Marcus Johnson
marcus.johnson13@synthetic-talent.org | +1 (555) 966-6051 | Location: New York, NY

PROFESSIONAL SUMMARY
Results-driven Data Scientist with 5 years of industry experience specializing in PyTorch, AWS, Machine Learning, Deep Learning. Proven background building scalable solutions, collaborating across agile teams, and driving measurable engineering impact.

TECHNICAL SKILLS
PyTorch, AWS, Machine Learning, Deep Learning, BigQuery, Docker, NLP, Code Review, Agile, Scikit-Learn

PROFESSIONAL EXPERIENCE
Data Scientist | DoorDash (2023 - Present)
- Designed and deployed enterprise-grade systems utilizing PyTorch and AWS, improving throughput by 32%.
- Collaborated with engineering stakeholders to optimize data pipelines and system reliability using Machine Learning.
- Reduced system downtime and latency by 25% through proactive monitoring and automated CI/CD workflows.

Data Scientist | Robinhood (2020 - 2023)
- Designed and deployed enterprise-grade systems utilizing PyTorch and AWS, improving throughput by 17%.
- Collaborated with engineering stakeholders to optimize data pipelines and system reliability using Machine Learning.
- Reduced system downtime and latency by 21% through proactive monitoring and automated CI/CD workflows.

EDUCATION
B.Tech in Computer Science and Engineering, Delhi Technological University (Graduated 2020)
","PyTorch, AWS, Machine Learning, Deep Learning, GCP, Docker, NLP, Code Review, Agile, Scikit-Learn"
RES-0357,Vikram Wilson,vikram.wilson72@synthetic-talent.org,+1 (555) 119-7766,Data Scientist,4,Mid-Level,Bachelor,B.Tech in Computer Science and Engineering,University of Illinois Urbana-Champaign,"PyTorch, Deep Learning, BigQuery, Docker, NLP, SQL, Code Review, Agile, Pandas","Vikram Wilson
vikram.wilson72@synthetic-talent.org | +1 (555) 119-7766 | Location: New York, NY

PROFESSIONAL SUMMARY
Results-driven Data Scientist with 4 years of industry experience specializing in PyTorch, Deep Learning, BigQuery, Docker. Proven background building scalable solutions, collaborating across agile teams, and driving measurable engineering impact.

TECHNICAL SKILLS
PyTorch, Deep Learning, BigQuery, Docker, NLP, SQL, Code Review, Agile, Pandas

PROFESSIONAL EXPERIENCE
Data Scientist | CrowdStrike (2023 - Present)
- Designed and deployed enterprise-grade systems utilizing PyTorch and Deep Learning, improving throughput by 45%.
- Collaborated with engineering stakeholders to optimize data pipelines and system reliability using BigQuery.
- Reduced system downtime and latency by 30% through proactive monitoring and automated CI/CD workflows.

Data Scientist | ServiceNow (2021 - 2023)
- Designed and deployed enterprise-grade systems utilizing PyTorch and Deep Learning, improving throughput by 16%.
- Collaborated with engineering stakeholders to optimize data pipelines and system reliability using BigQuery.
- Reduced system downtime and latency by 13% through proactive monitoring and automated CI/CD workflows.

EDUCATION
B.Tech in Computer Science and Engineering, University of Illinois Urbana-Champaign (Graduated 2021)
","PyTorch, Deep Learning, GCP, Docker, NLP, SQL, Code Review, Agile, Pandas"
RES-0358,Emily Wilson,emily.wilson89@synthetic-talent.org,+1 (555) 186-8035,Machine Learning Engineer,0,Junior,Doctorate,Ph.D. in Computer Science,MIT,"FastAPI, PyTorch, Machine Learning, GCP, Docker, Transformers, Git, Linux, Kafka, Python","Emily Wilson
emily.wilson89@synthetic-talent.org | +1 (555) 186-8035 | Location: New York, NY

PROFESSIONAL SUMMARY
Results-driven Machine Learning Engineer with 0 years of industry experience specializing in FastAPI, PyTorch, Machine Learning, GCP. Proven background building scalable solutions, collaborating across agile teams, and driving measurable engineering impact.

TECHNICAL SKILLS
FastAPI, PyTorch, Machine Learning, GCP, Docker, Transformers, Git, Linux, Kafka, Python

PROFESSIONAL EXPERIENCE
Software Engineering Intern | Oracle (Summer 2024)
- Developed automated test suites and backend features with FastAPI.
- Collaborated in daily standups and contributed to production pull requests.

EDUCATION
Ph.D. in Computer Science, MIT (Graduated 2025)
","FastAPI, PyTorch, Machine Learning, GCP, Docker, Transformers, Git, Linux, Kafka, Python"
RES-0359,Alex Smith,alex.smith29@synthetic-talent.org,+1 (555) 165-2374,Machine Learning Engineer,5,Mid-Level,Bachelor,B.Tech in Computer Science and Engineering,Georgia Tech,"Large Language Models, Kubernetes, Transformers, Git, Code Review, Python, CI/CD","Alex Smith
alex.smith29@synthetic-talent.org | +1 (555) 165-2374 | Location: New York, NY

PROFESSIONAL SUMMARY
Results-driven Machine Learning Engineer with 5 years of industry experience specializing in Large Language Models, Kubernetes, Transformers, Git. Proven background building scalable solutions, collaborating across agile teams, and driving measurable engineering impact.

TECHNICAL SKILLS
Large Language Models, Kubernetes, Transformers, Git, Code Review, Python, CI/CD

PROFESSIONAL EXPERIENCE
Senior Machine Learning Engineer | Cloudflare (2021 - Present)
- Designed and deployed enterprise-grade systems utilizing Large Language Models and Kubernetes, improving throughput by 42%.
- Collaborated with engineering stakeholders to optimize data pipelines and system reliability using Transformers.
- Reduced system downtime and latency by 15% through proactive monitoring and automated CI/CD workflows.

Machine Learning Engineer | Meta (2020 - 2021)
- Designed and deployed enterprise-grade systems utilizing Large Language Models and Kubernetes, improving throughput by 15%.
- Collaborated with engineering stakeholders to optimize data pipelines and system reliability using Transformers.
- Reduced system downtime and latency by 18% through proactive monitoring and automated CI/CD workflows.

EDUCATION
B.Tech in Computer Science and Engineering, Georgia Tech (Graduated 2020)
","Large Language Models, Kubernetes, Transformers, Git, Code Review, Python, CI/CD"
RES-0360,Michael Garcia,michael.garcia94@synthetic-talent.org,+1 (555) 483-9395,Data Scientist,1,Junior,Master,M.S. in Computer Science,IIT Bombay,"PyTorch, Deep Learning, REST APIs, Docker, NLP, SQL, Agile, Pandas","Michael Garcia
michael.garcia94@synthetic-talent.org | +1 (555) 483-9395 | Location: New York, NY

PROFESSIONAL SUMMARY
Results-driven Data Scientist with 1 years of industry experience specializing in PyTorch, Deep Learning, REST APIs, Docker. Proven background building scalable solutions, collaborating across agile teams, and driving measurable engineering impact.

TECHNICAL SKILLS
PyTorch, Deep Learning, REST APIs, Docker, NLP, SQL, Agile, Pandas

PROFESSIONAL EXPERIENCE
Data Scientist | Palo Alto Networks (2024 - Present)
- Designed and deployed enterprise-grade systems utilizing PyTorch and Deep Learning, improving throughput by 17%.
- Collaborated with engineering stakeholders to optimize data pipelines and system reliability using REST APIs.
- Reduced system downtime and latency by 21% through proactive monitoring and automated CI/CD workflows.

EDUCATION
M.S. in Computer Science, IIT Bombay (Graduated 2024)
","PyTorch, Deep Learning, REST APIs, Docker, NLP, SQL, Agile, Pandas"
RES-0361,Zoe Anderson,zoe.anderson23@synthetic-talent.org,+1 (555) 383-1716,Cybersecurity Engineer,6,Mid-Level,Bachelor,B.S. in Electrical and Computer Engineering,BITS Pilani,"Terraform, Go, Kubernetes, REST APIs, Jira, Docker, PostgreSQL, Linux","Zoe Anderson
zoe.anderson23@synthetic-talent.org | +1 (555) 383-1716 | Location: New York, NY

PROFESSIONAL SUMMARY
Results-driven Cybersecurity Engineer with 6 years of industry experience specializing in Terraform, Go, Kubernetes, REST APIs. Proven background building scalable solutions, collaborating across agile teams, and driving measurable engineering impact.

TECHNICAL SKILLS
Terraform, Go, Kubernetes, REST APIs, Jira, Docker, PostgreSQL, Linux

PROFESSIONAL EXPERIENCE
Senior Cybersecurity Engineer | Pinterest (2021 - Present)
- Designed and deployed enterprise-grade systems utilizing Terraform and Go, improving throughput by 15%.
- Collaborated with engineering stakeholders to optimize data pipelines and system reliability using Kubernetes.
- Reduced system downtime and latency by 24% through proactive monitoring and automated CI/CD workflows.

Senior Cybersecurity Engineer | Microsoft (2019 - 2021)
- Designed and deployed enterprise-grade systems utilizing Terraform and Go, improving throughput by 19%.
- Collaborated with engineering stakeholders to optimize data pipelines and system reliability using Kubernetes.
- Reduced system downtime and latency by 29% through proactive monitoring and automated CI/CD workflows.

EDUCATION
B.S. in Electrical and Computer Engineering, BITS Pilani (Graduated 2019)
","Terraform, Go, Kubernetes, REST APIs, Jira, Docker, PostgreSQL, Linux"
RES-0362,Alex Sharma,alex.sharma90@synthetic-talent.org,+1 (555) 295-3901,Frontend Engineer,8,Senior,Master,M.S. in Machine Learning and Data Science,Cornell University,"Node.js, TypeScript, GraphQL, Jira, Docker, Next.js, React, Agile, CI/CD","Alex Sharma
alex.sharma90@synthetic-talent.org | +1 (555) 295-3901 | Location: New York, NY

PROFESSIONAL SUMMARY
Results-driven Frontend Engineer with 8 years of industry experience specializing in Node.js, TypeScript, GraphQL, Jira. Proven background building scalable solutions, collaborating across agile teams, and driving measurable engineering impact.

TECHNICAL SKILLS
Node.js, TypeScript, GraphQL, Jira, Docker, Next.js, React, Agile, CI/CD

PROFESSIONAL EXPERIENCE
Senior Frontend Engineer | Meta (2021 - Present)
- Designed and deployed enterprise-grade systems utilizing Node.js and TypeScript, improving throughput by 27%.
- Collaborated with engineering stakeholders to optimize data pipelines and system reliability using GraphQL.
- Reduced system downtime and latency by 17% through proactive monitoring and automated CI/CD workflows.

Senior Frontend Engineer | Instacart (2018 - 2021)
- Designed and deployed enterprise-grade systems utilizing Node.js and TypeScript, improving throughput by 24%.
- Collaborated with engineering stakeholders to optimize data pipelines and system reliability using GraphQL.
- Reduced system downtime and latency by 21% through proactive monitoring and automated CI/CD workflows.

Senior Frontend Engineer | Google (2017 - 2018)
- Designed and deployed enterprise-grade systems utilizing Node.js and TypeScript, improving throughput by 43%.
- Collaborated with engineering stakeholders to optimize data pipelines and system reliability using GraphQL.
- Reduced system downtime and latency by 10% through proactive monitoring and automated CI/CD workflows.

EDUCATION
M.S. in Machine Learning and Data Science, Cornell University (Graduated 2017)
","Node.js, TypeScript, GraphQL, Jira, Docker, Next.js, React, Agile, CI/CD"
RES-0363,Priya Anderson,priya.anderson68@synthetic-talent.org,+1 (555) 779-7710,Full Stack Engineer,2,Mid-Level,Master,M.S. in Computer Science,Sharda University,"FastAPI, Node.js, AWS, TypeScript, GraphQL, Git, PostgreSQL, React, Agile, Redis, Python, CI/CD","Priya Anderson
priya.anderson68@synthetic-talent.org | +1 (555) 779-7710 | Location: New York, NY

PROFESSIONAL SUMMARY
Results-driven Full Stack Engineer with 2 years of industry experience specializing in FastAPI, Node.js, AWS, TypeScript. Proven background building scalable solutions, collaborating across agile teams, and driving measurable engineering impact.

TECHNICAL SKILLS
FastAPI, Node.js, AWS, TypeScript, GraphQL, Git, PostgreSQL, React, Agile, Redis, Python, CI/CD

PROFESSIONAL EXPERIENCE
Full Stack Engineer | Square / Block (2023 - Present)
- Designed and deployed enterprise-grade systems utilizing FastAPI and Node.js, improving throughput by 42%.
- Collaborated with engineering stakeholders to optimize data pipelines and system reliability using AWS.
- Reduced system downtime and latency by 14% through proactive monitoring and automated CI/CD workflows.

EDUCATION
M.S. in Computer Science, Sharda University (Graduated 2023)
","FastAPI, Node.js, AWS, TypeScript, GraphQL, Git, PostgreSQL, React, Agile, Redis, Python, CI/CD"
RES-0364,Liam Smith,liam.smith10@synthetic-talent.org,+1 (555) 384-2017,Cybersecurity Engineer,5,Mid-Level,Bachelor,B.S. in Computer Science,Cornell University,"AWS, Terraform, Go, Kubernetes, PostgreSQL, Linux, Agile, CI/CD","Liam Smith
liam.smith10@synthetic-talent.org | +1 (555) 384-2017 | Location: New York, NY

PROFESSIONAL SUMMARY
Results-driven Cybersecurity Engineer with 5 years of industry experience specializing in AWS, Terraform, Go, Kubernetes. Proven background building scalable solutions, collaborating across agile teams, and driving measurable engineering impact.

TECHNICAL SKILLS
AWS, Terraform, Go, Kubernetes, PostgreSQL, Linux, Agile, CI/CD

PROFESSIONAL EXPERIENCE
Senior Cybersecurity Engineer | Coinbase (2021 - Present)
- Designed and deployed enterprise-grade systems utilizing AWS and Terraform, improving throughput by 29%.
- Collaborated with engineering stakeholders to optimize data pipelines and system reliability using Go.
- Reduced system downtime and latency by 23% through proactive monitoring and automated CI/CD workflows.

Cybersecurity Engineer | ServiceNow (2020 - 2021)
- Designed and deployed enterprise-grade systems utilizing AWS and Terraform, improving throughput by 24%.
- Collaborated with engineering stakeholders to optimize data pipelines and system reliability using Go.
- Reduced system downtime and latency by 26% through proactive monitoring and automated CI/CD workflows.

EDUCATION
B.S. in Computer Science, Cornell University (Graduated 2020)
","AWS, Terraform, Go, Kubernetes, PostgreSQL, Linux, Agile, CI/CD"
RES-0365,Carlos Taylor,carlos.taylor14@synthetic-talent.org,+1 (555) 653-8772,Full Stack Engineer,7,Senior,Doctorate,Ph.D. in Computer Science,Sharda University,"TypeScript, REST APIs, PostgreSQL, React, Agile, CI/CD","Carlos Taylor
carlos.taylor14@synthetic-talent.org | +1 (555) 653-8772 | Location: New York, NY

PROFESSIONAL SUMMARY
Results-driven Full Stack Engineer with 7 years of industry experience specializing in TypeScript, REST APIs, PostgreSQL, React. Proven background building scalable solutions, collaborating across agile teams, and driving measurable engineering impact.

TECHNICAL SKILLS
TypeScript, REST APIs, PostgreSQL, React, Agile, CI/CD

PROFESSIONAL EXPERIENCE
Senior Full Stack Engineer | Microsoft (2022 - Present)
- Designed and deployed enterprise-grade systems utilizing TypeScript and REST APIs, improving throughput by 27%.
- Collaborated with engineering stakeholders to optimize data pipelines and system reliability using PostgreSQL.
- Reduced system downtime and latency by 25% through proactive monitoring and automated CI/CD workflows.

Senior Full Stack Engineer | Twilio (2018 - 2022)
- Designed and deployed enterprise-grade systems utilizing TypeScript and REST APIs, improving throughput by 15%.
- Collaborated with engineering stakeholders to optimize data pipelines and system reliability using PostgreSQL.
- Reduced system downtime and latency by 23% through proactive monitoring and automated CI/CD workflows.

EDUCATION
Ph.D. in Computer Science, Sharda University (Graduated 2018)
","TypeScript, REST APIs, PostgreSQL, React, Agile, CI/CD"
RES-0366,Arjun Taylor,arjun.taylor11@synthetic-talent.org,+1 (555) 576-6337,Frontend Engineer,5,Mid-Level,Bachelor,B.S. in Computer Science,Sharda University,"Node.js, TypeScript, GraphQL, JavaScript, Docker, HTML/CSS, Next.js, Git, React, CI/CD, Unit Testing","Arjun Taylor
arjun.taylor11@synthetic-talent.org | +1 (555) 576-6337 | Location: New York, NY

PROFESSIONAL SUMMARY
Results-driven Frontend Engineer with 5 years of industry experience specializing in Node.js, TypeScript, GraphQL, JavaScript. Proven background building scalable solutions, collaborating across agile teams, and driving measurable engineering impact.

TECHNICAL SKILLS
Node.js, TypeScript, GraphQL, JavaScript, Docker, HTML/CSS, Next.js, Git, React, CI/CD, Unit Testing

PROFESSIONAL EXPERIENCE
Frontend Engineer | Meta (2022 - Present)
- Designed and deployed enterprise-grade systems utilizing Node.js and TypeScript, improving throughput by 30%.
- Collaborated with engineering stakeholders to optimize data pipelines and system reliability using GraphQL.
- Reduced system downtime and latency by 28% through proactive monitoring and automated CI/CD workflows.

Frontend Engineer | Intel (2020 - 2022)
- Designed and deployed enterprise-grade systems utilizing Node.js and TypeScript, improving throughput by 22%.
- Collaborated with engineering stakeholders to optimize data pipelines and system reliability using GraphQL.
- Reduced system downtime and latency by 26% through proactive monitoring and automated CI/CD workflows.

EDUCATION
B.S. in Computer Science, Sharda University (Graduated 2020)
","Node.js, TypeScript, GraphQL, JavaScript, Docker, HTML/CSS, Next.js, Git, React, CI/CD, Unit Testing"
RES-0367,Sofia Kim,sofia.kim31@synthetic-talent.org,+1 (555) 487-1201,Data Engineer,2,Mid-Level,Bachelor,B.Tech in Computer Science and Engineering,Sharda University,"GCP, Terraform, Docker, Git, PostgreSQL, SQL, Agile, Kafka, Python, Airflow","Sofia Kim
sofia.kim31@synthetic-talent.org | +1 (555) 487-1201 | Location: New York, NY

PROFESSIONAL SUMMARY
Results-driven Data Engineer with 2 years of industry experience specializing in GCP, Terraform, Docker, Git. Proven background building scalable solutions, collaborating across agile teams, and driving measurable engineering impact.

TECHNICAL SKILLS
GCP, Terraform, Docker, Git, PostgreSQL, SQL, Agile, Kafka, Python, Airflow

PROFESSIONAL EXPERIENCE
Data Engineer | Cloudflare (2023 - Present)
- Designed and deployed enterprise-grade systems utilizing GCP and Terraform, improving throughput by 34%.
- Collaborated with engineering stakeholders to optimize data pipelines and system reliability using Docker.
- Reduced system downtime and latency by 14% through proactive monitoring and automated CI/CD workflows.

EDUCATION
B.Tech in Computer Science and Engineering, Sharda University (Graduated 2023)
","GCP, Terraform, Docker, Git, PostgreSQL, SQL, Agile, Kafka, Python, Airflow"
RES-0368,Vikram Taylor,vikram.taylor65@synthetic-talent.org,+1 (555) 157-9778,Data Engineer,5,Senior,Master,M.S. in Computer Science,Sharda University,"AWS, GCP, Terraform, Docker, PostgreSQL, SQL, Code Review, Kafka, Unit Testing, Snowflake","Vikram Taylor
vikram.taylor65@synthetic-talent.org | +1 (555) 157-9778 | Location: New York, NY

PROFESSIONAL SUMMARY
Results-driven Data Engineer with 5 years of industry experience specializing in AWS, GCP, Terraform, Docker. Proven background building scalable solutions, collaborating across agile teams, and driving measurable engineering impact.

TECHNICAL SKILLS
AWS, GCP, Terraform, Docker, PostgreSQL, SQL, Code Review, Kafka, Unit Testing, Snowflake

PROFESSIONAL EXPERIENCE
Data Engineer | Workday (2023 - Present)
- Designed and deployed enterprise-grade systems utilizing AWS and GCP, improving throughput by 34%.
- Collaborated with engineering stakeholders to optimize data pipelines and system reliability using Terraform.
- Reduced system downtime and latency by 30% through proactive monitoring and automated CI/CD workflows.

Data Engineer | Pinterest (2020 - 2023)
- Designed and deployed enterprise-grade systems utilizing AWS and GCP, improving throughput by 34%.
- Collaborated with engineering stakeholders to optimize data pipelines and system reliability using Terraform.
- Reduced system downtime and latency by 15% through proactive monitoring and automated CI/CD workflows.

EDUCATION
M.S. in Computer Science, Sharda University (Graduated 2020)
","AWS, GCP, Terraform, Docker, PostgreSQL, SQL, Code Review, Kafka, Unit Testing, Snowflake"
RES-0369,Chen Smith,chen.smith52@synthetic-talent.org,+1 (555) 686-5238,Cybersecurity Engineer,6,Mid-Level,Bachelor,B.S. in Computer Science,MIT,"AWS, Terraform, Go, Kubernetes, Docker, Git, PostgreSQL, Linux, Python","Chen Smith
chen.smith52@synthetic-talent.org | +1 (555) 686-5238 | Location: New York, NY

PROFESSIONAL SUMMARY
Results-driven Cybersecurity Engineer with 6 years of industry experience specializing in AWS, Terraform, Go, Kubernetes. Proven background building scalable solutions, collaborating across agile teams, and driving measurable engineering impact.

TECHNICAL SKILLS
AWS, Terraform, Go, Kubernetes, Docker, Git, PostgreSQL, Linux, Python

PROFESSIONAL EXPERIENCE
Senior Cybersecurity Engineer | Airbnb (2021 - Present)
- Designed and deployed enterprise-grade systems utilizing AWS and Terraform, improving throughput by 34%.
- Collaborated with engineering stakeholders to optimize data pipelines and system reliability using Go.
- Reduced system downtime and latency by 16% through proactive monitoring and automated CI/CD workflows.

Senior Cybersecurity Engineer | Reddit (2019 - 2021)
- Designed and deployed enterprise-grade systems utilizing AWS and Terraform, improving throughput by 40%.
- Collaborated with engineering stakeholders to optimize data pipelines and system reliability using Go.
- Reduced system downtime and latency by 21% through proactive monitoring and automated CI/CD workflows.

EDUCATION
B.S. in Computer Science, MIT (Graduated 2019)
","AWS, Terraform, Go, Kubernetes, Docker, Git, PostgreSQL, Linux, Python"
RES-0370,Aisha Jones,aisha.jones74@synthetic-talent.org,+1 (555) 824-4145,Backend Engineer,0,Junior,Bachelor,B.S. in Computer Science,IIT Bombay,"FastAPI, AWS, Java, REST APIs, Docker, PostgreSQL, Linux, Kafka","Aisha Jones
aisha.jones74@synthetic-talent.org | +1 (555) 824-4145 | Location: New York, NY

PROFESSIONAL SUMMARY
Results-driven Backend Engineer with 0 years of industry experience specializing in FastAPI, AWS, Java, REST APIs. Proven background building scalable solutions, collaborating across agile teams, and driving measurable engineering impact.

TECHNICAL SKILLS
FastAPI, AWS, Java, REST APIs, Docker, PostgreSQL, Linux, Kafka

PROFESSIONAL EXPERIENCE
Software Engineering Intern | CrowdStrike (Summer 2024)
- Developed automated test suites and backend features with FastAPI.
- Collaborated in daily standups and contributed to production pull requests.

EDUCATION
B.S. in Computer Science, IIT Bombay (Graduated 2025)
","FastAPI, AWS, Java, REST APIs, Docker, PostgreSQL, Linux, Kafka"
RES-0371,Chen Tanaka,chen.tanaka87@synthetic-talent.org,+1 (555) 151-6771,Cloud & DevOps Engineer,6,Senior,Bachelor,B.S. in Electrical and Computer Engineering,University of Illinois Urbana-Champaign,"AWS, Terraform, Go, Kubernetes, Prometheus, Git, Linux, Agile","Chen Tanaka
chen.tanaka87@synthetic-talent.org | +1 (555) 151-6771 | Location: New York, NY

PROFESSIONAL SUMMARY
Results-driven Cloud & DevOps Engineer with 6 years of industry experience specializing in AWS, Terraform, Go, Kubernetes. Proven background building scalable solutions, collaborating across agile teams, and driving measurable engineering impact.

TECHNICAL SKILLS
AWS, Terraform, Go, Kubernetes, Prometheus, Git, Linux, Agile

PROFESSIONAL EXPERIENCE
Senior Cloud & DevOps Engineer | Shopify (2023 - Present)
- Designed and deployed enterprise-grade systems utilizing AWS and Terraform, improving throughput by 33%.
- Collaborated with engineering stakeholders to optimize data pipelines and system reliability using Go.
- Reduced system downtime and latency by 10% through proactive monitoring and automated CI/CD workflows.

Senior Cloud & DevOps Engineer | Lyft (2019 - 2023)
- Designed and deployed enterprise-grade systems utilizing AWS and Terraform, improving throughput by 27%.
- Collaborated with engineering stakeholders to optimize data pipelines and system reliability using Go.
- Reduced system downtime and latency by 22% through proactive monitoring and automated CI/CD workflows.

EDUCATION
B.S. in Electrical and Computer Engineering, University of Illinois Urbana-Champaign (Graduated 2019)
","AWS, Terraform, Go, Kubernetes, Prometheus, Git, Linux, Agile"
RES-0372,Liam Davis,liam.davis97@synthetic-talent.org,+1 (555) 508-5664,Full Stack Engineer,7,Senior,Bachelor,B.S. in Electrical and Computer Engineering,Sharda University,"Node.js, TypeScript, GraphQL, Docker, Git, PostgreSQL, React, Agile, Redis, CI/CD","Liam Davis
liam.davis97@synthetic-talent.org | +1 (555) 508-5664 | Location: New York, NY

PROFESSIONAL SUMMARY
Results-driven Full Stack Engineer with 7 years of industry experience specializing in Node.js, TypeScript, GraphQL, Docker. Proven background building scalable solutions, collaborating across agile teams, and driving measurable engineering impact.

TECHNICAL SKILLS
Node.js, TypeScript, GraphQL, Docker, Git, PostgreSQL, React, Agile, Redis, CI/CD

PROFESSIONAL EXPERIENCE
Senior Full Stack Engineer | Snowflake (2022 - Present)
- Designed and deployed enterprise-grade systems utilizing Node.js and TypeScript, improving throughput by 34%.
- Collaborated with engineering stakeholders to optimize data pipelines and system reliability using GraphQL.
- Reduced system downtime and latency by 15% through proactive monitoring and automated CI/CD workflows.

Senior Full Stack Engineer | Splunk (2020 - 2022)
- Designed and deployed enterprise-grade systems utilizing Node.js and TypeScript, improving throughput by 43%.
- Collaborated with engineering stakeholders to optimize data pipelines and system reliability using GraphQL.
- Reduced system downtime and latency by 19% through proactive monitoring and automated CI/CD workflows.

Senior Full Stack Engineer | Salesforce (2018 - 2020)
- Designed and deployed enterprise-grade systems utilizing Node.js and TypeScript, improving throughput by 19%.
- Collaborated with engineering stakeholders to optimize data pipelines and system reliability using GraphQL.
- Reduced system downtime and latency by 14% through proactive monitoring and automated CI/CD workflows.

EDUCATION
B.S. in Electrical and Computer Engineering, Sharda University (Graduated 2018)
","Node.js, TypeScript, GraphQL, Docker, Git, PostgreSQL, React, Agile, Redis, CI/CD"
RES-0373,Sofia Smith,sofia.smith78@synthetic-talent.org,+1 (555) 410-6230,Cloud & DevOps Engineer,5,Mid-Level,Doctorate,Ph.D. in Computer Science,MIT,"Azure, Terraform, GCP, Go, Kubernetes, Docker, Prometheus, Git, Linux, Code Review, Python","Sofia Smith
sofia.smith78@synthetic-talent.org | +1 (555) 410-6230 | Location: New York, NY

PROFESSIONAL SUMMARY
Results-driven Cloud & DevOps Engineer with 5 years of industry experience specializing in Azure, Terraform, GCP, Go. Proven background building scalable solutions, collaborating across agile teams, and driving measurable engineering impact.

TECHNICAL SKILLS
Azure, Terraform, GCP, Go, Kubernetes, Docker, Prometheus, Git, Linux, Code Review, Python

PROFESSIONAL EXPERIENCE
Cloud & DevOps Engineer | Amazon (2022 - Present)
- Designed and deployed enterprise-grade systems utilizing Azure and Terraform, improving throughput by 40%.
- Collaborated with engineering stakeholders to optimize data pipelines and system reliability using GCP.
- Reduced system downtime and latency by 18% through proactive monitoring and automated CI/CD workflows.

Cloud & DevOps Engineer | Apple (2020 - 2022)
- Designed and deployed enterprise-grade systems utilizing Azure and Terraform, improving throughput by 17%.
- Collaborated with engineering stakeholders to optimize data pipelines and system reliability using GCP.
- Reduced system downtime and latency by 13% through proactive monitoring and automated CI/CD workflows.

EDUCATION
Ph.D. in Computer Science, MIT (Graduated 2020)
","Azure, Terraform, GCP, Go, Kubernetes, Docker, Prometheus, Git, Linux, Code Review, Python"
RES-0374,Mateo Garcia,mateo.garcia32@synthetic-talent.org,+1 (555) 339-6614,Backend Engineer,4,Mid-Level,Bachelor,B.S. in Computer Science,UT Austin,"FastAPI, System Design, Java, Go, REST APIs, PostgreSQL, Kafka, Python, Unit Testing","Mateo Garcia
mateo.garcia32@synthetic-talent.org | +1 (555) 339-6614 | Location: New York, NY

PROFESSIONAL SUMMARY
Results-driven Backend Engineer with 4 years of industry experience specializing in FastAPI, System Design, Java, Go. Proven background building scalable solutions, collaborating across agile teams, and driving measurable engineering impact.

TECHNICAL SKILLS
FastAPI, System Design, Java, Go, REST APIs, PostgreSQL, Kafka, Python, Unit Testing

PROFESSIONAL EXPERIENCE
Senior Backend Engineer | Netflix (2021 - Present)
- Designed and deployed enterprise-grade systems utilizing FastAPI and System Design, improving throughput by 17%.
- Collaborated with engineering stakeholders to optimize data pipelines and system reliability using Java.
- Reduced system downtime and latency by 22% through proactive monitoring and automated CI/CD workflows.

EDUCATION
B.S. in Computer Science, UT Austin (Graduated 2021)
","FastAPI, System Design, Java, Go, REST APIs, PostgreSQL, Kafka, Python, Unit Testing"
RES-0375,Sarah Chen,sarah.chen50@synthetic-talent.org,+1 (555) 538-5031,Machine Learning Engineer,9,Senior,Doctorate,Ph.D. in Computer Science,MIT,"FastAPI, AWS, GCP, Large Language Models, REST APIs, Docker, Transformers, Code Review, Kafka, Python","Sarah Chen
sarah.chen50@synthetic-talent.org | +1 (555) 538-5031 | Location: New York, NY

PROFESSIONAL SUMMARY
Results-driven Machine Learning Engineer with 9 years of industry experience specializing in FastAPI, AWS, GCP, Large Language Models. Proven background building scalable solutions, collaborating across agile teams, and driving measurable engineering impact.

TECHNICAL SKILLS
FastAPI, AWS, GCP, Large Language Models, REST APIs, Docker, Transformers, Code Review, Kafka, Python

PROFESSIONAL EXPERIENCE
Senior Machine Learning Engineer | Atlassian (2021 - Present)
- Designed and deployed enterprise-grade systems utilizing FastAPI and AWS, improving throughput by 21%.
- Collaborated with engineering stakeholders to optimize data pipelines and system reliability using GCP.
- Reduced system downtime and latency by 21% through proactive monitoring and automated CI/CD workflows.

Senior Machine Learning Engineer | Shopify (2017 - 2021)
- Designed and deployed enterprise-grade systems utilizing FastAPI and AWS, improving throughput by 38%.
- Collaborated with engineering stakeholders to optimize data pipelines and system reliability using GCP.
- Reduced system downtime and latency by 16% through proactive monitoring and automated CI/CD workflows.

Senior Machine Learning Engineer | Twilio (2016 - 2017)
- Designed and deployed enterprise-grade systems utilizing FastAPI and AWS, improving throughput by 20%.
- Collaborated with engineering stakeholders to optimize data pipelines and system reliability using GCP.
- Reduced system downtime and latency by 23% through proactive monitoring and automated CI/CD workflows.

EDUCATION
Ph.D. in Computer Science, MIT (Graduated 2016)
","FastAPI, AWS, GCP, Large Language Models, REST APIs, Docker, Transformers, Code Review, Kafka, Python"
RES-0376,Kavita Miller,kavita.miller36@synthetic-talent.org,+1 (555) 812-2436,Frontend Engineer,8,Lead/Staff,Bachelor,B.S. in Electrical and Computer Engineering,BITS Pilani,"TypeScript, JavaScript, Jira, HTML/CSS, Next.js, React, Agile, CI/CD","Kavita Miller
kavita.miller36@synthetic-talent.org | +1 (555) 812-2436 | Location: New York, NY

PROFESSIONAL SUMMARY
Results-driven Frontend Engineer with 8 years of industry experience specializing in TypeScript, JavaScript, Jira, HTML/CSS. Proven background building scalable solutions, collaborating across agile teams, and driving measurable engineering impact.

TECHNICAL SKILLS
TypeScript, JavaScript, Jira, HTML/CSS, Next.js, React, Agile, CI/CD

PROFESSIONAL EXPERIENCE
Senior Frontend Engineer | Stripe (2021 - Present)
- Designed and deployed enterprise-grade systems utilizing TypeScript and JavaScript, improving throughput by 18%.
- Collaborated with engineering stakeholders to optimize data pipelines and system reliability using Jira.
- Reduced system downtime and latency by 27% through proactive monitoring and automated CI/CD workflows.

Senior Frontend Engineer | Salesforce (2019 - 2021)
- Designed and deployed enterprise-grade systems utilizing TypeScript and JavaScript, improving throughput by 27%.
- Collaborated with engineering stakeholders to optimize data pipelines and system reliability using Jira.
- Reduced system downtime and latency by 18% through proactive monitoring and automated CI/CD workflows.

Senior Frontend Engineer | Netflix (2017 - 2019)
- Designed and deployed enterprise-grade systems utilizing TypeScript and JavaScript, improving throughput by 33%.
- Collaborated with engineering stakeholders to optimize data pipelines and system reliability using Jira.
- Reduced system downtime and latency by 21% through proactive monitoring and automated CI/CD workflows.

EDUCATION
B.S. in Electrical and Computer Engineering, BITS Pilani (Graduated 2017)
","TypeScript, JavaScript, Jira, HTML/CSS, Next.js, React, Agile, CI/CD"
RES-0377,Elena Gupta,elena.gupta57@synthetic-talent.org,+1 (555) 516-5250,Frontend Engineer,6,Senior,Master,M.S. in Machine Learning and Data Science,MIT,"TypeScript, REST APIs, React, Linux, CI/CD","Elena Gupta
elena.gupta57@synthetic-talent.org | +1 (555) 516-5250 | Location: New York, NY

PROFESSIONAL SUMMARY
Results-driven Frontend Engineer with 6 years of industry experience specializing in TypeScript, REST APIs, React, Linux. Proven background building scalable solutions, collaborating across agile teams, and driving measurable engineering impact.

TECHNICAL SKILLS
TypeScript, REST APIs, React, Linux, CI/CD

PROFESSIONAL EXPERIENCE
Senior Frontend Engineer | Airbnb (2022 - Present)
- Designed and deployed enterprise-grade systems utilizing TypeScript and REST APIs, improving throughput by 31%.
- Collaborated with engineering stakeholders to optimize data pipelines and system reliability using React.
- Reduced system downtime and latency by 11% through proactive monitoring and automated CI/CD workflows.

Senior Frontend Engineer | Pinterest (2019 - 2022)
- Designed and deployed enterprise-grade systems utilizing TypeScript and REST APIs, improving throughput by 26%.
- Collaborated with engineering stakeholders to optimize data pipelines and system reliability using React.
- Reduced system downtime and latency by 13% through proactive monitoring and automated CI/CD workflows.

EDUCATION
M.S. in Machine Learning and Data Science, MIT (Graduated 2019)
","TypeScript, REST APIs, React, Linux, CI/CD"
RES-0378,Zoe Taylor,zoe.taylor79@synthetic-talent.org,+1 (555) 439-9187,Backend Engineer,4,Mid-Level,Doctorate,Ph.D. in Computer Science,IIT Bombay,"AWS, FastAPI, System Design, Node.js, Java, Kubernetes, Docker, Agile, Kafka, Python, Unit Testing","Zoe Taylor
zoe.taylor79@synthetic-talent.org | +1 (555) 439-9187 | Location: New York, NY

PROFESSIONAL SUMMARY
Results-driven Backend Engineer with 4 years of industry experience specializing in AWS, FastAPI, System Design, Node.js. Proven background building scalable solutions, collaborating across agile teams, and driving measurable engineering impact.

TECHNICAL SKILLS
AWS, FastAPI, System Design, Node.js, Java, Kubernetes, Docker, Agile, Kafka, Python, Unit Testing

PROFESSIONAL EXPERIENCE
Senior Backend Engineer | Databricks (2021 - Present)
- Designed and deployed enterprise-grade systems utilizing AWS and FastAPI, improving throughput by 42%.
- Collaborated with engineering stakeholders to optimize data pipelines and system reliability using System Design.
- Reduced system downtime and latency by 10% through proactive monitoring and automated CI/CD workflows.

EDUCATION
Ph.D. in Computer Science, IIT Bombay (Graduated 2021)
","AWS, FastAPI, System Design, Node.js, Java, Kubernetes, Docker, Agile, Kafka, Python, Unit Testing"
RES-0379,Alex Rodriguez,alex.rodriguez39@synthetic-talent.org,+1 (555) 625-1631,Data Scientist,8,Senior,Bachelor,B.Tech in Computer Science and Engineering,Delhi Technological University,"AWS, Machine Learning, Deep Learning, Git, Linux, SQL, Python, Scikit-Learn","Alex Rodriguez
alex.rodriguez39@synthetic-talent.org | +1 (555) 625-1631 | Location: New York, NY

PROFESSIONAL SUMMARY
Results-driven Data Scientist with 8 years of industry experience specializing in AWS, Machine Learning, Deep Learning, Git. Proven background building scalable solutions, collaborating across agile teams, and driving measurable engineering impact.

TECHNICAL SKILLS
AWS, Machine Learning, Deep Learning, Git, Linux, SQL, Python, Scikit-Learn

PROFESSIONAL EXPERIENCE
Senior Data Scientist | Uber (2023 - Present)
- Designed and deployed enterprise-grade systems utilizing AWS and Machine Learning, improving throughput by 37%.
- Collaborated with engineering stakeholders to optimize data pipelines and system reliability using Deep Learning.
- Reduced system downtime and latency by 15% through proactive monitoring and automated CI/CD workflows.

Senior Data Scientist | Meta (2021 - 2023)
- Designed and deployed enterprise-grade systems utilizing AWS and Machine Learning, improving throughput by 15%.
- Collaborated with engineering stakeholders to optimize data pipelines and system reliability using Deep Learning.
- Reduced system downtime and latency by 10% through proactive monitoring and automated CI/CD workflows.

Senior Data Scientist | Reddit (2018 - 2021)
- Designed and deployed enterprise-grade systems utilizing AWS and Machine Learning, improving throughput by 38%.
- Collaborated with engineering stakeholders to optimize data pipelines and system reliability using Deep Learning.
- Reduced system downtime and latency by 23% through proactive monitoring and automated CI/CD workflows.

Senior Data Scientist | Wayfair (2017 - 2018)
- Designed and deployed enterprise-grade systems utilizing AWS and Machine Learning, improving throughput by 35%.
- Collaborated with engineering stakeholders to optimize data pipelines and system reliability using Deep Learning.
- Reduced system downtime and latency by 25% through proactive monitoring and automated CI/CD workflows.

EDUCATION
B.Tech in Computer Science and Engineering, Delhi Technological University (Graduated 2017)
","AWS, Machine Learning, Deep Learning, Git, Linux, SQL, Python, Scikit-Learn"
RES-0380,James Taylor,james.taylor37@synthetic-talent.org,+1 (555) 553-9110,Cybersecurity Engineer,0,Junior,Master,M.S. in Computer Science,Sharda University,"AWS, Go, Docker, Linux, Agile, Python, CI/CD","James Taylor
james.taylor37@synthetic-talent.org | +1 (555) 553-9110 | Location: New York, NY

PROFESSIONAL SUMMARY
Results-driven Cybersecurity Engineer with 0 years of industry experience specializing in AWS, Go, Docker, Linux. Proven background building scalable solutions, collaborating across agile teams, and driving measurable engineering impact.

TECHNICAL SKILLS
AWS, Go, Docker, Linux, Agile, Python, CI/CD

PROFESSIONAL EXPERIENCE
Software Engineering Intern | HubSpot (Summer 2024)
- Developed automated test suites and backend features with AWS.
- Collaborated in daily standups and contributed to production pull requests.

EDUCATION
M.S. in Computer Science, Sharda University (Graduated 2025)
","AWS, Go, Docker, Linux, Agile, Python, CI/CD"
RES-0381,David Kim,david.kim42@synthetic-talent.org,+1 (555) 192-3379,Backend Engineer,7,Senior,Master,M.S. in Machine Learning and Data Science,BITS Pilani,"Java, Go, Kubernetes, Docker, Git, PostgreSQL, Linux, Redis, Kafka, Python","David Kim
david.kim42@synthetic-talent.org | +1 (555) 192-3379 | Location: New York, NY

PROFESSIONAL SUMMARY
Results-driven Backend Engineer with 7 years of industry experience specializing in Java, Go, Kubernetes, Docker. Proven background building scalable solutions, collaborating across agile teams, and driving measurable engineering impact.

TECHNICAL SKILLS
Java, Go, Kubernetes, Docker, Git, PostgreSQL, Linux, Redis, Kafka, Python

PROFESSIONAL EXPERIENCE
Senior Backend Engineer | Apple (2023 - Present)
- Designed and deployed enterprise-grade systems utilizing Java and Go, improving throughput by 34%.
- Collaborated with engineering stakeholders to optimize data pipelines and system reliability using Kubernetes.
- Reduced system downtime and latency by 24% through proactive monitoring and automated CI/CD workflows.

Senior Backend Engineer | Google (2021 - 2023)
- Designed and deployed enterprise-grade systems utilizing Java and Go, improving throughput by 30%.
- Collaborated with engineering stakeholders to optimize data pipelines and system reliability using Kubernetes.
- Reduced system downtime and latency by 16% through proactive monitoring and automated CI/CD workflows.

Senior Backend Engineer | Palantir (2018 - 2021)
- Designed and deployed enterprise-grade systems utilizing Java and Go, improving throughput by 15%.
- Collaborated with engineering stakeholders to optimize data pipelines and system reliability using Kubernetes.
- Reduced system downtime and latency by 13% through proactive monitoring and automated CI/CD workflows.

EDUCATION
M.S. in Machine Learning and Data Science, BITS Pilani (Graduated 2018)
","Java, Go, Kubernetes, Docker, Git, PostgreSQL, Linux, Redis, Kafka, Python"
RES-0382,Marcus Tanaka,marcus.tanaka56@synthetic-talent.org,+1 (555) 858-8833,Machine Learning Engineer,9,Senior,Bachelor,B.S. in Computer Science,University of Michigan,"FastAPI, Large Language Models, Kubernetes, REST APIs, Docker, Transformers, Git, Kafka","Marcus Tanaka
marcus.tanaka56@synthetic-talent.org | +1 (555) 858-8833 | Location: New York, NY

PROFESSIONAL SUMMARY
Results-driven Machine Learning Engineer with 9 years of industry experience specializing in FastAPI, Large Language Models, Kubernetes, REST APIs. Proven background building scalable solutions, collaborating across agile teams, and driving measurable engineering impact.

TECHNICAL SKILLS
FastAPI, Large Language Models, Kubernetes, REST APIs, Docker, Transformers, Git, Kafka

PROFESSIONAL EXPERIENCE
Senior Machine Learning Engineer | Zscaler (2021 - Present)
- Designed and deployed enterprise-grade systems utilizing FastAPI and Large Language Models, improving throughput by 42%.
- Collaborated with engineering stakeholders to optimize data pipelines and system reliability using Kubernetes.
- Reduced system downtime and latency by 28% through proactive monitoring and automated CI/CD workflows.

Senior Machine Learning Engineer | Intel (2019 - 2021)
- Designed and deployed enterprise-grade systems utilizing FastAPI and Large Language Models, improving throughput by 39%.
- Collaborated with engineering stakeholders to optimize data pipelines and system reliability using Kubernetes.
- Reduced system downtime and latency by 22% through proactive monitoring and automated CI/CD workflows.

Senior Machine Learning Engineer | Square / Block (2016 - 2019)
- Designed and deployed enterprise-grade systems utilizing FastAPI and Large Language Models, improving throughput by 28%.
- Collaborated with engineering stakeholders to optimize data pipelines and system reliability using Kubernetes.
- Reduced system downtime and latency by 14% through proactive monitoring and automated CI/CD workflows.

EDUCATION
B.S. in Computer Science, University of Michigan (Graduated 2016)
","FastAPI, Large Language Models, Kubernetes, REST APIs, Docker, Transformers, Git, Kafka"
RES-0383,Michael Rostova,michael.rostova61@synthetic-talent.org,+1 (555) 119-3754,Data Scientist,1,Junior,Master,M.S. in Computer Science,Stanford University,"PyTorch, Machine Learning, BigQuery, Jira, NLP, Linux, Scikit-Learn, Pandas","Michael Rostova
michael.rostova61@synthetic-talent.org | +1 (555) 119-3754 | Location: New York, NY

PROFESSIONAL SUMMARY
Results-driven Data Scientist with 1 years of industry experience specializing in PyTorch, Machine Learning, BigQuery, Jira. Proven background building scalable solutions, collaborating across agile teams, and driving measurable engineering impact.

TECHNICAL SKILLS
PyTorch, Machine Learning, BigQuery, Jira, NLP, Linux, Scikit-Learn, Pandas

PROFESSIONAL EXPERIENCE
Data Scientist | Wayfair (2024 - Present)
- Designed and deployed enterprise-grade systems utilizing PyTorch and Machine Learning, improving throughput by 22%.
- Collaborated with engineering stakeholders to optimize data pipelines and system reliability using BigQuery.
- Reduced system downtime and latency by 14% through proactive monitoring and automated CI/CD workflows.

EDUCATION
M.S. in Computer Science, Stanford University (Graduated 2024)
","PyTorch, Machine Learning, GCP, Jira, NLP, Linux, Scikit-Learn, Pandas"
RES-0384,Liam Chen,liam.chen49@synthetic-talent.org,+1 (555) 208-3837,Frontend Engineer,3,Mid-Level,Master,M.S. in Computer Science,UT Austin,"Node.js, TypeScript, GraphQL, JavaScript, Docker, HTML/CSS, Next.js, Jira, React, Code Review, CI/CD","Liam Chen
liam.chen49@synthetic-talent.org | +1 (555) 208-3837 | Location: New York, NY

PROFESSIONAL SUMMARY
Results-driven Frontend Engineer with 3 years of industry experience specializing in Node.js, TypeScript, GraphQL, JavaScript. Proven background building scalable solutions, collaborating across agile teams, and driving measurable engineering impact.

TECHNICAL SKILLS
Node.js, TypeScript, GraphQL, JavaScript, Docker, HTML/CSS, Next.js, Jira, React, Code Review, CI/CD

PROFESSIONAL EXPERIENCE
Frontend Engineer | Shopify (2023 - Present)
- Designed and deployed enterprise-grade systems utilizing Node.js and TypeScript, improving throughput by 34%.
- Collaborated with engineering stakeholders to optimize data pipelines and system reliability using GraphQL.
- Reduced system downtime and latency by 12% through proactive monitoring and automated CI/CD workflows.

Frontend Engineer | Uber (2022 - 2023)
- Designed and deployed enterprise-grade systems utilizing Node.js and TypeScript, improving throughput by 40%.
- Collaborated with engineering stakeholders to optimize data pipelines and system reliability using GraphQL.
- Reduced system downtime and latency by 10% through proactive monitoring and automated CI/CD workflows.

EDUCATION
M.S. in Computer Science, UT Austin (Graduated 2022)
","Node.js, TypeScript, GraphQL, JavaScript, Docker, HTML/CSS, Next.js, Jira, React, Code Review, CI/CD"
RES-0385,Elena Miller,elena.miller73@synthetic-talent.org,+1 (555) 882-4170,Frontend Engineer,5,Mid-Level,Doctorate,Ph.D. in Computer Science,University of Michigan,"Node.js, GraphQL, Docker, HTML/CSS, Next.js, Linux, Code Review, CI/CD","Elena Miller
elena.miller73@synthetic-talent.org | +1 (555) 882-4170 | Location: New York, NY

PROFESSIONAL SUMMARY
Results-driven Frontend Engineer with 5 years of industry experience specializing in Node.js, GraphQL, Docker, HTML/CSS. Proven background building scalable solutions, collaborating across agile teams, and driving measurable engineering impact.

TECHNICAL SKILLS
Node.js, GraphQL, Docker, HTML/CSS, Next.js, Linux, Code Review, CI/CD

PROFESSIONAL EXPERIENCE
Frontend Engineer | Splunk (2022 - Present)
- Designed and deployed enterprise-grade systems utilizing Node.js and GraphQL, improving throughput by 31%.
- Collaborated with engineering stakeholders to optimize data pipelines and system reliability using Docker.
- Reduced system downtime and latency by 27% through proactive monitoring and automated CI/CD workflows.

Frontend Engineer | Databricks (2020 - 2022)
- Designed and deployed enterprise-grade systems utilizing Node.js and GraphQL, improving throughput by 37%.
- Collaborated with engineering stakeholders to optimize data pipelines and system reliability using Docker.
- Reduced system downtime and latency by 21% through proactive monitoring and automated CI/CD workflows.

EDUCATION
Ph.D. in Computer Science, University of Michigan (Graduated 2020)
","Node.js, GraphQL, Docker, HTML/CSS, Next.js, Linux, Code Review, CI/CD"
RES-0386,Liam Smith,liam.smith79@synthetic-talent.org,+1 (555) 291-3792,Machine Learning Engineer,6,Senior,Bachelor,B.Tech in Computer Science and Engineering,Georgia Tech,"PyTorch, FastAPI, Machine Learning, GCP, AWS, Large Language Models, REST APIs, Jira, Transformers, Kafka, Python, CI/CD","Liam Smith
liam.smith79@synthetic-talent.org | +1 (555) 291-3792 | Location: New York, NY

PROFESSIONAL SUMMARY
Results-driven Machine Learning Engineer with 6 years of industry experience specializing in PyTorch, FastAPI, Machine Learning, GCP. Proven background building scalable solutions, collaborating across agile teams, and driving measurable engineering impact.

TECHNICAL SKILLS
PyTorch, FastAPI, Machine Learning, GCP, AWS, Large Language Models, REST APIs, Jira, Transformers, Kafka, Python, CI/CD

PROFESSIONAL EXPERIENCE
Senior Machine Learning Engineer | Pinterest (2022 - Present)
- Designed and deployed enterprise-grade systems utilizing PyTorch and FastAPI, improving throughput by 43%.
- Collaborated with engineering stakeholders to optimize data pipelines and system reliability using Machine Learning.
- Reduced system downtime and latency by 10% through proactive monitoring and automated CI/CD workflows.

Senior Machine Learning Engineer | Snowflake (2019 - 2022)
- Designed and deployed enterprise-grade systems utilizing PyTorch and FastAPI, improving throughput by 43%.
- Collaborated with engineering stakeholders to optimize data pipelines and system reliability using Machine Learning.
- Reduced system downtime and latency by 17% through proactive monitoring and automated CI/CD workflows.

EDUCATION
B.Tech in Computer Science and Engineering, Georgia Tech (Graduated 2019)
","PyTorch, FastAPI, Machine Learning, GCP, AWS, Large Language Models, REST APIs, Jira, Transformers, Kafka, Python, CI/CD"
RES-0387,David Gupta,david.gupta95@synthetic-talent.org,+1 (555) 490-6812,Data Scientist,2,Junior,Bachelor,B.S. in Computer Science,Carnegie Mellon University,"AWS, Machine Learning, REST APIs, NLP, Agile, Python, Scikit-Learn, Pandas","David Gupta
david.gupta95@synthetic-talent.org | +1 (555) 490-6812 | Location: New York, NY

PROFESSIONAL SUMMARY
Results-driven Data Scientist with 2 years of industry experience specializing in AWS, Machine Learning, REST APIs, NLP. Proven background building scalable solutions, collaborating across agile teams, and driving measurable engineering impact.

TECHNICAL SKILLS
AWS, Machine Learning, REST APIs, NLP, Agile, Python, Scikit-Learn, Pandas

PROFESSIONAL EXPERIENCE
Data Scientist | Apple (2023 - Present)
- Designed and deployed enterprise-grade systems utilizing AWS and Machine Learning, improving throughput by 31%.
- Collaborated with engineering stakeholders to optimize data pipelines and system reliability using REST APIs.
- Reduced system downtime and latency by 21% through proactive monitoring and automated CI/CD workflows.

EDUCATION
B.S. in Computer Science, Carnegie Mellon University (Graduated 2023)
","AWS, Machine Learning, REST APIs, NLP, Agile, Python, Scikit-Learn, Pandas"
RES-0388,Chen Kim,chen.kim82@synthetic-talent.org,+1 (555) 392-7899,Data Engineer,3,Mid-Level,Master,M.S. in Computer Science,UT Austin,"REST APIs, Git, PostgreSQL, Python, Airflow, Snowflake","Chen Kim
chen.kim82@synthetic-talent.org | +1 (555) 392-7899 | Location: New York, NY

PROFESSIONAL SUMMARY
Results-driven Data Engineer with 3 years of industry experience specializing in REST APIs, Git, PostgreSQL, Python. Proven background building scalable solutions, collaborating across agile teams, and driving measurable engineering impact.

TECHNICAL SKILLS
REST APIs, Git, PostgreSQL, Python, Airflow, Snowflake

PROFESSIONAL EXPERIENCE
Data Engineer | Meta (2023 - Present)
- Designed and deployed enterprise-grade systems utilizing REST APIs and Git, improving throughput by 29%.
- Collaborated with engineering stakeholders to optimize data pipelines and system reliability using PostgreSQL.
- Reduced system downtime and latency by 29% through proactive monitoring and automated CI/CD workflows.

Data Engineer | Spotify (2022 - 2023)
- Designed and deployed enterprise-grade systems utilizing REST APIs and Git, improving throughput by 33%.
- Collaborated with engineering stakeholders to optimize data pipelines and system reliability using PostgreSQL.
- Reduced system downtime and latency by 18% through proactive monitoring and automated CI/CD workflows.

EDUCATION
M.S. in Computer Science, UT Austin (Graduated 2022)
","REST APIs, Git, PostgreSQL, Python, Airflow, Snowflake"
RES-0389,Elena Williams,elena.williams40@synthetic-talent.org,+1 (555) 689-5562,Full Stack Engineer,9,Lead/Staff,Bachelor,B.S. in Electrical and Computer Engineering,UC Berkeley,"FastAPI, Node.js, TypeScript, GraphQL, Docker, Git, PostgreSQL, Agile, CI/CD","Elena Williams
elena.williams40@synthetic-talent.org | +1 (555) 689-5562 | Location: New York, NY

PROFESSIONAL SUMMARY
Results-driven Full Stack Engineer with 9 years of industry experience specializing in FastAPI, Node.js, TypeScript, GraphQL. Proven background building scalable solutions, collaborating across agile teams, and driving measurable engineering impact.

TECHNICAL SKILLS
FastAPI, Node.js, TypeScript, GraphQL, Docker, Git, PostgreSQL, Agile, CI/CD

PROFESSIONAL EXPERIENCE
Senior Full Stack Engineer | Splunk (2021 - Present)
- Designed and deployed enterprise-grade systems utilizing FastAPI and Node.js, improving throughput by 27%.
- Collaborated with engineering stakeholders to optimize data pipelines and system reliability using TypeScript.
- Reduced system downtime and latency by 23% through proactive monitoring and automated CI/CD workflows.

Senior Full Stack Engineer | Databricks (2019 - 2021)
- Designed and deployed enterprise-grade systems utilizing FastAPI and Node.js, improving throughput by 32%.
- Collaborated with engineering stakeholders to optimize data pipelines and system reliability using TypeScript.
- Reduced system downtime and latency by 30% through proactive monitoring and automated CI/CD workflows.

Senior Full Stack Engineer | Adobe (2016 - 2019)
- Designed and deployed enterprise-grade systems utilizing FastAPI and Node.js, improving throughput by 24%.
- Collaborated with engineering stakeholders to optimize data pipelines and system reliability using TypeScript.
- Reduced system downtime and latency by 12% through proactive monitoring and automated CI/CD workflows.

EDUCATION
B.S. in Electrical and Computer Engineering, UC Berkeley (Graduated 2016)
","FastAPI, Node.js, TypeScript, GraphQL, Docker, Git, PostgreSQL, Agile, CI/CD"
RES-0390,Sarah Johnson,sarah.johnson95@synthetic-talent.org,+1 (555) 879-1968,Frontend Engineer,0,Junior,Bachelor,B.Tech in Computer Science and Engineering,IIT Bombay,"Node.js, GraphQL, JavaScript, Docker, HTML/CSS, Git, React, Unit Testing","Sarah Johnson
sarah.johnson95@synthetic-talent.org | +1 (555) 879-1968 | Location: New York, NY

PROFESSIONAL SUMMARY
Results-driven Frontend Engineer with 0 years of industry experience specializing in Node.js, GraphQL, JavaScript, Docker. Proven background building scalable solutions, collaborating across agile teams, and driving measurable engineering impact.

TECHNICAL SKILLS
Node.js, GraphQL, JavaScript, Docker, HTML/CSS, Git, React, Unit Testing

PROFESSIONAL EXPERIENCE
Software Engineering Intern | Palo Alto Networks (Summer 2024)
- Developed automated test suites and backend features with Node.js.
- Collaborated in daily standups and contributed to production pull requests.

EDUCATION
B.Tech in Computer Science and Engineering, IIT Bombay (Graduated 2025)
","Node.js, GraphQL, JavaScript, Docker, HTML/CSS, Git, React, Unit Testing"
RES-0391,Sarah Gupta,sarah.gupta20@synthetic-talent.org,+1 (555) 260-7848,Data Engineer,13,Lead/Staff,Master,M.S. in Machine Learning and Data Science,Sharda University,"Terraform, GCP, REST APIs, Spark, Linux, SQL, Snowflake, Kafka, Python, Airflow","Sarah Gupta
sarah.gupta20@synthetic-talent.org | +1 (555) 260-7848 | Location: New York, NY

PROFESSIONAL SUMMARY
Results-driven Data Engineer with 13 years of industry experience specializing in Terraform, GCP, REST APIs, Spark. Proven background building scalable solutions, collaborating across agile teams, and driving measurable engineering impact.

TECHNICAL SKILLS
Terraform, GCP, REST APIs, Spark, Linux, SQL, Snowflake, Kafka, Python, Airflow

PROFESSIONAL EXPERIENCE
Senior Data Engineer | Atlassian (2022 - Present)
- Designed and deployed enterprise-grade systems utilizing Terraform and GCP, improving throughput by 30%.
- Collaborated with engineering stakeholders to optimize data pipelines and system reliability using REST APIs.
- Reduced system downtime and latency by 11% through proactive monitoring and automated CI/CD workflows.

Senior Data Engineer | MongoDB Inc. (2019 - 2022)
- Designed and deployed enterprise-grade systems utilizing Terraform and GCP, improving throughput by 22%.
- Collaborated with engineering stakeholders to optimize data pipelines and system reliability using REST APIs.
- Reduced system downtime and latency by 25% through proactive monitoring and automated CI/CD workflows.

Senior Data Engineer | Airbnb (2016 - 2019)
- Designed and deployed enterprise-grade systems utilizing Terraform and GCP, improving throughput by 31%.
- Collaborated with engineering stakeholders to optimize data pipelines and system reliability using REST APIs.
- Reduced system downtime and latency by 12% through proactive monitoring and automated CI/CD workflows.

Senior Data Engineer | Apple (2012 - 2016)
- Designed and deployed enterprise-grade systems utilizing Terraform and GCP, improving throughput by 39%.
- Collaborated with engineering stakeholders to optimize data pipelines and system reliability using REST APIs.
- Reduced system downtime and latency by 14% through proactive monitoring and automated CI/CD workflows.

EDUCATION
M.S. in Machine Learning and Data Science, Sharda University (Graduated 2012)
","Terraform, GCP, REST APIs, Spark, Linux, SQL, Snowflake, Kafka, Python, Airflow"
RES-0392,Aisha Jones,aisha.jones72@synthetic-talent.org,+1 (555) 255-6160,Cloud & DevOps Engineer,5,Mid-Level,Doctorate,Ph.D. in Computer Science,Georgia Tech,"AWS, Azure, Terraform, GCP, Go, Kubernetes, Jira, Docker, Prometheus, Code Review, Python, CI/CD","Aisha Jones
aisha.jones72@synthetic-talent.org | +1 (555) 255-6160 | Location: New York, NY

PROFESSIONAL SUMMARY
Results-driven Cloud & DevOps Engineer with 5 years of industry experience specializing in AWS, Azure, Terraform, GCP. Proven background building scalable solutions, collaborating across agile teams, and driving measurable engineering impact.

TECHNICAL SKILLS
AWS, Azure, Terraform, GCP, Go, Kubernetes, Jira, Docker, Prometheus, Code Review, Python, CI/CD

PROFESSIONAL EXPERIENCE
Cloud & DevOps Engineer | Instacart (2022 - Present)
- Designed and deployed enterprise-grade systems utilizing AWS and Azure, improving throughput by 17%.
- Collaborated with engineering stakeholders to optimize data pipelines and system reliability using Terraform.
- Reduced system downtime and latency by 22% through proactive monitoring and automated CI/CD workflows.

Cloud & DevOps Engineer | Amazon (2020 - 2022)
- Designed and deployed enterprise-grade systems utilizing AWS and Azure, improving throughput by 25%.
- Collaborated with engineering stakeholders to optimize data pipelines and system reliability using Terraform.
- Reduced system downtime and latency by 11% through proactive monitoring and automated CI/CD workflows.

EDUCATION
Ph.D. in Computer Science, Georgia Tech (Graduated 2020)
","AWS, Azure, Terraform, GCP, Go, Kubernetes, Jira, Docker, Prometheus, Code Review, Python, CI/CD"
RES-0393,Emily Brown,emily.brown55@synthetic-talent.org,+1 (555) 805-6138,Frontend Engineer,4,Mid-Level,Doctorate,Ph.D. in Computer Science,BITS Pilani,"Node.js, TypeScript, GraphQL, JavaScript, Docker, HTML/CSS, Jira, Linux, CI/CD","Emily Brown
emily.brown55@synthetic-talent.org | +1 (555) 805-6138 | Location: New York, NY

PROFESSIONAL SUMMARY
Results-driven Frontend Engineer with 4 years of industry experience specializing in Node.js, TypeScript, GraphQL, JavaScript. Proven background building scalable solutions, collaborating across agile teams, and driving measurable engineering impact.

TECHNICAL SKILLS
Node.js, TypeScript, GraphQL, JavaScript, Docker, HTML/CSS, Jira, Linux, CI/CD

PROFESSIONAL EXPERIENCE
Frontend Engineer | Twilio (2023 - Present)
- Designed and deployed enterprise-grade systems utilizing Node.js and TypeScript, improving throughput by 19%.
- Collaborated with engineering stakeholders to optimize data pipelines and system reliability using GraphQL.
- Reduced system downtime and latency by 30% through proactive monitoring and automated CI/CD workflows.

Frontend Engineer | Airbnb (2021 - 2023)
- Designed and deployed enterprise-grade systems utilizing Node.js and TypeScript, improving throughput by 23%.
- Collaborated with engineering stakeholders to optimize data pipelines and system reliability using GraphQL.
- Reduced system downtime and latency by 26% through proactive monitoring and automated CI/CD workflows.

EDUCATION
Ph.D. in Computer Science, BITS Pilani (Graduated 2021)
","Node.js, TypeScript, GraphQL, JavaScript, Docker, HTML/CSS, Jira, Linux, CI/CD"
RES-0394,Sofia Wilson,sofia.wilson92@synthetic-talent.org,+1 (555) 328-4842,Data Scientist,3,Mid-Level,Master,M.S. in Machine Learning and Data Science,University of Michigan,"PyTorch, Machine Learning, Deep Learning, BigQuery, REST APIs, Jira, Docker, SQL, Python, Scikit-Learn, Pandas","Sofia Wilson
sofia.wilson92@synthetic-talent.org | +1 (555) 328-4842 | Location: New York, NY

PROFESSIONAL SUMMARY
Results-driven Data Scientist with 3 years of industry experience specializing in PyTorch, Machine Learning, Deep Learning, BigQuery. Proven background building scalable solutions, collaborating across agile teams, and driving measurable engineering impact.

TECHNICAL SKILLS
PyTorch, Machine Learning, Deep Learning, BigQuery, REST APIs, Jira, Docker, SQL, Python, Scikit-Learn, Pandas

PROFESSIONAL EXPERIENCE
Data Scientist | DoorDash (2022 - Present)
- Designed and deployed enterprise-grade systems utilizing PyTorch and Machine Learning, improving throughput by 37%.
- Collaborated with engineering stakeholders to optimize data pipelines and system reliability using Deep Learning.
- Reduced system downtime and latency by 29% through proactive monitoring and automated CI/CD workflows.

EDUCATION
M.S. in Machine Learning and Data Science, University of Michigan (Graduated 2022)
","PyTorch, Machine Learning, Deep Learning, GCP, REST APIs, Jira, Docker, SQL, Python, Scikit-Learn, Pandas"
RES-0395,Carlos Kim,carlos.kim22@synthetic-talent.org,+1 (555) 213-2108,Machine Learning Engineer,12,Lead/Staff,Doctorate,Ph.D. in Computer Science,Carnegie Mellon University,"PyTorch, AWS, Machine Learning, Large Language Models, Kubernetes, Docker, Linux, Agile, Kafka, Python, CI/CD","Carlos Kim
carlos.kim22@synthetic-talent.org | +1 (555) 213-2108 | Location: New York, NY

PROFESSIONAL SUMMARY
Results-driven Machine Learning Engineer with 12 years of industry experience specializing in PyTorch, AWS, Machine Learning, Large Language Models. Proven background building scalable solutions, collaborating across agile teams, and driving measurable engineering impact.

TECHNICAL SKILLS
PyTorch, AWS, Machine Learning, Large Language Models, Kubernetes, Docker, Linux, Agile, Kafka, Python, CI/CD

PROFESSIONAL EXPERIENCE
Senior Machine Learning Engineer | Lyft (2022 - Present)
- Designed and deployed enterprise-grade systems utilizing PyTorch and AWS, improving throughput by 35%.
- Collaborated with engineering stakeholders to optimize data pipelines and system reliability using Machine Learning.
- Reduced system downtime and latency by 21% through proactive monitoring and automated CI/CD workflows.

Senior Machine Learning Engineer | Meta (2018 - 2022)
- Designed and deployed enterprise-grade systems utilizing PyTorch and AWS, improving throughput by 22%.
- Collaborated with engineering stakeholders to optimize data pipelines and system reliability using Machine Learning.
- Reduced system downtime and latency by 18% through proactive monitoring and automated CI/CD workflows.

Senior Machine Learning Engineer | Reddit (2014 - 2018)
- Designed and deployed enterprise-grade systems utilizing PyTorch and AWS, improving throughput by 37%.
- Collaborated with engineering stakeholders to optimize data pipelines and system reliability using Machine Learning.
- Reduced system downtime and latency by 26% through proactive monitoring and automated CI/CD workflows.

Senior Machine Learning Engineer | Cloudflare (2013 - 2014)
- Designed and deployed enterprise-grade systems utilizing PyTorch and AWS, improving throughput by 22%.
- Collaborated with engineering stakeholders to optimize data pipelines and system reliability using Machine Learning.
- Reduced system downtime and latency by 10% through proactive monitoring and automated CI/CD workflows.

EDUCATION
Ph.D. in Computer Science, Carnegie Mellon University (Graduated 2013)
","PyTorch, AWS, Machine Learning, Large Language Models, Kubernetes, Docker, Linux, Agile, Kafka, Python, CI/CD"
RES-0396,Sarah Smith,sarah.smith84@synthetic-talent.org,+1 (555) 300-7855,Full Stack Engineer,4,Mid-Level,Doctorate,Ph.D. in Computer Science,UC Berkeley,"FastAPI, Node.js, TypeScript, GraphQL, Jira, Docker, PostgreSQL, React, Code Review, Python","Sarah Smith
sarah.smith84@synthetic-talent.org | +1 (555) 300-7855 | Location: New York, NY

PROFESSIONAL SUMMARY
Results-driven Full Stack Engineer with 4 years of industry experience specializing in FastAPI, Node.js, TypeScript, GraphQL. Proven background building scalable solutions, collaborating across agile teams, and driving measurable engineering impact.

TECHNICAL SKILLS
FastAPI, Node.js, TypeScript, GraphQL, Jira, Docker, PostgreSQL, React, Code Review, Python

PROFESSIONAL EXPERIENCE
Senior Full Stack Engineer | Robinhood (2021 - Present)
- Designed and deployed enterprise-grade systems utilizing FastAPI and Node.js, improving throughput by 32%.
- Collaborated with engineering stakeholders to optimize data pipelines and system reliability using TypeScript.
- Reduced system downtime and latency by 22% through proactive monitoring and automated CI/CD workflows.

EDUCATION
Ph.D. in Computer Science, UC Berkeley (Graduated 2021)
","FastAPI, Node.js, TypeScript, GraphQL, Jira, Docker, PostgreSQL, React, Code Review, Python"
RES-0397,Carlos Williams,carlos.williams95@synthetic-talent.org,+1 (555) 134-2625,Data Engineer,2,Mid-Level,Bachelor,B.S. in Electrical and Computer Engineering,Delhi Technological University,"AWS, GCP, Terraform, REST APIs, Docker, PostgreSQL, SQL, Snowflake, Code Review, Kafka, Python, Airflow","Carlos Williams
carlos.williams95@synthetic-talent.org | +1 (555) 134-2625 | Location: New York, NY

PROFESSIONAL SUMMARY
Results-driven Data Engineer with 2 years of industry experience specializing in AWS, GCP, Terraform, REST APIs. Proven background building scalable solutions, collaborating across agile teams, and driving measurable engineering impact.

TECHNICAL SKILLS
AWS, GCP, Terraform, REST APIs, Docker, PostgreSQL, SQL, Snowflake, Code Review, Kafka, Python, Airflow

PROFESSIONAL EXPERIENCE
Data Engineer | Cloudflare (2023 - Present)
- Designed and deployed enterprise-grade systems utilizing AWS and GCP, improving throughput by 37%.
- Collaborated with engineering stakeholders to optimize data pipelines and system reliability using Terraform.
- Reduced system downtime and latency by 17% through proactive monitoring and automated CI/CD workflows.

EDUCATION
B.S. in Electrical and Computer Engineering, Delhi Technological University (Graduated 2023)
","AWS, GCP, Terraform, REST APIs, Docker, PostgreSQL, SQL, Snowflake, Code Review, Kafka, Python, Airflow"
RES-0398,Arjun Miller,arjun.miller92@synthetic-talent.org,+1 (555) 985-7588,Full Stack Engineer,5,Mid-Level,Master,M.S. in Computer Science,Sharda University,"AWS, Node.js, FastAPI, REST APIs, Docker, PostgreSQL, Linux, Redis, Python, CI/CD","Arjun Miller
arjun.miller92@synthetic-talent.org | +1 (555) 985-7588 | Location: New York, NY

PROFESSIONAL SUMMARY
Results-driven Full Stack Engineer with 5 years of industry experience specializing in AWS, Node.js, FastAPI, REST APIs. Proven background building scalable solutions, collaborating across agile teams, and driving measurable engineering impact.

TECHNICAL SKILLS
AWS, Node.js, FastAPI, REST APIs, Docker, PostgreSQL, Linux, Redis, Python, CI/CD

PROFESSIONAL EXPERIENCE
Full Stack Engineer | Microsoft (2023 - Present)
- Designed and deployed enterprise-grade systems utilizing AWS and Node.js, improving throughput by 28%.
- Collaborated with engineering stakeholders to optimize data pipelines and system reliability using FastAPI.
- Reduced system downtime and latency by 20% through proactive monitoring and automated CI/CD workflows.

Full Stack Engineer | Adobe (2021 - 2023)
- Designed and deployed enterprise-grade systems utilizing AWS and Node.js, improving throughput by 17%.
- Collaborated with engineering stakeholders to optimize data pipelines and system reliability using FastAPI.
- Reduced system downtime and latency by 26% through proactive monitoring and automated CI/CD workflows.

Full Stack Engineer | Cisco (2020 - 2021)
- Designed and deployed enterprise-grade systems utilizing AWS and Node.js, improving throughput by 19%.
- Collaborated with engineering stakeholders to optimize data pipelines and system reliability using FastAPI.
- Reduced system downtime and latency by 29% through proactive monitoring and automated CI/CD workflows.

EDUCATION
M.S. in Computer Science, Sharda University (Graduated 2020)
","AWS, Node.js, FastAPI, REST APIs, Docker, PostgreSQL, Linux, Redis, Python, CI/CD"
RES-0399,Chen Garcia,chen.garcia94@synthetic-talent.org,+1 (555) 387-3500,Cybersecurity Engineer,4,Mid-Level,Bachelor,B.Tech in Computer Science and Engineering,Sharda University,"AWS, Terraform, Go, Kubernetes, REST APIs, Docker, Git, PostgreSQL, Linux, Python, CI/CD","Chen Garcia
chen.garcia94@synthetic-talent.org | +1 (555) 387-3500 | Location: New York, NY

PROFESSIONAL SUMMARY
Results-driven Cybersecurity Engineer with 4 years of industry experience specializing in AWS, Terraform, Go, Kubernetes. Proven background building scalable solutions, collaborating across agile teams, and driving measurable engineering impact.

TECHNICAL SKILLS
AWS, Terraform, Go, Kubernetes, REST APIs, Docker, Git, PostgreSQL, Linux, Python, CI/CD

PROFESSIONAL EXPERIENCE
Cybersecurity Engineer | Wayfair (2022 - Present)
- Designed and deployed enterprise-grade systems utilizing AWS and Terraform, improving throughput by 25%.
- Collaborated with engineering stakeholders to optimize data pipelines and system reliability using Go.
- Reduced system downtime and latency by 27% through proactive monitoring and automated CI/CD workflows.

Cybersecurity Engineer | Google (2021 - 2022)
- Designed and deployed enterprise-grade systems utilizing AWS and Terraform, improving throughput by 21%.
- Collaborated with engineering stakeholders to optimize data pipelines and system reliability using Go.
- Reduced system downtime and latency by 22% through proactive monitoring and automated CI/CD workflows.

EDUCATION
B.Tech in Computer Science and Engineering, Sharda University (Graduated 2021)
","AWS, Terraform, Go, Kubernetes, REST APIs, Docker, Git, PostgreSQL, Linux, Python, CI/CD"
RES-0400,James Tanaka,james.tanaka57@synthetic-talent.org,+1 (555) 976-3197,Cybersecurity Engineer,6,Mid-Level,Bachelor,B.Tech in Computer Science and Engineering,University of Michigan,"AWS, Go, Kubernetes, Docker, Git, PostgreSQL, Linux, Agile, Python, CI/CD","James Tanaka
james.tanaka57@synthetic-talent.org | +1 (555) 976-3197 | Location: New York, NY

PROFESSIONAL SUMMARY
Results-driven Cybersecurity Engineer with 6 years of industry experience specializing in AWS, Go, Kubernetes, Docker. Proven background building scalable solutions, collaborating across agile teams, and driving measurable engineering impact.

TECHNICAL SKILLS
AWS, Go, Kubernetes, Docker, Git, PostgreSQL, Linux, Agile, Python, CI/CD

PROFESSIONAL EXPERIENCE
Senior Cybersecurity Engineer | Pinterest (2021 - Present)
- Designed and deployed enterprise-grade systems utilizing AWS and Go, improving throughput by 42%.
- Collaborated with engineering stakeholders to optimize data pipelines and system reliability using Kubernetes.
- Reduced system downtime and latency by 12% through proactive monitoring and automated CI/CD workflows.

Senior Cybersecurity Engineer | Palantir (2019 - 2021)
- Designed and deployed enterprise-grade systems utilizing AWS and Go, improving throughput by 24%.
- Collaborated with engineering stakeholders to optimize data pipelines and system reliability using Kubernetes.
- Reduced system downtime and latency by 15% through proactive monitoring and automated CI/CD workflows.

EDUCATION
B.Tech in Computer Science and Engineering, University of Michigan (Graduated 2019)
","AWS, Go, Kubernetes, Docker, Git, PostgreSQL, Linux, Agile, Python, CI/CD"
RES-0401,Emma Anderson,emma.anderson51@synthetic-talent.org,+1 (555) 698-2174,Full Stack Engineer,5,Senior,Bachelor,B.Tech in Computer Science and Engineering,Cornell University,"AWS, Node.js, TypeScript, React, Linux, Code Review, Redis","Emma Anderson
emma.anderson51@synthetic-talent.org | +1 (555) 698-2174 | Location: New York, NY

PROFESSIONAL SUMMARY
Results-driven Full Stack Engineer with 5 years of industry experience specializing in AWS, Node.js, TypeScript, React. Proven background building scalable solutions, collaborating across agile teams, and driving measurable engineering impact.

TECHNICAL SKILLS
AWS, Node.js, TypeScript, React, Linux, Code Review, Redis

PROFESSIONAL EXPERIENCE
Senior Full Stack Engineer | Oracle (2021 - Present)
- Designed and deployed enterprise-grade systems utilizing AWS and Node.js, improving throughput by 38%.
- Collaborated with engineering stakeholders to optimize data pipelines and system reliability using TypeScript.
- Reduced system downtime and latency by 15% through proactive monitoring and automated CI/CD workflows.

Full Stack Engineer | Robinhood (2020 - 2021)
- Designed and deployed enterprise-grade systems utilizing AWS and Node.js, improving throughput by 41%.
- Collaborated with engineering stakeholders to optimize data pipelines and system reliability using TypeScript.
- Reduced system downtime and latency by 24% through proactive monitoring and automated CI/CD workflows.

EDUCATION
B.Tech in Computer Science and Engineering, Cornell University (Graduated 2020)
","AWS, Node.js, TypeScript, React, Linux, Code Review, Redis"
RES-0402,Elena Johnson,elena.johnson53@synthetic-talent.org,+1 (555) 307-7061,Machine Learning Engineer,5,Mid-Level,Bachelor,B.Tech in Computer Science and Engineering,University of Washington,"PyTorch, AWS, GCP, Kubernetes, Docker, Git, Agile, Kafka","Elena Johnson
elena.johnson53@synthetic-talent.org | +1 (555) 307-7061 | Location: New York, NY

PROFESSIONAL SUMMARY
Results-driven Machine Learning Engineer with 5 years of industry experience specializing in PyTorch, AWS, GCP, Kubernetes. Proven background building scalable solutions, collaborating across agile teams, and driving measurable engineering impact.

TECHNICAL SKILLS
PyTorch, AWS, GCP, Kubernetes, Docker, Git, Agile, Kafka

PROFESSIONAL EXPERIENCE
Senior Machine Learning Engineer | Palantir (2021 - Present)
- Designed and deployed enterprise-grade systems utilizing PyTorch and AWS, improving throughput by 43%.
- Collaborated with engineering stakeholders to optimize data pipelines and system reliability using GCP.
- Reduced system downtime and latency by 22% through proactive monitoring and automated CI/CD workflows.

Machine Learning Engineer | Databricks (2020 - 2021)
- Designed and deployed enterprise-grade systems utilizing PyTorch and AWS, improving throughput by 34%.
- Collaborated with engineering stakeholders to optimize data pipelines and system reliability using GCP.
- Reduced system downtime and latency by 13% through proactive monitoring and automated CI/CD workflows.

EDUCATION
B.Tech in Computer Science and Engineering, University of Washington (Graduated 2020)
","PyTorch, AWS, GCP, Kubernetes, Docker, Git, Agile, Kafka"
RES-0403,Kavita Vance,kavita.vance52@synthetic-talent.org,+1 (555) 981-6548,Data Engineer,2,Junior,Bachelor,B.S. in Computer Science,Carnegie Mellon University,"Terraform, GCP, Spark, Git, PostgreSQL, SQL, Snowflake, Kafka, Python, Unit Testing, Airflow","Kavita Vance
kavita.vance52@synthetic-talent.org | +1 (555) 981-6548 | Location: New York, NY

PROFESSIONAL SUMMARY
Results-driven Data Engineer with 2 years of industry experience specializing in Terraform, GCP, Spark, Git. Proven background building scalable solutions, collaborating across agile teams, and driving measurable engineering impact.

TECHNICAL SKILLS
Terraform, GCP, Spark, Git, PostgreSQL, SQL, Snowflake, Kafka, Python, Unit Testing, Airflow

PROFESSIONAL EXPERIENCE
Data Engineer | Snowflake (2023 - Present)
- Designed and deployed enterprise-grade systems utilizing Terraform and GCP, improving throughput by 36%.
- Collaborated with engineering stakeholders to optimize data pipelines and system reliability using Spark.
- Reduced system downtime and latency by 23% through proactive monitoring and automated CI/CD workflows.

EDUCATION
B.S. in Computer Science, Carnegie Mellon University (Graduated 2023)
","Terraform, GCP, Spark, Git, PostgreSQL, SQL, Snowflake, Kafka, Python, Unit Testing, Airflow"
RES-0404,Chloe Smith,chloe.smith70@synthetic-talent.org,+1 (555) 376-2685,Full Stack Engineer,2,Mid-Level,Bachelor,B.S. in Electrical and Computer Engineering,Carnegie Mellon University,"Git, PostgreSQL, React, Python, CI/CD, Unit Testing","Chloe Smith
chloe.smith70@synthetic-talent.org | +1 (555) 376-2685 | Location: New York, NY

PROFESSIONAL SUMMARY
Results-driven Full Stack Engineer with 2 years of industry experience specializing in Git, PostgreSQL, React, Python. Proven background building scalable solutions, collaborating across agile teams, and driving measurable engineering impact.

TECHNICAL SKILLS
Git, PostgreSQL, React, Python, CI/CD, Unit Testing

PROFESSIONAL EXPERIENCE
Full Stack Engineer | Meta (2023 - Present)
- Designed and deployed enterprise-grade systems utilizing Git and PostgreSQL, improving throughput by 39%.
- Collaborated with engineering stakeholders to optimize data pipelines and system reliability using React.
- Reduced system downtime and latency by 19% through proactive monitoring and automated CI/CD workflows.

EDUCATION
B.S. in Electrical and Computer Engineering, Carnegie Mellon University (Graduated 2023)
","Git, PostgreSQL, React, Python, CI/CD, Unit Testing"
RES-0405,Rahul Garcia,rahul.garcia59@synthetic-talent.org,+1 (555) 394-7362,Data Engineer,1,Junior,Bachelor,B.Tech in Computer Science and Engineering,UT Austin,"AWS, GCP, REST APIs, Docker, PostgreSQL, SQL, Code Review, Kafka, Python, Snowflake","Rahul Garcia
rahul.garcia59@synthetic-talent.org | +1 (555) 394-7362 | Location: New York, NY

PROFESSIONAL SUMMARY
Results-driven Data Engineer with 1 years of industry experience specializing in AWS, GCP, REST APIs, Docker. Proven background building scalable solutions, collaborating across agile teams, and driving measurable engineering impact.

TECHNICAL SKILLS
AWS, GCP, REST APIs, Docker, PostgreSQL, SQL, Code Review, Kafka, Python, Snowflake

PROFESSIONAL EXPERIENCE
Data Engineer | Microsoft (2024 - Present)
- Designed and deployed enterprise-grade systems utilizing AWS and GCP, improving throughput by 34%.
- Collaborated with engineering stakeholders to optimize data pipelines and system reliability using REST APIs.
- Reduced system downtime and latency by 26% through proactive monitoring and automated CI/CD workflows.

EDUCATION
B.Tech in Computer Science and Engineering, UT Austin (Graduated 2024)
","AWS, GCP, REST APIs, Docker, PostgreSQL, SQL, Code Review, Kafka, Python, Snowflake"
RES-0406,Marcus Rodriguez,marcus.rodriguez85@synthetic-talent.org,+1 (555) 658-4967,Full Stack Engineer,2,Junior,Bachelor,B.S. in Computer Science,Delhi Technological University,"AWS, Node.js, TypeScript, Jira, PostgreSQL, React, Redis, Python, CI/CD, Unit Testing","Marcus Rodriguez
marcus.rodriguez85@synthetic-talent.org | +1 (555) 658-4967 | Location: New York, NY

PROFESSIONAL SUMMARY
Results-driven Full Stack Engineer with 2 years of industry experience specializing in AWS, Node.js, TypeScript, Jira. Proven background building scalable solutions, collaborating across agile teams, and driving measurable engineering impact.

TECHNICAL SKILLS
AWS, Node.js, TypeScript, Jira, PostgreSQL, React, Redis, Python, CI/CD, Unit Testing

PROFESSIONAL EXPERIENCE
Full Stack Engineer | Databricks (2023 - Present)
- Designed and deployed enterprise-grade systems utilizing AWS and Node.js, improving throughput by 17%.
- Collaborated with engineering stakeholders to optimize data pipelines and system reliability using TypeScript.
- Reduced system downtime and latency by 21% through proactive monitoring and automated CI/CD workflows.

EDUCATION
B.S. in Computer Science, Delhi Technological University (Graduated 2023)
","AWS, Node.js, TypeScript, Jira, PostgreSQL, React, Redis, Python, CI/CD, Unit Testing"
RES-0407,Marcus Kim,marcus.kim23@synthetic-talent.org,+1 (555) 155-6196,Cloud & DevOps Engineer,5,Mid-Level,Bachelor,B.S. in Computer Science,Georgia Tech,"AWS, Terraform, GCP, Go, Kubernetes, Jira, Prometheus, Linux, CI/CD","Marcus Kim
marcus.kim23@synthetic-talent.org | +1 (555) 155-6196 | Location: New York, NY

PROFESSIONAL SUMMARY
Results-driven Cloud & DevOps Engineer with 5 years of industry experience specializing in AWS, Terraform, GCP, Go. Proven background building scalable solutions, collaborating across agile teams, and driving measurable engineering impact.

TECHNICAL SKILLS
AWS, Terraform, GCP, Go, Kubernetes, Jira, Prometheus, Linux, CI/CD

PROFESSIONAL EXPERIENCE
Cloud & DevOps Engineer | Robinhood (2022 - Present)
- Designed and deployed enterprise-grade systems utilizing AWS and Terraform, improving throughput by 29%.
- Collaborated with engineering stakeholders to optimize data pipelines and system reliability using GCP.
- Reduced system downtime and latency by 10% through proactive monitoring and automated CI/CD workflows.

Cloud & DevOps Engineer | Square / Block (2020 - 2022)
- Designed and deployed enterprise-grade systems utilizing AWS and Terraform, improving throughput by 40%.
- Collaborated with engineering stakeholders to optimize data pipelines and system reliability using GCP.
- Reduced system downtime and latency by 20% through proactive monitoring and automated CI/CD workflows.

EDUCATION
B.S. in Computer Science, Georgia Tech (Graduated 2020)
","AWS, Terraform, GCP, Go, Kubernetes, Jira, Prometheus, Linux, CI/CD"
RES-0408,James Sharma,james.sharma81@synthetic-talent.org,+1 (555) 690-9520,Machine Learning Engineer,9,Senior,Bachelor,B.S. in Electrical and Computer Engineering,MIT,"FastAPI, PyTorch, Large Language Models, Kubernetes, Docker, Transformers, Git, Agile, Kafka, CI/CD","James Sharma
james.sharma81@synthetic-talent.org | +1 (555) 690-9520 | Location: New York, NY

PROFESSIONAL SUMMARY
Results-driven Machine Learning Engineer with 9 years of industry experience specializing in FastAPI, PyTorch, Large Language Models, Kubernetes. Proven background building scalable solutions, collaborating across agile teams, and driving measurable engineering impact.

TECHNICAL SKILLS
FastAPI, PyTorch, Large Language Models, Kubernetes, Docker, Transformers, Git, Agile, Kafka, CI/CD

PROFESSIONAL EXPERIENCE
Senior Machine Learning Engineer | HubSpot (2023 - Present)
- Designed and deployed enterprise-grade systems utilizing FastAPI and PyTorch, improving throughput by 21%.
- Collaborated with engineering stakeholders to optimize data pipelines and system reliability using Large Language Models.
- Reduced system downtime and latency by 28% through proactive monitoring and automated CI/CD workflows.

Senior Machine Learning Engineer | Robinhood (2021 - 2023)
- Designed and deployed enterprise-grade systems utilizing FastAPI and PyTorch, improving throughput by 21%.
- Collaborated with engineering stakeholders to optimize data pipelines and system reliability using Large Language Models.
- Reduced system downtime and latency by 23% through proactive monitoring and automated CI/CD workflows.

Senior Machine Learning Engineer | Uber (2018 - 2021)
- Designed and deployed enterprise-grade systems utilizing FastAPI and PyTorch, improving throughput by 19%.
- Collaborated with engineering stakeholders to optimize data pipelines and system reliability using Large Language Models.
- Reduced system downtime and latency by 25% through proactive monitoring and automated CI/CD workflows.

Senior Machine Learning Engineer | Salesforce (2016 - 2018)
- Designed and deployed enterprise-grade systems utilizing FastAPI and PyTorch, improving throughput by 17%.
- Collaborated with engineering stakeholders to optimize data pipelines and system reliability using Large Language Models.
- Reduced system downtime and latency by 23% through proactive monitoring and automated CI/CD workflows.

EDUCATION
B.S. in Electrical and Computer Engineering, MIT (Graduated 2016)
","FastAPI, PyTorch, Large Language Models, Kubernetes, Docker, Transformers, Git, Agile, Kafka, CI/CD"
RES-0409,Priya Jones,priya.jones12@synthetic-talent.org,+1 (555) 925-7137,Data Engineer,11,Lead/Staff,Bachelor,B.Tech in Computer Science and Engineering,Delhi Technological University,"AWS, GCP, Terraform, REST APIs, Docker, Spark, Git, SQL, Python, Airflow","Priya Jones
priya.jones12@synthetic-talent.org | +1 (555) 925-7137 | Location: New York, NY

PROFESSIONAL SUMMARY
Results-driven Data Engineer with 11 years of industry experience specializing in AWS, GCP, Terraform, REST APIs. Proven background building scalable solutions, collaborating across agile teams, and driving measurable engineering impact.

TECHNICAL SKILLS
AWS, GCP, Terraform, REST APIs, Docker, Spark, Git, SQL, Python, Airflow

PROFESSIONAL EXPERIENCE
Senior Data Engineer | Twilio (2021 - Present)
- Designed and deployed enterprise-grade systems utilizing AWS and GCP, improving throughput by 42%.
- Collaborated with engineering stakeholders to optimize data pipelines and system reliability using Terraform.
- Reduced system downtime and latency by 26% through proactive monitoring and automated CI/CD workflows.

Senior Data Engineer | Airbnb (2017 - 2021)
- Designed and deployed enterprise-grade systems utilizing AWS and GCP, improving throughput by 29%.
- Collaborated with engineering stakeholders to optimize data pipelines and system reliability using Terraform.
- Reduced system downtime and latency by 13% through proactive monitoring and automated CI/CD workflows.

Senior Data Engineer | Workday (2014 - 2017)
- Designed and deployed enterprise-grade systems utilizing AWS and GCP, improving throughput by 31%.
- Collaborated with engineering stakeholders to optimize data pipelines and system reliability using Terraform.
- Reduced system downtime and latency by 27% through proactive monitoring and automated CI/CD workflows.

EDUCATION
B.Tech in Computer Science and Engineering, Delhi Technological University (Graduated 2014)
","AWS, GCP, Terraform, REST APIs, Docker, Spark, Git, SQL, Python, Airflow"
RES-0410,Chloe Miller,chloe.miller20@synthetic-talent.org,+1 (555) 809-4506,Frontend Engineer,5,Senior,Doctorate,Ph.D. in Computer Science,University of Washington,"Node.js, TypeScript, JavaScript, Jira, React, Linux","Chloe Miller
chloe.miller20@synthetic-talent.org | +1 (555) 809-4506 | Location: New York, NY

PROFESSIONAL SUMMARY
Results-driven Frontend Engineer with 5 years of industry experience specializing in Node.js, TypeScript, JavaScript, Jira. Proven background building scalable solutions, collaborating across agile teams, and driving measurable engineering impact.

TECHNICAL SKILLS
Node.js, TypeScript, JavaScript, Jira, React, Linux

PROFESSIONAL EXPERIENCE
Frontend Engineer | NVIDIA (2023 - Present)
- Designed and deployed enterprise-grade systems utilizing Node.js and TypeScript, improving throughput by 15%.
- Collaborated with engineering stakeholders to optimize data pipelines and system reliability using JavaScript.
- Reduced system downtime and latency by 12% through proactive monitoring and automated CI/CD workflows.

Frontend Engineer | Lyft (2021 - 2023)
- Designed and deployed enterprise-grade systems utilizing Node.js and TypeScript, improving throughput by 25%.
- Collaborated with engineering stakeholders to optimize data pipelines and system reliability using JavaScript.
- Reduced system downtime and latency by 20% through proactive monitoring and automated CI/CD workflows.

Frontend Engineer | Reddit (2020 - 2021)
- Designed and deployed enterprise-grade systems utilizing Node.js and TypeScript, improving throughput by 28%.
- Collaborated with engineering stakeholders to optimize data pipelines and system reliability using JavaScript.
- Reduced system downtime and latency by 18% through proactive monitoring and automated CI/CD workflows.

EDUCATION
Ph.D. in Computer Science, University of Washington (Graduated 2020)
","Node.js, TypeScript, JavaScript, Jira, React, Linux"
RES-0411,Carlos Sharma,carlos.sharma36@synthetic-talent.org,+1 (555) 747-3006,Frontend Engineer,5,Senior,Bachelor,B.S. in Computer Science,Cornell University,"Node.js, TypeScript, REST APIs, JavaScript, Docker, HTML/CSS, Next.js, Code Review, CI/CD","Carlos Sharma
carlos.sharma36@synthetic-talent.org | +1 (555) 747-3006 | Location: New York, NY

PROFESSIONAL SUMMARY
Results-driven Frontend Engineer with 5 years of industry experience specializing in Node.js, TypeScript, REST APIs, JavaScript. Proven background building scalable solutions, collaborating across agile teams, and driving measurable engineering impact.

TECHNICAL SKILLS
Node.js, TypeScript, REST APIs, JavaScript, Docker, HTML/CSS, Next.js, Code Review, CI/CD

PROFESSIONAL EXPERIENCE
Frontend Engineer | DoorDash (2022 - Present)
- Designed and deployed enterprise-grade systems utilizing Node.js and TypeScript, improving throughput by 32%.
- Collaborated with engineering stakeholders to optimize data pipelines and system reliability using REST APIs.
- Reduced system downtime and latency by 11% through proactive monitoring and automated CI/CD workflows.

Frontend Engineer | Salesforce (2020 - 2022)
- Designed and deployed enterprise-grade systems utilizing Node.js and TypeScript, improving throughput by 31%.
- Collaborated with engineering stakeholders to optimize data pipelines and system reliability using REST APIs.
- Reduced system downtime and latency by 26% through proactive monitoring and automated CI/CD workflows.

EDUCATION
B.S. in Computer Science, Cornell University (Graduated 2020)
","Node.js, TypeScript, REST APIs, JavaScript, Docker, HTML/CSS, Next.js, Code Review, CI/CD"
RES-0412,Michael Davis,michael.davis35@synthetic-talent.org,+1 (555) 349-9866,Data Scientist,4,Mid-Level,Master,M.S. in Computer Science,University of Washington,"PyTorch, AWS, Deep Learning, BigQuery, REST APIs, Code Review, Python, Scikit-Learn, Pandas","Michael Davis
michael.davis35@synthetic-talent.org | +1 (555) 349-9866 | Location: New York, NY

PROFESSIONAL SUMMARY
Results-driven Data Scientist with 4 years of industry experience specializing in PyTorch, AWS, Deep Learning, BigQuery. Proven background building scalable solutions, collaborating across agile teams, and driving measurable engineering impact.

TECHNICAL SKILLS
PyTorch, AWS, Deep Learning, BigQuery, REST APIs, Code Review, Python, Scikit-Learn, Pandas

PROFESSIONAL EXPERIENCE
Senior Data Scientist | Pinterest (2021 - Present)
- Designed and deployed enterprise-grade systems utilizing PyTorch and AWS, improving throughput by 25%.
- Collaborated with engineering stakeholders to optimize data pipelines and system reliability using Deep Learning.
- Reduced system downtime and latency by 23% through proactive monitoring and automated CI/CD workflows.

EDUCATION
M.S. in Computer Science, University of Washington (Graduated 2021)
","PyTorch, AWS, Deep Learning, GCP, REST APIs, Code Review, Python, Scikit-Learn, Pandas"
RES-0413,Liam Wilson,liam.wilson19@synthetic-talent.org,+1 (555) 646-9311,Full Stack Engineer,4,Mid-Level,Bachelor,B.Tech in Computer Science and Engineering,University of Washington,"Node.js, TypeScript, PostgreSQL, React, Agile, Redis, Unit Testing","Liam Wilson
liam.wilson19@synthetic-talent.org | +1 (555) 646-9311 | Location: New York, NY

PROFESSIONAL SUMMARY
Results-driven Full Stack Engineer with 4 years of industry experience specializing in Node.js, TypeScript, PostgreSQL, React. Proven background building scalable solutions, collaborating across agile teams, and driving measurable engineering impact.

TECHNICAL SKILLS
Node.js, TypeScript, PostgreSQL, React, Agile, Redis, Unit Testing

PROFESSIONAL EXPERIENCE
Senior Full Stack Engineer | MongoDB Inc. (2021 - Present)
- Designed and deployed enterprise-grade systems utilizing Node.js and TypeScript, improving throughput by 34%.
- Collaborated with engineering stakeholders to optimize data pipelines and system reliability using PostgreSQL.
- Reduced system downtime and latency by 19% through proactive monitoring and automated CI/CD workflows.

EDUCATION
B.Tech in Computer Science and Engineering, University of Washington (Graduated 2021)
","Node.js, TypeScript, PostgreSQL, React, Agile, Redis, Unit Testing"
RES-0414,Elena Rostova,elena.rostova96@synthetic-talent.org,+1 (555) 575-9676,Full Stack Engineer,1,Junior,Bachelor,B.S. in Electrical and Computer Engineering,UT Austin,"AWS, Node.js, FastAPI, Jira, Docker, Git, React, Redis","Elena Rostova
elena.rostova96@synthetic-talent.org | +1 (555) 575-9676 | Location: New York, NY

PROFESSIONAL SUMMARY
Results-driven Full Stack Engineer with 1 years of industry experience specializing in AWS, Node.js, FastAPI, Jira. Proven background building scalable solutions, collaborating across agile teams, and driving measurable engineering impact.

TECHNICAL SKILLS
AWS, Node.js, FastAPI, Jira, Docker, Git, React, Redis

PROFESSIONAL EXPERIENCE
Full Stack Engineer | Palo Alto Networks (2024 - Present)
- Designed and deployed enterprise-grade systems utilizing AWS and Node.js, improving throughput by 22%.
- Collaborated with engineering stakeholders to optimize data pipelines and system reliability using FastAPI.
- Reduced system downtime and latency by 19% through proactive monitoring and automated CI/CD workflows.

EDUCATION
B.S. in Electrical and Computer Engineering, UT Austin (Graduated 2024)
","AWS, Node.js, FastAPI, Jira, Docker, Git, React, Redis"
RES-0415,Arjun Anderson,arjun.anderson48@synthetic-talent.org,+1 (555) 786-3273,Backend Engineer,8,Senior,Bachelor,B.S. in Electrical and Computer Engineering,Cornell University,"FastAPI, System Design, Java, Go, Jira, Docker, PostgreSQL, Code Review, Redis, Python","Arjun Anderson
arjun.anderson48@synthetic-talent.org | +1 (555) 786-3273 | Location: New York, NY

PROFESSIONAL SUMMARY
Results-driven Backend Engineer with 8 years of industry experience specializing in FastAPI, System Design, Java, Go. Proven background building scalable solutions, collaborating across agile teams, and driving measurable engineering impact.

TECHNICAL SKILLS
FastAPI, System Design, Java, Go, Jira, Docker, PostgreSQL, Code Review, Redis, Python

PROFESSIONAL EXPERIENCE
Senior Backend Engineer | HubSpot (2022 - Present)
- Designed and deployed enterprise-grade systems utilizing FastAPI and System Design, improving throughput by 27%.
- Collaborated with engineering stakeholders to optimize data pipelines and system reliability using Java.
- Reduced system downtime and latency by 18% through proactive monitoring and automated CI/CD workflows.

Senior Backend Engineer | Intel (2018 - 2022)
- Designed and deployed enterprise-grade systems utilizing FastAPI and System Design, improving throughput by 41%.
- Collaborated with engineering stakeholders to optimize data pipelines and system reliability using Java.
- Reduced system downtime and latency by 17% through proactive monitoring and automated CI/CD workflows.

Senior Backend Engineer | Stripe (2017 - 2018)
- Designed and deployed enterprise-grade systems utilizing FastAPI and System Design, improving throughput by 34%.
- Collaborated with engineering stakeholders to optimize data pipelines and system reliability using Java.
- Reduced system downtime and latency by 23% through proactive monitoring and automated CI/CD workflows.

EDUCATION
B.S. in Electrical and Computer Engineering, Cornell University (Graduated 2017)
","FastAPI, System Design, Java, Go, Jira, Docker, PostgreSQL, Code Review, Redis, Python"
RES-0416,Sarah Taylor,sarah.taylor75@synthetic-talent.org,+1 (555) 660-5646,Cybersecurity Engineer,4,Mid-Level,Bachelor,B.Tech in Computer Science and Engineering,UC Berkeley,"Linux, Code Review, Go, Docker","Sarah Taylor
sarah.taylor75@synthetic-talent.org | +1 (555) 660-5646 | Location: New York, NY

PROFESSIONAL SUMMARY
Results-driven Cybersecurity Engineer with 4 years of industry experience specializing in Linux, Code Review, Go, Docker. Proven background building scalable solutions, collaborating across agile teams, and driving measurable engineering impact.

TECHNICAL SKILLS
Linux, Code Review, Go, Docker

PROFESSIONAL EXPERIENCE
Cybersecurity Engineer | Apple (2022 - Present)
- Designed and deployed enterprise-grade systems utilizing Linux and Code Review, improving throughput by 36%.
- Collaborated with engineering stakeholders to optimize data pipelines and system reliability using Go.
- Reduced system downtime and latency by 25% through proactive monitoring and automated CI/CD workflows.

Cybersecurity Engineer | Spotify (2021 - 2022)
- Designed and deployed enterprise-grade systems utilizing Linux and Code Review, improving throughput by 26%.
- Collaborated with engineering stakeholders to optimize data pipelines and system reliability using Go.
- Reduced system downtime and latency by 16% through proactive monitoring and automated CI/CD workflows.

EDUCATION
B.Tech in Computer Science and Engineering, UC Berkeley (Graduated 2021)
","Linux, Code Review, Go, Docker"
RES-0417,Mateo Johnson,mateo.johnson92@synthetic-talent.org,+1 (555) 242-6064,Frontend Engineer,14,Lead/Staff,Master,M.S. in Computer Science,BITS Pilani,"Node.js, TypeScript, GraphQL, JavaScript, HTML/CSS, Next.js, React, Linux, Unit Testing","Mateo Johnson
mateo.johnson92@synthetic-talent.org | +1 (555) 242-6064 | Location: New York, NY

PROFESSIONAL SUMMARY
Results-driven Frontend Engineer with 14 years of industry experience specializing in Node.js, TypeScript, GraphQL, JavaScript. Proven background building scalable solutions, collaborating across agile teams, and driving measurable engineering impact.

TECHNICAL SKILLS
Node.js, TypeScript, GraphQL, JavaScript, HTML/CSS, Next.js, React, Linux, Unit Testing

PROFESSIONAL EXPERIENCE
Senior Frontend Engineer | Palo Alto Networks (2023 - Present)
- Designed and deployed enterprise-grade systems utilizing Node.js and TypeScript, improving throughput by 36%.
- Collaborated with engineering stakeholders to optimize data pipelines and system reliability using GraphQL.
- Reduced system downtime and latency by 29% through proactive monitoring and automated CI/CD workflows.

Senior Frontend Engineer | Snowflake (2020 - 2023)
- Designed and deployed enterprise-grade systems utilizing Node.js and TypeScript, improving throughput by 24%.
- Collaborated with engineering stakeholders to optimize data pipelines and system reliability using GraphQL.
- Reduced system downtime and latency by 10% through proactive monitoring and automated CI/CD workflows.

Senior Frontend Engineer | Palantir (2016 - 2020)
- Designed and deployed enterprise-grade systems utilizing Node.js and TypeScript, improving throughput by 23%.
- Collaborated with engineering stakeholders to optimize data pipelines and system reliability using GraphQL.
- Reduced system downtime and latency by 29% through proactive monitoring and automated CI/CD workflows.

Senior Frontend Engineer | Adobe (2014 - 2016)
- Designed and deployed enterprise-grade systems utilizing Node.js and TypeScript, improving throughput by 23%.
- Collaborated with engineering stakeholders to optimize data pipelines and system reliability using GraphQL.
- Reduced system downtime and latency by 28% through proactive monitoring and automated CI/CD workflows.

Senior Frontend Engineer | ServiceNow (2011 - 2014)
- Designed and deployed enterprise-grade systems utilizing Node.js and TypeScript, improving throughput by 38%.
- Collaborated with engineering stakeholders to optimize data pipelines and system reliability using GraphQL.
- Reduced system downtime and latency by 12% through proactive monitoring and automated CI/CD workflows.

EDUCATION
M.S. in Computer Science, BITS Pilani (Graduated 2011)
","Node.js, TypeScript, GraphQL, JavaScript, HTML/CSS, Next.js, React, Linux, Unit Testing"
RES-0418,Emily Williams,emily.williams66@synthetic-talent.org,+1 (555) 678-3149,Data Scientist,11,Lead/Staff,Master,M.S. in Computer Science,Cornell University,"Deep Learning, Jira, Docker, Git, SQL, Python, Scikit-Learn, Pandas","Emily Williams
emily.williams66@synthetic-talent.org | +1 (555) 678-3149 | Location: New York, NY

PROFESSIONAL SUMMARY
Results-driven Data Scientist with 11 years of industry experience specializing in Deep Learning, Jira, Docker, Git. Proven background building scalable solutions, collaborating across agile teams, and driving measurable engineering impact.

TECHNICAL SKILLS
Deep Learning, Jira, Docker, Git, SQL, Python, Scikit-Learn, Pandas

PROFESSIONAL EXPERIENCE
Senior Data Scientist | Databricks (2021 - Present)
- Designed and deployed enterprise-grade systems utilizing Deep Learning and Jira, improving throughput by 15%.
- Collaborated with engineering stakeholders to optimize data pipelines and system reliability using Docker.
- Reduced system downtime and latency by 14% through proactive monitoring and automated CI/CD workflows.

Senior Data Scientist | Instacart (2017 - 2021)
- Designed and deployed enterprise-grade systems utilizing Deep Learning and Jira, improving throughput by 18%.
- Collaborated with engineering stakeholders to optimize data pipelines and system reliability using Docker.
- Reduced system downtime and latency by 26% through proactive monitoring and automated CI/CD workflows.

Senior Data Scientist | HubSpot (2015 - 2017)
- Designed and deployed enterprise-grade systems utilizing Deep Learning and Jira, improving throughput by 40%.
- Collaborated with engineering stakeholders to optimize data pipelines and system reliability using Docker.
- Reduced system downtime and latency by 22% through proactive monitoring and automated CI/CD workflows.

Senior Data Scientist | Airbnb (2014 - 2015)
- Designed and deployed enterprise-grade systems utilizing Deep Learning and Jira, improving throughput by 16%.
- Collaborated with engineering stakeholders to optimize data pipelines and system reliability using Docker.
- Reduced system downtime and latency by 14% through proactive monitoring and automated CI/CD workflows.

EDUCATION
M.S. in Computer Science, Cornell University (Graduated 2014)
","Deep Learning, Jira, Docker, Git, SQL, Python, Scikit-Learn, Pandas"
RES-0419,Kavita Jones,kavita.jones42@synthetic-talent.org,+1 (555) 630-4762,Data Scientist,4,Mid-Level,Doctorate,Ph.D. in Computer Science,MIT,"AWS, PyTorch, Machine Learning, Deep Learning, BigQuery, REST APIs, NLP, SQL, Python, Unit Testing","Kavita Jones
kavita.jones42@synthetic-talent.org | +1 (555) 630-4762 | Location: New York, NY

PROFESSIONAL SUMMARY
Results-driven Data Scientist with 4 years of industry experience specializing in AWS, PyTorch, Machine Learning, Deep Learning. Proven background building scalable solutions, collaborating across agile teams, and driving measurable engineering impact.

TECHNICAL SKILLS
AWS, PyTorch, Machine Learning, Deep Learning, BigQuery, REST APIs, NLP, SQL, Python, Unit Testing

PROFESSIONAL EXPERIENCE
Senior Data Scientist | Shopify (2021 - Present)
- Designed and deployed enterprise-grade systems utilizing AWS and PyTorch, improving throughput by 40%.
- Collaborated with engineering stakeholders to optimize data pipelines and system reliability using Machine Learning.
- Reduced system downtime and latency by 17% through proactive monitoring and automated CI/CD workflows.

EDUCATION
Ph.D. in Computer Science, MIT (Graduated 2021)
","AWS, PyTorch, Machine Learning, Deep Learning, GCP, REST APIs, NLP, SQL, Python, Unit Testing"
RES-0420,Alex Rostova,alex.rostova58@synthetic-talent.org,+1 (555) 571-4748,Cloud & DevOps Engineer,16,Lead/Staff,Bachelor,B.Tech in Computer Science and Engineering,IIT Bombay,"AWS, Terraform, Go, Kubernetes, REST APIs, Docker, Linux, Python, CI/CD, Unit Testing","Alex Rostova
alex.rostova58@synthetic-talent.org | +1 (555) 571-4748 | Location: New York, NY

PROFESSIONAL SUMMARY
Results-driven Cloud & DevOps Engineer with 16 years of industry experience specializing in AWS, Terraform, Go, Kubernetes. Proven background building scalable solutions, collaborating across agile teams, and driving measurable engineering impact.

TECHNICAL SKILLS
AWS, Terraform, Go, Kubernetes, REST APIs, Docker, Linux, Python, CI/CD, Unit Testing

PROFESSIONAL EXPERIENCE
Senior Cloud & DevOps Engineer | DoorDash (2021 - Present)
- Designed and deployed enterprise-grade systems utilizing AWS and Terraform, improving throughput by 41%.
- Collaborated with engineering stakeholders to optimize data pipelines and system reliability using Go.
- Reduced system downtime and latency by 17% through proactive monitoring and automated CI/CD workflows.

Senior Cloud & DevOps Engineer | MongoDB Inc. (2017 - 2021)
- Designed and deployed enterprise-grade systems utilizing AWS and Terraform, improving throughput by 17%.
- Collaborated with engineering stakeholders to optimize data pipelines and system reliability using Go.
- Reduced system downtime and latency by 27% through proactive monitoring and automated CI/CD workflows.

Senior Cloud & DevOps Engineer | NVIDIA (2013 - 2017)
- Designed and deployed enterprise-grade systems utilizing AWS and Terraform, improving throughput by 28%.
- Collaborated with engineering stakeholders to optimize data pipelines and system reliability using Go.
- Reduced system downtime and latency by 28% through proactive monitoring and automated CI/CD workflows.

Senior Cloud & DevOps Engineer | CrowdStrike (2009 - 2013)
- Designed and deployed enterprise-grade systems utilizing AWS and Terraform, improving throughput by 42%.
- Collaborated with engineering stakeholders to optimize data pipelines and system reliability using Go.
- Reduced system downtime and latency by 24% through proactive monitoring and automated CI/CD workflows.

EDUCATION
B.Tech in Computer Science and Engineering, IIT Bombay (Graduated 2009)
","AWS, Terraform, Go, Kubernetes, REST APIs, Docker, Linux, Python, CI/CD, Unit Testing"
RES-0421,Carlos Smith,carlos.smith46@synthetic-talent.org,+1 (555) 373-9547,Full Stack Engineer,10,Lead/Staff,Doctorate,Ph.D. in Computer Science,UT Austin,"Node.js, TypeScript, Docker, Git, PostgreSQL, React, Redis, Python, Unit Testing","Carlos Smith
carlos.smith46@synthetic-talent.org | +1 (555) 373-9547 | Location: New York, NY

PROFESSIONAL SUMMARY
Results-driven Full Stack Engineer with 10 years of industry experience specializing in Node.js, TypeScript, Docker, Git. Proven background building scalable solutions, collaborating across agile teams, and driving measurable engineering impact.

TECHNICAL SKILLS
Node.js, TypeScript, Docker, Git, PostgreSQL, React, Redis, Python, Unit Testing

PROFESSIONAL EXPERIENCE
Senior Full Stack Engineer | Snowflake (2022 - Present)
- Designed and deployed enterprise-grade systems utilizing Node.js and TypeScript, improving throughput by 18%.
- Collaborated with engineering stakeholders to optimize data pipelines and system reliability using Docker.
- Reduced system downtime and latency by 11% through proactive monitoring and automated CI/CD workflows.

Senior Full Stack Engineer | Robinhood (2019 - 2022)
- Designed and deployed enterprise-grade systems utilizing Node.js and TypeScript, improving throughput by 45%.
- Collaborated with engineering stakeholders to optimize data pipelines and system reliability using Docker.
- Reduced system downtime and latency by 21% through proactive monitoring and automated CI/CD workflows.

Senior Full Stack Engineer | Adobe (2017 - 2019)
- Designed and deployed enterprise-grade systems utilizing Node.js and TypeScript, improving throughput by 24%.
- Collaborated with engineering stakeholders to optimize data pipelines and system reliability using Docker.
- Reduced system downtime and latency by 29% through proactive monitoring and automated CI/CD workflows.

Senior Full Stack Engineer | Instacart (2015 - 2017)
- Designed and deployed enterprise-grade systems utilizing Node.js and TypeScript, improving throughput by 29%.
- Collaborated with engineering stakeholders to optimize data pipelines and system reliability using Docker.
- Reduced system downtime and latency by 11% through proactive monitoring and automated CI/CD workflows.

EDUCATION
Ph.D. in Computer Science, UT Austin (Graduated 2015)
","Node.js, TypeScript, Docker, Git, PostgreSQL, React, Redis, Python, Unit Testing"
RES-0422,Emma Garcia,emma.garcia78@synthetic-talent.org,+1 (555) 484-9266,Full Stack Engineer,11,Lead/Staff,Bachelor,B.S. in Computer Science,University of Illinois Urbana-Champaign,"FastAPI, Node.js, TypeScript, GraphQL, REST APIs, Docker, PostgreSQL, React, Agile, CI/CD","Emma Garcia
emma.garcia78@synthetic-talent.org | +1 (555) 484-9266 | Location: New York, NY

PROFESSIONAL SUMMARY
Results-driven Full Stack Engineer with 11 years of industry experience specializing in FastAPI, Node.js, TypeScript, GraphQL. Proven background building scalable solutions, collaborating across agile teams, and driving measurable engineering impact.

TECHNICAL SKILLS
FastAPI, Node.js, TypeScript, GraphQL, REST APIs, Docker, PostgreSQL, React, Agile, CI/CD

PROFESSIONAL EXPERIENCE
Senior Full Stack Engineer | MongoDB Inc. (2021 - Present)
- Designed and deployed enterprise-grade systems utilizing FastAPI and Node.js, improving throughput by 18%.
- Collaborated with engineering stakeholders to optimize data pipelines and system reliability using TypeScript.
- Reduced system downtime and latency by 15% through proactive monitoring and automated CI/CD workflows.

Senior Full Stack Engineer | Oracle (2018 - 2021)
- Designed and deployed enterprise-grade systems utilizing FastAPI and Node.js, improving throughput by 30%.
- Collaborated with engineering stakeholders to optimize data pipelines and system reliability using TypeScript.
- Reduced system downtime and latency by 29% through proactive monitoring and automated CI/CD workflows.

Senior Full Stack Engineer | CrowdStrike (2016 - 2018)
- Designed and deployed enterprise-grade systems utilizing FastAPI and Node.js, improving throughput by 27%.
- Collaborated with engineering stakeholders to optimize data pipelines and system reliability using TypeScript.
- Reduced system downtime and latency by 18% through proactive monitoring and automated CI/CD workflows.

Senior Full Stack Engineer | Airbnb (2014 - 2016)
- Designed and deployed enterprise-grade systems utilizing FastAPI and Node.js, improving throughput by 24%.
- Collaborated with engineering stakeholders to optimize data pipelines and system reliability using TypeScript.
- Reduced system downtime and latency by 22% through proactive monitoring and automated CI/CD workflows.

EDUCATION
B.S. in Computer Science, University of Illinois Urbana-Champaign (Graduated 2014)
","FastAPI, Node.js, TypeScript, GraphQL, REST APIs, Docker, PostgreSQL, React, Agile, CI/CD"
RES-0423,Mateo Wilson,mateo.wilson44@synthetic-talent.org,+1 (555) 196-5521,Backend Engineer,3,Mid-Level,Bachelor,B.S. in Computer Science,Delhi Technological University,"FastAPI, Node.js, System Design, Java, Go, Kubernetes, Docker, Git, PostgreSQL, Redis, Python, CI/CD, Unit Testing","Mateo Wilson
mateo.wilson44@synthetic-talent.org | +1 (555) 196-5521 | Location: New York, NY

PROFESSIONAL SUMMARY
Results-driven Backend Engineer with 3 years of industry experience specializing in FastAPI, Node.js, System Design, Java. Proven background building scalable solutions, collaborating across agile teams, and driving measurable engineering impact.

TECHNICAL SKILLS
FastAPI, Node.js, System Design, Java, Go, Kubernetes, Docker, Git, PostgreSQL, Redis, Python, CI/CD, Unit Testing

PROFESSIONAL EXPERIENCE
Backend Engineer | MongoDB Inc. (2023 - Present)
- Designed and deployed enterprise-grade systems utilizing FastAPI and Node.js, improving throughput by 45%.
- Collaborated with engineering stakeholders to optimize data pipelines and system reliability using System Design.
- Reduced system downtime and latency by 13% through proactive monitoring and automated CI/CD workflows.

Backend Engineer | Google (2022 - 2023)
- Designed and deployed enterprise-grade systems utilizing FastAPI and Node.js, improving throughput by 36%.
- Collaborated with engineering stakeholders to optimize data pipelines and system reliability using System Design.
- Reduced system downtime and latency by 26% through proactive monitoring and automated CI/CD workflows.

EDUCATION
B.S. in Computer Science, Delhi Technological University (Graduated 2022)
","FastAPI, Node.js, System Design, Java, Go, Kubernetes, Docker, Git, PostgreSQL, Redis, Python, CI/CD, Unit Testing"
RES-0424,Aisha Anderson,aisha.anderson97@synthetic-talent.org,+1 (555) 758-9319,Frontend Engineer,5,Mid-Level,Bachelor,B.S. in Electrical and Computer Engineering,University of Illinois Urbana-Champaign,"Node.js, TypeScript, GraphQL, REST APIs, Docker, React, CI/CD, Unit Testing","Aisha Anderson
aisha.anderson97@synthetic-talent.org | +1 (555) 758-9319 | Location: New York, NY

PROFESSIONAL SUMMARY
Results-driven Frontend Engineer with 5 years of industry experience specializing in Node.js, TypeScript, GraphQL, REST APIs. Proven background building scalable solutions, collaborating across agile teams, and driving measurable engineering impact.

TECHNICAL SKILLS
Node.js, TypeScript, GraphQL, REST APIs, Docker, React, CI/CD, Unit Testing

PROFESSIONAL EXPERIENCE
Frontend Engineer | Spotify (2023 - Present)
- Designed and deployed enterprise-grade systems utilizing Node.js and TypeScript, improving throughput by 35%.
- Collaborated with engineering stakeholders to optimize data pipelines and system reliability using GraphQL.
- Reduced system downtime and latency by 21% through proactive monitoring and automated CI/CD workflows.

Frontend Engineer | Intel (2020 - 2023)
- Designed and deployed enterprise-grade systems utilizing Node.js and TypeScript, improving throughput by 33%.
- Collaborated with engineering stakeholders to optimize data pipelines and system reliability using GraphQL.
- Reduced system downtime and latency by 28% through proactive monitoring and automated CI/CD workflows.

EDUCATION
B.S. in Electrical and Computer Engineering, University of Illinois Urbana-Champaign (Graduated 2020)
","Node.js, TypeScript, GraphQL, REST APIs, Docker, React, CI/CD, Unit Testing"
RES-0425,Michael Gupta,michael.gupta55@synthetic-talent.org,+1 (555) 254-2616,Data Engineer,8,Senior,Master,M.S. in Computer Science,Delhi Technological University,"AWS, Terraform, PostgreSQL, Linux, SQL, Code Review, Kafka, Python","Michael Gupta
michael.gupta55@synthetic-talent.org | +1 (555) 254-2616 | Location: New York, NY

PROFESSIONAL SUMMARY
Results-driven Data Engineer with 8 years of industry experience specializing in AWS, Terraform, PostgreSQL, Linux. Proven background building scalable solutions, collaborating across agile teams, and driving measurable engineering impact.

TECHNICAL SKILLS
AWS, Terraform, PostgreSQL, Linux, SQL, Code Review, Kafka, Python

PROFESSIONAL EXPERIENCE
Senior Data Engineer | Oracle (2021 - Present)
- Designed and deployed enterprise-grade systems utilizing AWS and Terraform, improving throughput by 21%.
- Collaborated with engineering stakeholders to optimize data pipelines and system reliability using PostgreSQL.
- Reduced system downtime and latency by 25% through proactive monitoring and automated CI/CD workflows.

Senior Data Engineer | ServiceNow (2019 - 2021)
- Designed and deployed enterprise-grade systems utilizing AWS and Terraform, improving throughput by 23%.
- Collaborated with engineering stakeholders to optimize data pipelines and system reliability using PostgreSQL.
- Reduced system downtime and latency by 14% through proactive monitoring and automated CI/CD workflows.

Senior Data Engineer | Palo Alto Networks (2017 - 2019)
- Designed and deployed enterprise-grade systems utilizing AWS and Terraform, improving throughput by 32%.
- Collaborated with engineering stakeholders to optimize data pipelines and system reliability using PostgreSQL.
- Reduced system downtime and latency by 22% through proactive monitoring and automated CI/CD workflows.

EDUCATION
M.S. in Computer Science, Delhi Technological University (Graduated 2017)
","AWS, Terraform, PostgreSQL, Linux, SQL, Code Review, Kafka, Python"
RES-0426,Emily Johnson,emily.johnson45@synthetic-talent.org,+1 (555) 382-4080,Data Scientist,5,Mid-Level,Bachelor,B.Tech in Computer Science and Engineering,Sharda University,"Machine Learning, Deep Learning, Jira, Docker, NLP, Linux, SQL, Scikit-Learn","Emily Johnson
emily.johnson45@synthetic-talent.org | +1 (555) 382-4080 | Location: New York, NY

PROFESSIONAL SUMMARY
Results-driven Data Scientist with 5 years of industry experience specializing in Machine Learning, Deep Learning, Jira, Docker. Proven background building scalable solutions, collaborating across agile teams, and driving measurable engineering impact.

TECHNICAL SKILLS
Machine Learning, Deep Learning, Jira, Docker, NLP, Linux, SQL, Scikit-Learn

PROFESSIONAL EXPERIENCE
Data Scientist | Wayfair (2022 - Present)
- Designed and deployed enterprise-grade systems utilizing Machine Learning and Deep Learning, improving throughput by 22%.
- Collaborated with engineering stakeholders to optimize data pipelines and system reliability using Jira.
- Reduced system downtime and latency by 21% through proactive monitoring and automated CI/CD workflows.

Data Scientist | DoorDash (2020 - 2022)
- Designed and deployed enterprise-grade systems utilizing Machine Learning and Deep Learning, improving throughput by 23%.
- Collaborated with engineering stakeholders to optimize data pipelines and system reliability using Jira.
- Reduced system downtime and latency by 26% through proactive monitoring and automated CI/CD workflows.

EDUCATION
B.Tech in Computer Science and Engineering, Sharda University (Graduated 2020)
","Machine Learning, Deep Learning, Jira, Docker, NLP, Linux, SQL, Scikit-Learn"
RES-0427,Vikram Chen,vikram.chen22@synthetic-talent.org,+1 (555) 939-4699,Data Scientist,9,Senior,Bachelor,B.Tech in Computer Science and Engineering,IIT Bombay,"Unit Testing, Machine Learning, Deep Learning, NLP, SQL, Code Review, Python, Scikit-Learn, Pandas","Vikram Chen
vikram.chen22@synthetic-talent.org | +1 (555) 939-4699 | Location: New York, NY

PROFESSIONAL SUMMARY
Results-driven Data Scientist with 9 years of industry experience specializing in Unit Testing, Machine Learning, Deep Learning, NLP. Proven background building scalable solutions, collaborating across agile teams, and driving measurable engineering impact.

TECHNICAL SKILLS
Unit Testing, Machine Learning, Deep Learning, NLP, SQL, Code Review, Python, Scikit-Learn, Pandas

PROFESSIONAL EXPERIENCE
Senior Data Scientist | DoorDash (2023 - Present)
- Designed and deployed enterprise-grade systems utilizing Unit Testing and Machine Learning, improving throughput by 29%.
- Collaborated with engineering stakeholders to optimize data pipelines and system reliability using Deep Learning.
- Reduced system downtime and latency by 24% through proactive monitoring and automated CI/CD workflows.

Senior Data Scientist | Stripe (2019 - 2023)
- Designed and deployed enterprise-grade systems utilizing Unit Testing and Machine Learning, improving throughput by 34%.
- Collaborated with engineering stakeholders to optimize data pipelines and system reliability using Deep Learning.
- Reduced system downtime and latency by 26% through proactive monitoring and automated CI/CD workflows.

Senior Data Scientist | Shopify (2016 - 2019)
- Designed and deployed enterprise-grade systems utilizing Unit Testing and Machine Learning, improving throughput by 44%.
- Collaborated with engineering stakeholders to optimize data pipelines and system reliability using Deep Learning.
- Reduced system downtime and latency by 27% through proactive monitoring and automated CI/CD workflows.

EDUCATION
B.Tech in Computer Science and Engineering, IIT Bombay (Graduated 2016)
","Unit Testing, Machine Learning, Deep Learning, NLP, SQL, Code Review, Python, Scikit-Learn, Pandas"
RES-0428,Mateo Williams,mateo.williams16@synthetic-talent.org,+1 (555) 204-8607,Machine Learning Engineer,2,Mid-Level,Bachelor,B.S. in Electrical and Computer Engineering,IIT Bombay,"FastAPI, PyTorch, Machine Learning, GCP, AWS, Kubernetes, REST APIs, Docker, Git, Kafka, CI/CD","Mateo Williams
mateo.williams16@synthetic-talent.org | +1 (555) 204-8607 | Location: New York, NY

PROFESSIONAL SUMMARY
Results-driven Machine Learning Engineer with 2 years of industry experience specializing in FastAPI, PyTorch, Machine Learning, GCP. Proven background building scalable solutions, collaborating across agile teams, and driving measurable engineering impact.

TECHNICAL SKILLS
FastAPI, PyTorch, Machine Learning, GCP, AWS, Kubernetes, REST APIs, Docker, Git, Kafka, CI/CD

PROFESSIONAL EXPERIENCE
Machine Learning Engineer | Zscaler (2023 - Present)
- Designed and deployed enterprise-grade systems utilizing FastAPI and PyTorch, improving throughput by 33%.
- Collaborated with engineering stakeholders to optimize data pipelines and system reliability using Machine Learning.
- Reduced system downtime and latency by 23% through proactive monitoring and automated CI/CD workflows.

EDUCATION
B.S. in Electrical and Computer Engineering, IIT Bombay (Graduated 2023)
","FastAPI, PyTorch, Machine Learning, GCP, AWS, Kubernetes, REST APIs, Docker, Git, Kafka, CI/CD"
RES-0429,Elena Taylor,elena.taylor10@synthetic-talent.org,+1 (555) 254-5080,Data Engineer,3,Mid-Level,Master,M.S. in Computer Science,University of Michigan,"Terraform, Docker, Spark, PostgreSQL, Code Review, Agile, Python","Elena Taylor
elena.taylor10@synthetic-talent.org | +1 (555) 254-5080 | Location: New York, NY

PROFESSIONAL SUMMARY
Results-driven Data Engineer with 3 years of industry experience specializing in Terraform, Docker, Spark, PostgreSQL. Proven background building scalable solutions, collaborating across agile teams, and driving measurable engineering impact.

TECHNICAL SKILLS
Terraform, Docker, Spark, PostgreSQL, Code Review, Agile, Python

PROFESSIONAL EXPERIENCE
Data Engineer | Robinhood (2022 - Present)
- Designed and deployed enterprise-grade systems utilizing Terraform and Docker, improving throughput by 19%.
- Collaborated with engineering stakeholders to optimize data pipelines and system reliability using Spark.
- Reduced system downtime and latency by 28% through proactive monitoring and automated CI/CD workflows.

EDUCATION
M.S. in Computer Science, University of Michigan (Graduated 2022)
","Terraform, Docker, Spark, PostgreSQL, Code Review, Agile, Python"
RES-0430,Vikram Garcia,vikram.garcia76@synthetic-talent.org,+1 (555) 756-2482,Frontend Engineer,14,Lead/Staff,Bachelor,B.Tech in Computer Science and Engineering,University of Michigan,"Node.js, TypeScript, JavaScript, Docker, HTML/CSS, Next.js, React, Agile, CI/CD, Unit Testing","Vikram Garcia
vikram.garcia76@synthetic-talent.org | +1 (555) 756-2482 | Location: New York, NY

PROFESSIONAL SUMMARY
Results-driven Frontend Engineer with 14 years of industry experience specializing in Node.js, TypeScript, JavaScript, Docker. Proven background building scalable solutions, collaborating across agile teams, and driving measurable engineering impact.

TECHNICAL SKILLS
Node.js, TypeScript, JavaScript, Docker, HTML/CSS, Next.js, React, Agile, CI/CD, Unit Testing

PROFESSIONAL EXPERIENCE
Senior Frontend Engineer | ServiceNow (2023 - Present)
- Designed and deployed enterprise-grade systems utilizing Node.js and TypeScript, improving throughput by 43%.
- Collaborated with engineering stakeholders to optimize data pipelines and system reliability using JavaScript.
- Reduced system downtime and latency by 24% through proactive monitoring and automated CI/CD workflows.

Senior Frontend Engineer | Atlassian (2019 - 2023)
- Designed and deployed enterprise-grade systems utilizing Node.js and TypeScript, improving throughput by 43%.
- Collaborated with engineering stakeholders to optimize data pipelines and system reliability using JavaScript.
- Reduced system downtime and latency by 15% through proactive monitoring and automated CI/CD workflows.

Senior Frontend Engineer | Coinbase (2017 - 2019)
- Designed and deployed enterprise-grade systems utilizing Node.js and TypeScript, improving throughput by 26%.
- Collaborated with engineering stakeholders to optimize data pipelines and system reliability using JavaScript.
- Reduced system downtime and latency by 15% through proactive monitoring and automated CI/CD workflows.

Senior Frontend Engineer | Spotify (2014 - 2017)
- Designed and deployed enterprise-grade systems utilizing Node.js and TypeScript, improving throughput by 30%.
- Collaborated with engineering stakeholders to optimize data pipelines and system reliability using JavaScript.
- Reduced system downtime and latency by 10% through proactive monitoring and automated CI/CD workflows.

Senior Frontend Engineer | Square / Block (2011 - 2014)
- Designed and deployed enterprise-grade systems utilizing Node.js and TypeScript, improving throughput by 43%.
- Collaborated with engineering stakeholders to optimize data pipelines and system reliability using JavaScript.
- Reduced system downtime and latency by 11% through proactive monitoring and automated CI/CD workflows.

EDUCATION
B.Tech in Computer Science and Engineering, University of Michigan (Graduated 2011)
","Node.js, TypeScript, JavaScript, Docker, HTML/CSS, Next.js, React, Agile, CI/CD, Unit Testing"
RES-0431,Vikram Smith,vikram.smith86@synthetic-talent.org,+1 (555) 614-2714,Full Stack Engineer,5,Senior,Doctorate,Ph.D. in Computer Science,Cornell University,"FastAPI, Node.js, TypeScript, Docker, PostgreSQL, React, Linux, Unit Testing","Vikram Smith
vikram.smith86@synthetic-talent.org | +1 (555) 614-2714 | Location: New York, NY

PROFESSIONAL SUMMARY
Results-driven Full Stack Engineer with 5 years of industry experience specializing in FastAPI, Node.js, TypeScript, Docker. Proven background building scalable solutions, collaborating across agile teams, and driving measurable engineering impact.

TECHNICAL SKILLS
FastAPI, Node.js, TypeScript, Docker, PostgreSQL, React, Linux, Unit Testing

PROFESSIONAL EXPERIENCE
Full Stack Engineer | Workday (2023 - Present)
- Designed and deployed enterprise-grade systems utilizing FastAPI and Node.js, improving throughput by 42%.
- Collaborated with engineering stakeholders to optimize data pipelines and system reliability using TypeScript.
- Reduced system downtime and latency by 29% through proactive monitoring and automated CI/CD workflows.

Full Stack Engineer | Zscaler (2020 - 2023)
- Designed and deployed enterprise-grade systems utilizing FastAPI and Node.js, improving throughput by 23%.
- Collaborated with engineering stakeholders to optimize data pipelines and system reliability using TypeScript.
- Reduced system downtime and latency by 19% through proactive monitoring and automated CI/CD workflows.

EDUCATION
Ph.D. in Computer Science, Cornell University (Graduated 2020)
","FastAPI, Node.js, TypeScript, Docker, PostgreSQL, React, Linux, Unit Testing"
RES-0432,Emily Kim,emily.kim88@synthetic-talent.org,+1 (555) 140-2255,Data Scientist,3,Mid-Level,Master,M.S. in Computer Science,University of Illinois Urbana-Champaign,"PyTorch, Machine Learning, Deep Learning, Docker, Git, NLP, Linux, Scikit-Learn","Emily Kim
emily.kim88@synthetic-talent.org | +1 (555) 140-2255 | Location: New York, NY

PROFESSIONAL SUMMARY
Results-driven Data Scientist with 3 years of industry experience specializing in PyTorch, Machine Learning, Deep Learning, Docker. Proven background building scalable solutions, collaborating across agile teams, and driving measurable engineering impact.

TECHNICAL SKILLS
PyTorch, Machine Learning, Deep Learning, Docker, Git, NLP, Linux, Scikit-Learn

PROFESSIONAL EXPERIENCE
Data Scientist | Salesforce (2023 - Present)
- Designed and deployed enterprise-grade systems utilizing PyTorch and Machine Learning, improving throughput by 37%.
- Collaborated with engineering stakeholders to optimize data pipelines and system reliability using Deep Learning.
- Reduced system downtime and latency by 25% through proactive monitoring and automated CI/CD workflows.

Data Scientist | Cisco (2022 - 2023)
- Designed and deployed enterprise-grade systems utilizing PyTorch and Machine Learning, improving throughput by 35%.
- Collaborated with engineering stakeholders to optimize data pipelines and system reliability using Deep Learning.
- Reduced system downtime and latency by 12% through proactive monitoring and automated CI/CD workflows.

EDUCATION
M.S. in Computer Science, University of Illinois Urbana-Champaign (Graduated 2022)
","PyTorch, Machine Learning, Deep Learning, Docker, Git, NLP, Linux, Scikit-Learn"
RES-0433,Ananya Jones,ananya.jones73@synthetic-talent.org,+1 (555) 255-2882,Cloud & DevOps Engineer,4,Mid-Level,Bachelor,B.Tech in Computer Science and Engineering,Sharda University,"Azure, Terraform, Go, REST APIs, Jira, Docker, Prometheus, CI/CD","Ananya Jones
ananya.jones73@synthetic-talent.org | +1 (555) 255-2882 | Location: New York, NY

PROFESSIONAL SUMMARY
Results-driven Cloud & DevOps Engineer with 4 years of industry experience specializing in Azure, Terraform, Go, REST APIs. Proven background building scalable solutions, collaborating across agile teams, and driving measurable engineering impact.

TECHNICAL SKILLS
Azure, Terraform, Go, REST APIs, Jira, Docker, Prometheus, CI/CD

PROFESSIONAL EXPERIENCE
Cloud & DevOps Engineer | Stripe (2023 - Present)
- Designed and deployed enterprise-grade systems utilizing Azure and Terraform, improving throughput by 28%.
- Collaborated with engineering stakeholders to optimize data pipelines and system reliability using Go.
- Reduced system downtime and latency by 24% through proactive monitoring and automated CI/CD workflows.

Cloud & DevOps Engineer | Wayfair (2021 - 2023)
- Designed and deployed enterprise-grade systems utilizing Azure and Terraform, improving throughput by 27%.
- Collaborated with engineering stakeholders to optimize data pipelines and system reliability using Go.
- Reduced system downtime and latency by 13% through proactive monitoring and automated CI/CD workflows.

EDUCATION
B.Tech in Computer Science and Engineering, Sharda University (Graduated 2021)
","Azure, Terraform, Go, REST APIs, Jira, Docker, Prometheus, CI/CD"
RES-0434,James Tanaka,james.tanaka46@synthetic-talent.org,+1 (555) 123-5669,Data Engineer,2,Junior,Bachelor,B.Tech in Computer Science and Engineering,IIT Bombay,"Spark, Git, PostgreSQL, SQL, Snowflake, Agile, Kafka, Airflow","James Tanaka
james.tanaka46@synthetic-talent.org | +1 (555) 123-5669 | Location: New York, NY

PROFESSIONAL SUMMARY
Results-driven Data Engineer with 2 years of industry experience specializing in Spark, Git, PostgreSQL, SQL. Proven background building scalable solutions, collaborating across agile teams, and driving measurable engineering impact.

TECHNICAL SKILLS
Spark, Git, PostgreSQL, SQL, Snowflake, Agile, Kafka, Airflow

PROFESSIONAL EXPERIENCE
Data Engineer | Microsoft (2023 - Present)
- Designed and deployed enterprise-grade systems utilizing Spark and Git, improving throughput by 45%.
- Collaborated with engineering stakeholders to optimize data pipelines and system reliability using PostgreSQL.
- Reduced system downtime and latency by 30% through proactive monitoring and automated CI/CD workflows.

EDUCATION
B.Tech in Computer Science and Engineering, IIT Bombay (Graduated 2023)
","Spark, Git, PostgreSQL, SQL, Snowflake, Agile, Kafka, Airflow"
RES-0435,Michael Miller,michael.miller88@synthetic-talent.org,+1 (555) 121-1535,Data Engineer,6,Senior,Bachelor,B.Tech in Computer Science and Engineering,Stanford University,"AWS, GCP, Terraform, Spark, Docker, Git, PostgreSQL, Linux, SQL, Kafka, Python, Airflow","Michael Miller
michael.miller88@synthetic-talent.org | +1 (555) 121-1535 | Location: New York, NY

PROFESSIONAL SUMMARY
Results-driven Data Engineer with 6 years of industry experience specializing in AWS, GCP, Terraform, Spark. Proven background building scalable solutions, collaborating across agile teams, and driving measurable engineering impact.

TECHNICAL SKILLS
AWS, GCP, Terraform, Spark, Docker, Git, PostgreSQL, Linux, SQL, Kafka, Python, Airflow

PROFESSIONAL EXPERIENCE
Senior Data Engineer | Palo Alto Networks (2021 - Present)
- Designed and deployed enterprise-grade systems utilizing AWS and GCP, improving throughput by 19%.
- Collaborated with engineering stakeholders to optimize data pipelines and system reliability using Terraform.
- Reduced system downtime and latency by 18% through proactive monitoring and automated CI/CD workflows.

Senior Data Engineer | Workday (2019 - 2021)
- Designed and deployed enterprise-grade systems utilizing AWS and GCP, improving throughput by 26%.
- Collaborated with engineering stakeholders to optimize data pipelines and system reliability using Terraform.
- Reduced system downtime and latency by 30% through proactive monitoring and automated CI/CD workflows.

EDUCATION
B.Tech in Computer Science and Engineering, Stanford University (Graduated 2019)
","AWS, GCP, Terraform, Spark, Docker, Git, PostgreSQL, Linux, SQL, Kafka, Python, Airflow"
RES-0436,Zoe Kim,zoe.kim74@synthetic-talent.org,+1 (555) 927-3018,Full Stack Engineer,8,Senior,Master,M.S. in Machine Learning and Data Science,UT Austin,"Node.js, TypeScript, GraphQL, Git, React, Redis, Python, CI/CD, Unit Testing","Zoe Kim
zoe.kim74@synthetic-talent.org | +1 (555) 927-3018 | Location: New York, NY

PROFESSIONAL SUMMARY
Results-driven Full Stack Engineer with 8 years of industry experience specializing in Node.js, TypeScript, GraphQL, Git. Proven background building scalable solutions, collaborating across agile teams, and driving measurable engineering impact.

TECHNICAL SKILLS
Node.js, TypeScript, GraphQL, Git, React, Redis, Python, CI/CD, Unit Testing

PROFESSIONAL EXPERIENCE
Senior Full Stack Engineer | Pinterest (2023 - Present)
- Designed and deployed enterprise-grade systems utilizing Node.js and TypeScript, improving throughput by 37%.
- Collaborated with engineering stakeholders to optimize data pipelines and system reliability using GraphQL.
- Reduced system downtime and latency by 26% through proactive monitoring and automated CI/CD workflows.

Senior Full Stack Engineer | NVIDIA (2020 - 2023)
- Designed and deployed enterprise-grade systems utilizing Node.js and TypeScript, improving throughput by 23%.
- Collaborated with engineering stakeholders to optimize data pipelines and system reliability using GraphQL.
- Reduced system downtime and latency by 17% through proactive monitoring and automated CI/CD workflows.

Senior Full Stack Engineer | Intel (2017 - 2020)
- Designed and deployed enterprise-grade systems utilizing Node.js and TypeScript, improving throughput by 28%.
- Collaborated with engineering stakeholders to optimize data pipelines and system reliability using GraphQL.
- Reduced system downtime and latency by 17% through proactive monitoring and automated CI/CD workflows.

EDUCATION
M.S. in Machine Learning and Data Science, UT Austin (Graduated 2017)
","Node.js, TypeScript, GraphQL, Git, React, Redis, Python, CI/CD, Unit Testing"
RES-0437,Marcus Rodriguez,marcus.rodriguez71@synthetic-talent.org,+1 (555) 213-4900,Data Engineer,2,Mid-Level,Bachelor,B.S. in Electrical and Computer Engineering,University of Illinois Urbana-Champaign,"REST APIs, Spark, Docker, PostgreSQL, SQL, Kafka, Python, Unit Testing, Airflow","Marcus Rodriguez
marcus.rodriguez71@synthetic-talent.org | +1 (555) 213-4900 | Location: New York, NY

PROFESSIONAL SUMMARY
Results-driven Data Engineer with 2 years of industry experience specializing in REST APIs, Spark, Docker, PostgreSQL. Proven background building scalable solutions, collaborating across agile teams, and driving measurable engineering impact.

TECHNICAL SKILLS
REST APIs, Spark, Docker, PostgreSQL, SQL, Kafka, Python, Unit Testing, Airflow

PROFESSIONAL EXPERIENCE
Data Engineer | Pinterest (2023 - Present)
- Designed and deployed enterprise-grade systems utilizing REST APIs and Spark, improving throughput by 35%.
- Collaborated with engineering stakeholders to optimize data pipelines and system reliability using Docker.
- Reduced system downtime and latency by 30% through proactive monitoring and automated CI/CD workflows.

EDUCATION
B.S. in Electrical and Computer Engineering, University of Illinois Urbana-Champaign (Graduated 2023)
","REST APIs, Spark, Docker, PostgreSQL, SQL, Kafka, Python, Unit Testing, Airflow"
RES-0438,Sarah Gupta,sarah.gupta16@synthetic-talent.org,+1 (555) 158-5019,Full Stack Engineer,1,Junior,Doctorate,Ph.D. in Computer Science,Delhi Technological University,"FastAPI, AWS, TypeScript, React, Agile, Python, CI/CD, Unit Testing","Sarah Gupta
sarah.gupta16@synthetic-talent.org | +1 (555) 158-5019 | Location: New York, NY

PROFESSIONAL SUMMARY
Results-driven Full Stack Engineer with 1 years of industry experience specializing in FastAPI, AWS, TypeScript, React. Proven background building scalable solutions, collaborating across agile teams, and driving measurable engineering impact.

TECHNICAL SKILLS
FastAPI, AWS, TypeScript, React, Agile, Python, CI/CD, Unit Testing

PROFESSIONAL EXPERIENCE
Full Stack Engineer | Shopify (2024 - Present)
- Designed and deployed enterprise-grade systems utilizing FastAPI and AWS, improving throughput by 17%.
- Collaborated with engineering stakeholders to optimize data pipelines and system reliability using TypeScript.
- Reduced system downtime and latency by 23% through proactive monitoring and automated CI/CD workflows.

EDUCATION
Ph.D. in Computer Science, Delhi Technological University (Graduated 2024)
","FastAPI, AWS, TypeScript, React, Agile, Python, CI/CD, Unit Testing"
RES-0439,Vikram Chen,vikram.chen22@synthetic-talent.org,+1 (555) 836-1992,Frontend Engineer,2,Junior,Master,M.S. in Machine Learning and Data Science,UC Berkeley,"Node.js, TypeScript, GraphQL, JavaScript, Docker, Next.js, Linux, Agile, CI/CD","Vikram Chen
vikram.chen22@synthetic-talent.org | +1 (555) 836-1992 | Location: New York, NY

PROFESSIONAL SUMMARY
Results-driven Frontend Engineer with 2 years of industry experience specializing in Node.js, TypeScript, GraphQL, JavaScript. Proven background building scalable solutions, collaborating across agile teams, and driving measurable engineering impact.

TECHNICAL SKILLS
Node.js, TypeScript, GraphQL, JavaScript, Docker, Next.js, Linux, Agile, CI/CD

PROFESSIONAL EXPERIENCE
Frontend Engineer | Salesforce (2023 - Present)
- Designed and deployed enterprise-grade systems utilizing Node.js and TypeScript, improving throughput by 39%.
- Collaborated with engineering stakeholders to optimize data pipelines and system reliability using GraphQL.
- Reduced system downtime and latency by 22% through proactive monitoring and automated CI/CD workflows.

EDUCATION
M.S. in Machine Learning and Data Science, UC Berkeley (Graduated 2023)
","Node.js, TypeScript, GraphQL, JavaScript, Docker, Next.js, Linux, Agile, CI/CD"
RES-0440,Liam Garcia,liam.garcia38@synthetic-talent.org,+1 (555) 951-3506,Full Stack Engineer,5,Mid-Level,Bachelor,B.S. in Electrical and Computer Engineering,BITS Pilani,"AWS, FastAPI, TypeScript, GraphQL, PostgreSQL, React, Linux, Code Review, Redis, Python","Liam Garcia
liam.garcia38@synthetic-talent.org | +1 (555) 951-3506 | Location: New York, NY

PROFESSIONAL SUMMARY
Results-driven Full Stack Engineer with 5 years of industry experience specializing in AWS, FastAPI, TypeScript, GraphQL. Proven background building scalable solutions, collaborating across agile teams, and driving measurable engineering impact.

TECHNICAL SKILLS
AWS, FastAPI, TypeScript, GraphQL, PostgreSQL, React, Linux, Code Review, Redis, Python

PROFESSIONAL EXPERIENCE
Full Stack Engineer | Stripe (2022 - Present)
- Designed and deployed enterprise-grade systems utilizing AWS and FastAPI, improving throughput by 17%.
- Collaborated with engineering stakeholders to optimize data pipelines and system reliability using TypeScript.
- Reduced system downtime and latency by 16% through proactive monitoring and automated CI/CD workflows.

Full Stack Engineer | Cloudflare (2020 - 2022)
- Designed and deployed enterprise-grade systems utilizing AWS and FastAPI, improving throughput by 45%.
- Collaborated with engineering stakeholders to optimize data pipelines and system reliability using TypeScript.
- Reduced system downtime and latency by 22% through proactive monitoring and automated CI/CD workflows.

EDUCATION
B.S. in Electrical and Computer Engineering, BITS Pilani (Graduated 2020)
","AWS, FastAPI, TypeScript, GraphQL, PostgreSQL, React, Linux, Code Review, Redis, Python"
RES-0441,Kavita Patel,kavita.patel71@synthetic-talent.org,+1 (555) 218-1754,Backend Engineer,5,Senior,Doctorate,Ph.D. in Computer Science,Georgia Tech,"AWS, Node.js, System Design, Go, Jira, PostgreSQL, Agile, Redis, Python, CI/CD","Kavita Patel
kavita.patel71@synthetic-talent.org | +1 (555) 218-1754 | Location: New York, NY

PROFESSIONAL SUMMARY
Results-driven Backend Engineer with 5 years of industry experience specializing in AWS, Node.js, System Design, Go. Proven background building scalable solutions, collaborating across agile teams, and driving measurable engineering impact.

TECHNICAL SKILLS
AWS, Node.js, System Design, Go, Jira, PostgreSQL, Agile, Redis, Python, CI/CD

PROFESSIONAL EXPERIENCE
Backend Engineer | Palo Alto Networks (2022 - Present)
- Designed and deployed enterprise-grade systems utilizing AWS and Node.js, improving throughput by 17%.
- Collaborated with engineering stakeholders to optimize data pipelines and system reliability using System Design.
- Reduced system downtime and latency by 29% through proactive monitoring and automated CI/CD workflows.

Backend Engineer | Atlassian (2020 - 2022)
- Designed and deployed enterprise-grade systems utilizing AWS and Node.js, improving throughput by 36%.
- Collaborated with engineering stakeholders to optimize data pipelines and system reliability using System Design.
- Reduced system downtime and latency by 11% through proactive monitoring and automated CI/CD workflows.

EDUCATION
Ph.D. in Computer Science, Georgia Tech (Graduated 2020)
","AWS, Node.js, System Design, Go, Jira, PostgreSQL, Agile, Redis, Python, CI/CD"
RES-0442,Mateo Taylor,mateo.taylor60@synthetic-talent.org,+1 (555) 904-5291,Full Stack Engineer,9,Senior,Bachelor,B.S. in Computer Science,UT Austin,"FastAPI, Node.js, AWS, TypeScript, GraphQL, Git, PostgreSQL, React, Redis, Python, CI/CD, Unit Testing","Mateo Taylor
mateo.taylor60@synthetic-talent.org | +1 (555) 904-5291 | Location: New York, NY

PROFESSIONAL SUMMARY
Results-driven Full Stack Engineer with 9 years of industry experience specializing in FastAPI, Node.js, AWS, TypeScript. Proven background building scalable solutions, collaborating across agile teams, and driving measurable engineering impact.

TECHNICAL SKILLS
FastAPI, Node.js, AWS, TypeScript, GraphQL, Git, PostgreSQL, React, Redis, Python, CI/CD, Unit Testing

PROFESSIONAL EXPERIENCE
Senior Full Stack Engineer | Square / Block (2023 - Present)
- Designed and deployed enterprise-grade systems utilizing FastAPI and Node.js, improving throughput by 16%.
- Collaborated with engineering stakeholders to optimize data pipelines and system reliability using AWS.
- Reduced system downtime and latency by 17% through proactive monitoring and automated CI/CD workflows.

Senior Full Stack Engineer | Pinterest (2021 - 2023)
- Designed and deployed enterprise-grade systems utilizing FastAPI and Node.js, improving throughput by 30%.
- Collaborated with engineering stakeholders to optimize data pipelines and system reliability using AWS.
- Reduced system downtime and latency by 28% through proactive monitoring and automated CI/CD workflows.

Senior Full Stack Engineer | Google (2019 - 2021)
- Designed and deployed enterprise-grade systems utilizing FastAPI and Node.js, improving throughput by 15%.
- Collaborated with engineering stakeholders to optimize data pipelines and system reliability using AWS.
- Reduced system downtime and latency by 24% through proactive monitoring and automated CI/CD workflows.

Senior Full Stack Engineer | Robinhood (2017 - 2019)
- Designed and deployed enterprise-grade systems utilizing FastAPI and Node.js, improving throughput by 22%.
- Collaborated with engineering stakeholders to optimize data pipelines and system reliability using AWS.
- Reduced system downtime and latency by 30% through proactive monitoring and automated CI/CD workflows.

Senior Full Stack Engineer | CrowdStrike (2016 - 2017)
- Designed and deployed enterprise-grade systems utilizing FastAPI and Node.js, improving throughput by 20%.
- Collaborated with engineering stakeholders to optimize data pipelines and system reliability using AWS.
- Reduced system downtime and latency by 21% through proactive monitoring and automated CI/CD workflows.

EDUCATION
B.S. in Computer Science, UT Austin (Graduated 2016)
","FastAPI, Node.js, AWS, TypeScript, GraphQL, Git, PostgreSQL, React, Redis, Python, CI/CD, Unit Testing"
RES-0443,Zoe Jones,zoe.jones47@synthetic-talent.org,+1 (555) 537-9288,Full Stack Engineer,1,Junior,Doctorate,Ph.D. in Computer Science,Sharda University,"FastAPI, Node.js, TypeScript, GraphQL, Docker, Code Review, Python, Unit Testing","Zoe Jones
zoe.jones47@synthetic-talent.org | +1 (555) 537-9288 | Location: New York, NY

PROFESSIONAL SUMMARY
Results-driven Full Stack Engineer with 1 years of industry experience specializing in FastAPI, Node.js, TypeScript, GraphQL. Proven background building scalable solutions, collaborating across agile teams, and driving measurable engineering impact.

TECHNICAL SKILLS
FastAPI, Node.js, TypeScript, GraphQL, Docker, Code Review, Python, Unit Testing

PROFESSIONAL EXPERIENCE
Full Stack Engineer | Splunk (2024 - Present)
- Designed and deployed enterprise-grade systems utilizing FastAPI and Node.js, improving throughput by 35%.
- Collaborated with engineering stakeholders to optimize data pipelines and system reliability using TypeScript.
- Reduced system downtime and latency by 20% through proactive monitoring and automated CI/CD workflows.

EDUCATION
Ph.D. in Computer Science, Sharda University (Graduated 2024)
","FastAPI, Node.js, TypeScript, GraphQL, Docker, Code Review, Python, Unit Testing"
RES-0444,Jordan Kim,jordan.kim10@synthetic-talent.org,+1 (555) 620-9234,Data Scientist,3,Mid-Level,Bachelor,B.Tech in Computer Science and Engineering,Georgia Tech,"PyTorch, AWS, Machine Learning, Deep Learning, Jira, Docker, Git, SQL, Python, Scikit-Learn, Pandas","Jordan Kim
jordan.kim10@synthetic-talent.org | +1 (555) 620-9234 | Location: New York, NY

PROFESSIONAL SUMMARY
Results-driven Data Scientist with 3 years of industry experience specializing in PyTorch, AWS, Machine Learning, Deep Learning. Proven background building scalable solutions, collaborating across agile teams, and driving measurable engineering impact.

TECHNICAL SKILLS
PyTorch, AWS, Machine Learning, Deep Learning, Jira, Docker, Git, SQL, Python, Scikit-Learn, Pandas

PROFESSIONAL EXPERIENCE
Data Scientist | Google (2022 - Present)
- Designed and deployed enterprise-grade systems utilizing PyTorch and AWS, improving throughput by 44%.
- Collaborated with engineering stakeholders to optimize data pipelines and system reliability using Machine Learning.
- Reduced system downtime and latency by 23% through proactive monitoring and automated CI/CD workflows.

EDUCATION
B.Tech in Computer Science and Engineering, Georgia Tech (Graduated 2022)
","PyTorch, AWS, Machine Learning, Deep Learning, Jira, Docker, Git, SQL, Python, Scikit-Learn, Pandas"
RES-0445,Alex Sharma,alex.sharma99@synthetic-talent.org,+1 (555) 803-8635,Full Stack Engineer,4,Mid-Level,Bachelor,B.S. in Electrical and Computer Engineering,UC Berkeley,"Node.js, GraphQL, Docker, Git, PostgreSQL, React, Python, Unit Testing","Alex Sharma
alex.sharma99@synthetic-talent.org | +1 (555) 803-8635 | Location: New York, NY

PROFESSIONAL SUMMARY
Results-driven Full Stack Engineer with 4 years of industry experience specializing in Node.js, GraphQL, Docker, Git. Proven background building scalable solutions, collaborating across agile teams, and driving measurable engineering impact.

TECHNICAL SKILLS
Node.js, GraphQL, Docker, Git, PostgreSQL, React, Python, Unit Testing

PROFESSIONAL EXPERIENCE
Full Stack Engineer | Cisco (2022 - Present)
- Designed and deployed enterprise-grade systems utilizing Node.js and GraphQL, improving throughput by 38%.
- Collaborated with engineering stakeholders to optimize data pipelines and system reliability using Docker.
- Reduced system downtime and latency by 26% through proactive monitoring and automated CI/CD workflows.

Full Stack Engineer | Instacart (2021 - 2022)
- Designed and deployed enterprise-grade systems utilizing Node.js and GraphQL, improving throughput by 18%.
- Collaborated with engineering stakeholders to optimize data pipelines and system reliability using Docker.
- Reduced system downtime and latency by 26% through proactive monitoring and automated CI/CD workflows.

EDUCATION
B.S. in Electrical and Computer Engineering, UC Berkeley (Graduated 2021)
","Node.js, GraphQL, Docker, Git, PostgreSQL, React, Python, Unit Testing"
RES-0446,Mateo Garcia,mateo.garcia66@synthetic-talent.org,+1 (555) 481-2419,Data Engineer,6,Senior,Bachelor,B.Tech in Computer Science and Engineering,Georgia Tech,"AWS, Terraform, GCP, Spark, Docker, SQL, Snowflake, Code Review, Kafka, Python, Unit Testing, Airflow","Mateo Garcia
mateo.garcia66@synthetic-talent.org | +1 (555) 481-2419 | Location: New York, NY

PROFESSIONAL SUMMARY
Results-driven Data Engineer with 6 years of industry experience specializing in AWS, Terraform, GCP, Spark. Proven background building scalable solutions, collaborating across agile teams, and driving measurable engineering impact.

TECHNICAL SKILLS
AWS, Terraform, GCP, Spark, Docker, SQL, Snowflake, Code Review, Kafka, Python, Unit Testing, Airflow

PROFESSIONAL EXPERIENCE
Senior Data Engineer | Salesforce (2022 - Present)
- Designed and deployed enterprise-grade systems utilizing AWS and Terraform, improving throughput by 39%.
- Collaborated with engineering stakeholders to optimize data pipelines and system reliability using GCP.
- Reduced system downtime and latency by 23% through proactive monitoring and automated CI/CD workflows.

Senior Data Engineer | Databricks (2019 - 2022)
- Designed and deployed enterprise-grade systems utilizing AWS and Terraform, improving throughput by 33%.
- Collaborated with engineering stakeholders to optimize data pipelines and system reliability using GCP.
- Reduced system downtime and latency by 24% through proactive monitoring and automated CI/CD workflows.

EDUCATION
B.Tech in Computer Science and Engineering, Georgia Tech (Graduated 2019)
","AWS, Terraform, GCP, Spark, Docker, SQL, Snowflake, Code Review, Kafka, Python, Unit Testing, Airflow"
RES-0447,Elena Chen,elena.chen80@synthetic-talent.org,+1 (555) 726-3556,Backend Engineer,4,Mid-Level,Bachelor,B.S. in Electrical and Computer Engineering,UC Berkeley,"AWS, Node.js, System Design, Go, Docker, Linux, Agile, Redis","Elena Chen
elena.chen80@synthetic-talent.org | +1 (555) 726-3556 | Location: New York, NY

PROFESSIONAL SUMMARY
Results-driven Backend Engineer with 4 years of industry experience specializing in AWS, Node.js, System Design, Go. Proven background building scalable solutions, collaborating across agile teams, and driving measurable engineering impact.

TECHNICAL SKILLS
AWS, Node.js, System Design, Go, Docker, Linux, Agile, Redis

PROFESSIONAL EXPERIENCE
Backend Engineer | Workday (2023 - Present)
- Designed and deployed enterprise-grade systems utilizing AWS and Node.js, improving throughput by 37%.
- Collaborated with engineering stakeholders to optimize data pipelines and system reliability using System Design.
- Reduced system downtime and latency by 12% through proactive monitoring and automated CI/CD workflows.

Backend Engineer | Lyft (2021 - 2023)
- Designed and deployed enterprise-grade systems utilizing AWS and Node.js, improving throughput by 24%.
- Collaborated with engineering stakeholders to optimize data pipelines and system reliability using System Design.
- Reduced system downtime and latency by 29% through proactive monitoring and automated CI/CD workflows.

EDUCATION
B.S. in Electrical and Computer Engineering, UC Berkeley (Graduated 2021)
","AWS, Node.js, System Design, Go, Docker, Linux, Agile, Redis"
RES-0448,Sofia Brown,sofia.brown21@synthetic-talent.org,+1 (555) 869-7372,Data Engineer,5,Mid-Level,Master,M.S. in Computer Science,Georgia Tech,"AWS, GCP, Terraform, REST APIs, Jira, Spark, PostgreSQL, SQL, Snowflake, Kafka, Python, Airflow","Sofia Brown
sofia.brown21@synthetic-talent.org | +1 (555) 869-7372 | Location: New York, NY

PROFESSIONAL SUMMARY
Results-driven Data Engineer with 5 years of industry experience specializing in AWS, GCP, Terraform, REST APIs. Proven background building scalable solutions, collaborating across agile teams, and driving measurable engineering impact.

TECHNICAL SKILLS
AWS, GCP, Terraform, REST APIs, Jira, Spark, PostgreSQL, SQL, Snowflake, Kafka, Python, Airflow

PROFESSIONAL EXPERIENCE
Senior Data Engineer | DoorDash (2021 - Present)
- Designed and deployed enterprise-grade systems utilizing AWS and GCP, improving throughput by 45%.
- Collaborated with engineering stakeholders to optimize data pipelines and system reliability using Terraform.
- Reduced system downtime and latency by 19% through proactive monitoring and automated CI/CD workflows.

Data Engineer | Pinterest (2020 - 2021)
- Designed and deployed enterprise-grade systems utilizing AWS and GCP, improving throughput by 17%.
- Collaborated with engineering stakeholders to optimize data pipelines and system reliability using Terraform.
- Reduced system downtime and latency by 15% through proactive monitoring and automated CI/CD workflows.

EDUCATION
M.S. in Computer Science, Georgia Tech (Graduated 2020)
","AWS, GCP, Terraform, REST APIs, Jira, Spark, PostgreSQL, SQL, Snowflake, Kafka, Python, Airflow"
RES-0449,Aisha Brown,aisha.brown60@synthetic-talent.org,+1 (555) 543-8929,Data Engineer,2,Junior,Doctorate,Ph.D. in Computer Science,BITS Pilani,"Git, PostgreSQL, SQL, Code Review, Kafka, Python, Snowflake","Aisha Brown
aisha.brown60@synthetic-talent.org | +1 (555) 543-8929 | Location: New York, NY

PROFESSIONAL SUMMARY
Results-driven Data Engineer with 2 years of industry experience specializing in Git, PostgreSQL, SQL, Code Review. Proven background building scalable solutions, collaborating across agile teams, and driving measurable engineering impact.

TECHNICAL SKILLS
Git, PostgreSQL, SQL, Code Review, Kafka, Python, Snowflake

PROFESSIONAL EXPERIENCE
Data Engineer | MongoDB Inc. (2023 - Present)
- Designed and deployed enterprise-grade systems utilizing Git and PostgreSQL, improving throughput by 34%.
- Collaborated with engineering stakeholders to optimize data pipelines and system reliability using SQL.
- Reduced system downtime and latency by 21% through proactive monitoring and automated CI/CD workflows.

EDUCATION
Ph.D. in Computer Science, BITS Pilani (Graduated 2023)
","Git, PostgreSQL, SQL, Code Review, Kafka, Python, Snowflake"
RES-0450,Elena Wilson,elena.wilson75@synthetic-talent.org,+1 (555) 841-6515,Data Engineer,9,Lead/Staff,Master,M.S. in Machine Learning and Data Science,Delhi Technological University,"Jira, Spark, Git, PostgreSQL, Kafka, Snowflake","Elena Wilson
elena.wilson75@synthetic-talent.org | +1 (555) 841-6515 | Location: New York, NY

PROFESSIONAL SUMMARY
Results-driven Data Engineer with 9 years of industry experience specializing in Jira, Spark, Git, PostgreSQL. Proven background building scalable solutions, collaborating across agile teams, and driving measurable engineering impact.

TECHNICAL SKILLS
Jira, Spark, Git, PostgreSQL, Kafka, Snowflake

PROFESSIONAL EXPERIENCE
Senior Data Engineer | Netflix (2021 - Present)
- Designed and deployed enterprise-grade systems utilizing Jira and Spark, improving throughput by 31%.
- Collaborated with engineering stakeholders to optimize data pipelines and system reliability using Git.
- Reduced system downtime and latency by 23% through proactive monitoring and automated CI/CD workflows.

Senior Data Engineer | Snowflake (2017 - 2021)
- Designed and deployed enterprise-grade systems utilizing Jira and Spark, improving throughput by 35%.
- Collaborated with engineering stakeholders to optimize data pipelines and system reliability using Git.
- Reduced system downtime and latency by 17% through proactive monitoring and automated CI/CD workflows.

Senior Data Engineer | Instacart (2016 - 2017)
- Designed and deployed enterprise-grade systems utilizing Jira and Spark, improving throughput by 36%.
- Collaborated with engineering stakeholders to optimize data pipelines and system reliability using Git.
- Reduced system downtime and latency by 30% through proactive monitoring and automated CI/CD workflows.

EDUCATION
M.S. in Machine Learning and Data Science, Delhi Technological University (Graduated 2016)
","Jira, Spark, Git, PostgreSQL, Kafka, Snowflake"
RES-0451,James Jones,james.jones49@synthetic-talent.org,+1 (555) 649-2415,Data Scientist,12,Lead/Staff,Bachelor,B.S. in Electrical and Computer Engineering,University of Washington,"AWS, PyTorch, Machine Learning, Deep Learning, BigQuery, REST APIs, NLP, Linux, SQL, Python","James Jones
james.jones49@synthetic-talent.org | +1 (555) 649-2415 | Location: New York, NY

PROFESSIONAL SUMMARY
Results-driven Data Scientist with 12 years of industry experience specializing in AWS, PyTorch, Machine Learning, Deep Learning. Proven background building scalable solutions, collaborating across agile teams, and driving measurable engineering impact.

TECHNICAL SKILLS
AWS, PyTorch, Machine Learning, Deep Learning, BigQuery, REST APIs, NLP, Linux, SQL, Python

PROFESSIONAL EXPERIENCE
Senior Data Scientist | Wayfair (2022 - Present)
- Designed and deployed enterprise-grade systems utilizing AWS and PyTorch, improving throughput by 45%.
- Collaborated with engineering stakeholders to optimize data pipelines and system reliability using Machine Learning.
- Reduced system downtime and latency by 14% through proactive monitoring and automated CI/CD workflows.

Senior Data Scientist | CrowdStrike (2018 - 2022)
- Designed and deployed enterprise-grade systems utilizing AWS and PyTorch, improving throughput by 44%.
- Collaborated with engineering stakeholders to optimize data pipelines and system reliability using Machine Learning.
- Reduced system downtime and latency by 26% through proactive monitoring and automated CI/CD workflows.

Senior Data Scientist | Spotify (2015 - 2018)
- Designed and deployed enterprise-grade systems utilizing AWS and PyTorch, improving throughput by 42%.
- Collaborated with engineering stakeholders to optimize data pipelines and system reliability using Machine Learning.
- Reduced system downtime and latency by 17% through proactive monitoring and automated CI/CD workflows.

Senior Data Scientist | Oracle (2013 - 2015)
- Designed and deployed enterprise-grade systems utilizing AWS and PyTorch, improving throughput by 39%.
- Collaborated with engineering stakeholders to optimize data pipelines and system reliability using Machine Learning.
- Reduced system downtime and latency by 16% through proactive monitoring and automated CI/CD workflows.

EDUCATION
B.S. in Electrical and Computer Engineering, University of Washington (Graduated 2013)
","AWS, PyTorch, Machine Learning, Deep Learning, GCP, REST APIs, NLP, Linux, SQL, Python"
RES-0452,Priya Sharma,priya.sharma89@synthetic-talent.org,+1 (555) 524-3458,Cybersecurity Engineer,3,Mid-Level,Bachelor,B.S. in Electrical and Computer Engineering,University of Washington,"Terraform, Go, Docker, Git, Linux, Python, Unit Testing","Priya Sharma
priya.sharma89@synthetic-talent.org | +1 (555) 524-3458 | Location: New York, NY

PROFESSIONAL SUMMARY
Results-driven Cybersecurity Engineer with 3 years of industry experience specializing in Terraform, Go, Docker, Git. Proven background building scalable solutions, collaborating across agile teams, and driving measurable engineering impact.

TECHNICAL SKILLS
Terraform, Go, Docker, Git, Linux, Python, Unit Testing

PROFESSIONAL EXPERIENCE
Cybersecurity Engineer | DoorDash (2022 - Present)
- Designed and deployed enterprise-grade systems utilizing Terraform and Go, improving throughput by 44%.
- Collaborated with engineering stakeholders to optimize data pipelines and system reliability using Docker.
- Reduced system downtime and latency by 18% through proactive monitoring and automated CI/CD workflows.

EDUCATION
B.S. in Electrical and Computer Engineering, University of Washington (Graduated 2022)
","Terraform, Go, Docker, Git, Linux, Python, Unit Testing"
RES-0453,Ananya Kim,ananya.kim60@synthetic-talent.org,+1 (555) 937-9709,Data Engineer,9,Senior,Doctorate,Ph.D. in Computer Science,BITS Pilani,"AWS, Spark, Docker, Linux, SQL, Code Review, Kafka, Python, Airflow","Ananya Kim
ananya.kim60@synthetic-talent.org | +1 (555) 937-9709 | Location: New York, NY

PROFESSIONAL SUMMARY
Results-driven Data Engineer with 9 years of industry experience specializing in AWS, Spark, Docker, Linux. Proven background building scalable solutions, collaborating across agile teams, and driving measurable engineering impact.

TECHNICAL SKILLS
AWS, Spark, Docker, Linux, SQL, Code Review, Kafka, Python, Airflow

PROFESSIONAL EXPERIENCE
Senior Data Engineer | Workday (2023 - Present)
- Designed and deployed enterprise-grade systems utilizing AWS and Spark, improving throughput by 44%.
- Collaborated with engineering stakeholders to optimize data pipelines and system reliability using Docker.
- Reduced system downtime and latency by 12% through proactive monitoring and automated CI/CD workflows.

Senior Data Engineer | Salesforce (2019 - 2023)
- Designed and deployed enterprise-grade systems utilizing AWS and Spark, improving throughput by 31%.
- Collaborated with engineering stakeholders to optimize data pipelines and system reliability using Docker.
- Reduced system downtime and latency by 15% through proactive monitoring and automated CI/CD workflows.

Senior Data Engineer | Microsoft (2017 - 2019)
- Designed and deployed enterprise-grade systems utilizing AWS and Spark, improving throughput by 44%.
- Collaborated with engineering stakeholders to optimize data pipelines and system reliability using Docker.
- Reduced system downtime and latency by 11% through proactive monitoring and automated CI/CD workflows.

Senior Data Engineer | HubSpot (2016 - 2017)
- Designed and deployed enterprise-grade systems utilizing AWS and Spark, improving throughput by 18%.
- Collaborated with engineering stakeholders to optimize data pipelines and system reliability using Docker.
- Reduced system downtime and latency by 12% through proactive monitoring and automated CI/CD workflows.

EDUCATION
Ph.D. in Computer Science, BITS Pilani (Graduated 2016)
","AWS, Spark, Docker, Linux, SQL, Code Review, Kafka, Python, Airflow"
RES-0454,Arjun Vance,arjun.vance79@synthetic-talent.org,+1 (555) 818-8475,Data Scientist,5,Mid-Level,Master,M.S. in Computer Science,BITS Pilani,"PyTorch, Machine Learning, Deep Learning, Jira, Docker, Git, Scikit-Learn, Pandas","Arjun Vance
arjun.vance79@synthetic-talent.org | +1 (555) 818-8475 | Location: New York, NY

PROFESSIONAL SUMMARY
Results-driven Data Scientist with 5 years of industry experience specializing in PyTorch, Machine Learning, Deep Learning, Jira. Proven background building scalable solutions, collaborating across agile teams, and driving measurable engineering impact.

TECHNICAL SKILLS
PyTorch, Machine Learning, Deep Learning, Jira, Docker, Git, Scikit-Learn, Pandas

PROFESSIONAL EXPERIENCE
Senior Data Scientist | Splunk (2021 - Present)
- Designed and deployed enterprise-grade systems utilizing PyTorch and Machine Learning, improving throughput by 36%.
- Collaborated with engineering stakeholders to optimize data pipelines and system reliability using Deep Learning.
- Reduced system downtime and latency by 23% through proactive monitoring and automated CI/CD workflows.

Data Scientist | Stripe (2020 - 2021)
- Designed and deployed enterprise-grade systems utilizing PyTorch and Machine Learning, improving throughput by 34%.
- Collaborated with engineering stakeholders to optimize data pipelines and system reliability using Deep Learning.
- Reduced system downtime and latency by 25% through proactive monitoring and automated CI/CD workflows.

EDUCATION
M.S. in Computer Science, BITS Pilani (Graduated 2020)
","PyTorch, Machine Learning, Deep Learning, Jira, Docker, Git, Scikit-Learn, Pandas"
RES-0455,Sofia Sharma,sofia.sharma82@synthetic-talent.org,+1 (555) 504-9002,Frontend Engineer,5,Senior,Bachelor,B.S. in Electrical and Computer Engineering,IIT Bombay,"TypeScript, REST APIs, JavaScript, HTML/CSS, Next.js, React, Code Review, CI/CD","Sofia Sharma
sofia.sharma82@synthetic-talent.org | +1 (555) 504-9002 | Location: New York, NY

PROFESSIONAL SUMMARY
Results-driven Frontend Engineer with 5 years of industry experience specializing in TypeScript, REST APIs, JavaScript, HTML/CSS. Proven background building scalable solutions, collaborating across agile teams, and driving measurable engineering impact.

TECHNICAL SKILLS
TypeScript, REST APIs, JavaScript, HTML/CSS, Next.js, React, Code Review, CI/CD

PROFESSIONAL EXPERIENCE
Frontend Engineer | Databricks (2022 - Present)
- Designed and deployed enterprise-grade systems utilizing TypeScript and REST APIs, improving throughput by 18%.
- Collaborated with engineering stakeholders to optimize data pipelines and system reliability using JavaScript.
- Reduced system downtime and latency by 25% through proactive monitoring and automated CI/CD workflows.

Frontend Engineer | Pinterest (2020 - 2022)
- Designed and deployed enterprise-grade systems utilizing TypeScript and REST APIs, improving throughput by 21%.
- Collaborated with engineering stakeholders to optimize data pipelines and system reliability using JavaScript.
- Reduced system downtime and latency by 25% through proactive monitoring and automated CI/CD workflows.

EDUCATION
B.S. in Electrical and Computer Engineering, IIT Bombay (Graduated 2020)
","TypeScript, REST APIs, JavaScript, HTML/CSS, Next.js, React, Code Review, CI/CD"
RES-0456,David Smith,david.smith89@synthetic-talent.org,+1 (555) 196-3120,Full Stack Engineer,6,Senior,Bachelor,B.S. in Electrical and Computer Engineering,BITS Pilani,"FastAPI, Node.js, TypeScript, Docker, Git, PostgreSQL, React, Agile, Python","David Smith
david.smith89@synthetic-talent.org | +1 (555) 196-3120 | Location: New York, NY

PROFESSIONAL SUMMARY
Results-driven Full Stack Engineer with 6 years of industry experience specializing in FastAPI, Node.js, TypeScript, Docker. Proven background building scalable solutions, collaborating across agile teams, and driving measurable engineering impact.

TECHNICAL SKILLS
FastAPI, Node.js, TypeScript, Docker, Git, PostgreSQL, React, Agile, Python

PROFESSIONAL EXPERIENCE
Senior Full Stack Engineer | HubSpot (2023 - Present)
- Designed and deployed enterprise-grade systems utilizing FastAPI and Node.js, improving throughput by 37%.
- Collaborated with engineering stakeholders to optimize data pipelines and system reliability using TypeScript.
- Reduced system downtime and latency by 18% through proactive monitoring and automated CI/CD workflows.

Senior Full Stack Engineer | NVIDIA (2019 - 2023)
- Designed and deployed enterprise-grade systems utilizing FastAPI and Node.js, improving throughput by 28%.
- Collaborated with engineering stakeholders to optimize data pipelines and system reliability using TypeScript.
- Reduced system downtime and latency by 14% through proactive monitoring and automated CI/CD workflows.

EDUCATION
B.S. in Electrical and Computer Engineering, BITS Pilani (Graduated 2019)
","FastAPI, Node.js, TypeScript, Docker, Git, PostgreSQL, React, Agile, Python"
RES-0457,Aisha Chen,aisha.chen90@synthetic-talent.org,+1 (555) 898-1181,Data Engineer,11,Lead/Staff,Bachelor,B.S. in Electrical and Computer Engineering,Cornell University,"AWS, Terraform, Git, PostgreSQL, Linux, SQL, Python, Airflow","Aisha Chen
aisha.chen90@synthetic-talent.org | +1 (555) 898-1181 | Location: New York, NY

PROFESSIONAL SUMMARY
Results-driven Data Engineer with 11 years of industry experience specializing in AWS, Terraform, Git, PostgreSQL. Proven background building scalable solutions, collaborating across agile teams, and driving measurable engineering impact.

TECHNICAL SKILLS
AWS, Terraform, Git, PostgreSQL, Linux, SQL, Python, Airflow

PROFESSIONAL EXPERIENCE
Senior Data Engineer | Google (2021 - Present)
- Designed and deployed enterprise-grade systems utilizing AWS and Terraform, improving throughput by 21%.
- Collaborated with engineering stakeholders to optimize data pipelines and system reliability using Git.
- Reduced system downtime and latency by 30% through proactive monitoring and automated CI/CD workflows.

Senior Data Engineer | Shopify (2017 - 2021)
- Designed and deployed enterprise-grade systems utilizing AWS and Terraform, improving throughput by 37%.
- Collaborated with engineering stakeholders to optimize data pipelines and system reliability using Git.
- Reduced system downtime and latency by 27% through proactive monitoring and automated CI/CD workflows.

Senior Data Engineer | Instacart (2015 - 2017)
- Designed and deployed enterprise-grade systems utilizing AWS and Terraform, improving throughput by 15%.
- Collaborated with engineering stakeholders to optimize data pipelines and system reliability using Git.
- Reduced system downtime and latency by 15% through proactive monitoring and automated CI/CD workflows.

Senior Data Engineer | Netflix (2014 - 2015)
- Designed and deployed enterprise-grade systems utilizing AWS and Terraform, improving throughput by 35%.
- Collaborated with engineering stakeholders to optimize data pipelines and system reliability using Git.
- Reduced system downtime and latency by 16% through proactive monitoring and automated CI/CD workflows.

EDUCATION
B.S. in Electrical and Computer Engineering, Cornell University (Graduated 2014)
","AWS, Terraform, Git, PostgreSQL, Linux, SQL, Python, Airflow"
RES-0458,Kavita Gupta,kavita.gupta24@synthetic-talent.org,+1 (555) 624-8109,Frontend Engineer,4,Mid-Level,Master,M.S. in Machine Learning and Data Science,Georgia Tech,"Node.js, GraphQL, JavaScript, Docker, HTML/CSS, Next.js, Agile, Unit Testing","Kavita Gupta
kavita.gupta24@synthetic-talent.org | +1 (555) 624-8109 | Location: New York, NY

PROFESSIONAL SUMMARY
Results-driven Frontend Engineer with 4 years of industry experience specializing in Node.js, GraphQL, JavaScript, Docker. Proven background building scalable solutions, collaborating across agile teams, and driving measurable engineering impact.

TECHNICAL SKILLS
Node.js, GraphQL, JavaScript, Docker, HTML/CSS, Next.js, Agile, Unit Testing

PROFESSIONAL EXPERIENCE
Frontend Engineer | Reddit (2022 - Present)
- Designed and deployed enterprise-grade systems utilizing Node.js and GraphQL, improving throughput by 22%.
- Collaborated with engineering stakeholders to optimize data pipelines and system reliability using JavaScript.
- Reduced system downtime and latency by 16% through proactive monitoring and automated CI/CD workflows.

Frontend Engineer | DoorDash (2021 - 2022)
- Designed and deployed enterprise-grade systems utilizing Node.js and GraphQL, improving throughput by 17%.
- Collaborated with engineering stakeholders to optimize data pipelines and system reliability using JavaScript.
- Reduced system downtime and latency by 17% through proactive monitoring and automated CI/CD workflows.

EDUCATION
M.S. in Machine Learning and Data Science, Georgia Tech (Graduated 2021)
","Node.js, GraphQL, JavaScript, Docker, HTML/CSS, Next.js, Agile, Unit Testing"
RES-0459,Chloe Vance,chloe.vance98@synthetic-talent.org,+1 (555) 955-2590,Data Engineer,2,Mid-Level,Bachelor,B.S. in Computer Science,University of Washington,"GCP, REST APIs, Jira, Docker, SQL, Kafka, Airflow","Chloe Vance
chloe.vance98@synthetic-talent.org | +1 (555) 955-2590 | Location: New York, NY

PROFESSIONAL SUMMARY
Results-driven Data Engineer with 2 years of industry experience specializing in GCP, REST APIs, Jira, Docker. Proven background building scalable solutions, collaborating across agile teams, and driving measurable engineering impact.

TECHNICAL SKILLS
GCP, REST APIs, Jira, Docker, SQL, Kafka, Airflow

PROFESSIONAL EXPERIENCE
Data Engineer | Stripe (2023 - Present)
- Designed and deployed enterprise-grade systems utilizing GCP and REST APIs, improving throughput by 23%.
- Collaborated with engineering stakeholders to optimize data pipelines and system reliability using Jira.
- Reduced system downtime and latency by 28% through proactive monitoring and automated CI/CD workflows.

EDUCATION
B.S. in Computer Science, University of Washington (Graduated 2023)
","GCP, REST APIs, Jira, Docker, SQL, Kafka, Airflow"
RES-0460,Marcus Wilson,marcus.wilson44@synthetic-talent.org,+1 (555) 575-8674,Backend Engineer,0,Junior,Bachelor,B.S. in Computer Science,UT Austin,"FastAPI, Node.js, System Design, Java, Go, Kubernetes, Git, Linux, Redis, Python, CI/CD","Marcus Wilson
marcus.wilson44@synthetic-talent.org | +1 (555) 575-8674 | Location: New York, NY

PROFESSIONAL SUMMARY
Results-driven Backend Engineer with 0 years of industry experience specializing in FastAPI, Node.js, System Design, Java. Proven background building scalable solutions, collaborating across agile teams, and driving measurable engineering impact.

TECHNICAL SKILLS
FastAPI, Node.js, System Design, Java, Go, Kubernetes, Git, Linux, Redis, Python, CI/CD

PROFESSIONAL EXPERIENCE
Software Engineering Intern | Workday (Summer 2024)
- Developed automated test suites and backend features with FastAPI.
- Collaborated in daily standups and contributed to production pull requests.

EDUCATION
B.S. in Computer Science, UT Austin (Graduated 2025)
","FastAPI, Node.js, System Design, Java, Go, Kubernetes, Git, Linux, Redis, Python, CI/CD"
RES-0461,Priya Williams,priya.williams59@synthetic-talent.org,+1 (555) 391-5212,Machine Learning Engineer,6,Senior,Bachelor,B.S. in Computer Science,Sharda University,"FastAPI, PyTorch, Machine Learning, Large Language Models, Kubernetes, Jira, Transformers, CI/CD, Unit Testing","Priya Williams
priya.williams59@synthetic-talent.org | +1 (555) 391-5212 | Location: New York, NY

PROFESSIONAL SUMMARY
Results-driven Machine Learning Engineer with 6 years of industry experience specializing in FastAPI, PyTorch, Machine Learning, Large Language Models. Proven background building scalable solutions, collaborating across agile teams, and driving measurable engineering impact.

TECHNICAL SKILLS
FastAPI, PyTorch, Machine Learning, Large Language Models, Kubernetes, Jira, Transformers, CI/CD, Unit Testing

PROFESSIONAL EXPERIENCE
Senior Machine Learning Engineer | Robinhood (2021 - Present)
- Designed and deployed enterprise-grade systems utilizing FastAPI and PyTorch, improving throughput by 22%.
- Collaborated with engineering stakeholders to optimize data pipelines and system reliability using Machine Learning.
- Reduced system downtime and latency by 29% through proactive monitoring and automated CI/CD workflows.

Senior Machine Learning Engineer | Google (2019 - 2021)
- Designed and deployed enterprise-grade systems utilizing FastAPI and PyTorch, improving throughput by 23%.
- Collaborated with engineering stakeholders to optimize data pipelines and system reliability using Machine Learning.
- Reduced system downtime and latency by 11% through proactive monitoring and automated CI/CD workflows.

EDUCATION
B.S. in Computer Science, Sharda University (Graduated 2019)
","FastAPI, PyTorch, Machine Learning, Large Language Models, Kubernetes, Jira, Transformers, CI/CD, Unit Testing"
RES-0462,James Rodriguez,james.rodriguez66@synthetic-talent.org,+1 (555) 863-1276,Cybersecurity Engineer,4,Mid-Level,Bachelor,B.S. in Computer Science,Sharda University,"AWS, Go, Docker, Git, PostgreSQL, Code Review","James Rodriguez
james.rodriguez66@synthetic-talent.org | +1 (555) 863-1276 | Location: New York, NY

PROFESSIONAL SUMMARY
Results-driven Cybersecurity Engineer with 4 years of industry experience specializing in AWS, Go, Docker, Git. Proven background building scalable solutions, collaborating across agile teams, and driving measurable engineering impact.

TECHNICAL SKILLS
AWS, Go, Docker, Git, PostgreSQL, Code Review

PROFESSIONAL EXPERIENCE
Cybersecurity Engineer | Square / Block (2023 - Present)
- Designed and deployed enterprise-grade systems utilizing AWS and Go, improving throughput by 16%.
- Collaborated with engineering stakeholders to optimize data pipelines and system reliability using Docker.
- Reduced system downtime and latency by 22% through proactive monitoring and automated CI/CD workflows.

Cybersecurity Engineer | Cisco (2021 - 2023)
- Designed and deployed enterprise-grade systems utilizing AWS and Go, improving throughput by 30%.
- Collaborated with engineering stakeholders to optimize data pipelines and system reliability using Docker.
- Reduced system downtime and latency by 22% through proactive monitoring and automated CI/CD workflows.

EDUCATION
B.S. in Computer Science, Sharda University (Graduated 2021)
","AWS, Go, Docker, Git, PostgreSQL, Code Review"
RES-0463,David Patel,david.patel24@synthetic-talent.org,+1 (555) 123-6912,Data Scientist,1,Junior,Doctorate,Ph.D. in Computer Science,University of Michigan,"Unit Testing, Deep Learning, BigQuery, NLP, Code Review, Scikit-Learn, Pandas","David Patel
david.patel24@synthetic-talent.org | +1 (555) 123-6912 | Location: New York, NY

PROFESSIONAL SUMMARY
Results-driven Data Scientist with 1 years of industry experience specializing in Unit Testing, Deep Learning, BigQuery, NLP. Proven background building scalable solutions, collaborating across agile teams, and driving measurable engineering impact.

TECHNICAL SKILLS
Unit Testing, Deep Learning, BigQuery, NLP, Code Review, Scikit-Learn, Pandas

PROFESSIONAL EXPERIENCE
Data Scientist | Cloudflare (2024 - Present)
- Designed and deployed enterprise-grade systems utilizing Unit Testing and Deep Learning, improving throughput by 34%.
- Collaborated with engineering stakeholders to optimize data pipelines and system reliability using BigQuery.
- Reduced system downtime and latency by 10% through proactive monitoring and automated CI/CD workflows.

EDUCATION
Ph.D. in Computer Science, University of Michigan (Graduated 2024)
","Unit Testing, Deep Learning, GCP, NLP, Code Review, Scikit-Learn, Pandas"
RES-0464,Alex Davis,alex.davis74@synthetic-talent.org,+1 (555) 915-5655,Cybersecurity Engineer,6,Mid-Level,Bachelor,B.Tech in Computer Science and Engineering,UC Berkeley,"Go, REST APIs, Docker, Linux, Python, CI/CD","Alex Davis
alex.davis74@synthetic-talent.org | +1 (555) 915-5655 | Location: New York, NY

PROFESSIONAL SUMMARY
Results-driven Cybersecurity Engineer with 6 years of industry experience specializing in Go, REST APIs, Docker, Linux. Proven background building scalable solutions, collaborating across agile teams, and driving measurable engineering impact.

TECHNICAL SKILLS
Go, REST APIs, Docker, Linux, Python, CI/CD

PROFESSIONAL EXPERIENCE
Senior Cybersecurity Engineer | Amazon (2021 - Present)
- Designed and deployed enterprise-grade systems utilizing Go and REST APIs, improving throughput by 22%.
- Collaborated with engineering stakeholders to optimize data pipelines and system reliability using Docker.
- Reduced system downtime and latency by 16% through proactive monitoring and automated CI/CD workflows.

Senior Cybersecurity Engineer | Apple (2019 - 2021)
- Designed and deployed enterprise-grade systems utilizing Go and REST APIs, improving throughput by 17%.
- Collaborated with engineering stakeholders to optimize data pipelines and system reliability using Docker.
- Reduced system downtime and latency by 25% through proactive monitoring and automated CI/CD workflows.

EDUCATION
B.Tech in Computer Science and Engineering, UC Berkeley (Graduated 2019)
","Go, REST APIs, Docker, Linux, Python, CI/CD"
RES-0465,Liam Patel,liam.patel92@synthetic-talent.org,+1 (555) 910-1825,Backend Engineer,3,Mid-Level,Bachelor,B.S. in Computer Science,MIT,"Java, Kubernetes, REST APIs, Docker, PostgreSQL, Agile, Redis, Python","Liam Patel
liam.patel92@synthetic-talent.org | +1 (555) 910-1825 | Location: New York, NY

PROFESSIONAL SUMMARY
Results-driven Backend Engineer with 3 years of industry experience specializing in Java, Kubernetes, REST APIs, Docker. Proven background building scalable solutions, collaborating across agile teams, and driving measurable engineering impact.

TECHNICAL SKILLS
Java, Kubernetes, REST APIs, Docker, PostgreSQL, Agile, Redis, Python

PROFESSIONAL EXPERIENCE
Backend Engineer | Cloudflare (2022 - Present)
- Designed and deployed enterprise-grade systems utilizing Java and Kubernetes, improving throughput by 42%.
- Collaborated with engineering stakeholders to optimize data pipelines and system reliability using REST APIs.
- Reduced system downtime and latency by 17% through proactive monitoring and automated CI/CD workflows.

EDUCATION
B.S. in Computer Science, MIT (Graduated 2022)
","Java, Kubernetes, REST APIs, Docker, PostgreSQL, Agile, Redis, Python"
RES-0466,Carlos Jones,carlos.jones98@synthetic-talent.org,+1 (555) 811-3940,Frontend Engineer,8,Senior,Bachelor,B.Tech in Computer Science and Engineering,University of Washington,"Node.js, TypeScript, JavaScript, Docker, HTML/CSS, Agile, CI/CD, Unit Testing","Carlos Jones
carlos.jones98@synthetic-talent.org | +1 (555) 811-3940 | Location: New York, NY

PROFESSIONAL SUMMARY
Results-driven Frontend Engineer with 8 years of industry experience specializing in Node.js, TypeScript, JavaScript, Docker. Proven background building scalable solutions, collaborating across agile teams, and driving measurable engineering impact.

TECHNICAL SKILLS
Node.js, TypeScript, JavaScript, Docker, HTML/CSS, Agile, CI/CD, Unit Testing

PROFESSIONAL EXPERIENCE
Senior Frontend Engineer | NVIDIA (2023 - Present)
- Designed and deployed enterprise-grade systems utilizing Node.js and TypeScript, improving throughput by 32%.
- Collaborated with engineering stakeholders to optimize data pipelines and system reliability using JavaScript.
- Reduced system downtime and latency by 14% through proactive monitoring and automated CI/CD workflows.

Senior Frontend Engineer | Uber (2021 - 2023)
- Designed and deployed enterprise-grade systems utilizing Node.js and TypeScript, improving throughput by 28%.
- Collaborated with engineering stakeholders to optimize data pipelines and system reliability using JavaScript.
- Reduced system downtime and latency by 17% through proactive monitoring and automated CI/CD workflows.

Senior Frontend Engineer | Coinbase (2018 - 2021)
- Designed and deployed enterprise-grade systems utilizing Node.js and TypeScript, improving throughput by 25%.
- Collaborated with engineering stakeholders to optimize data pipelines and system reliability using JavaScript.
- Reduced system downtime and latency by 25% through proactive monitoring and automated CI/CD workflows.

Senior Frontend Engineer | Shopify (2017 - 2018)
- Designed and deployed enterprise-grade systems utilizing Node.js and TypeScript, improving throughput by 23%.
- Collaborated with engineering stakeholders to optimize data pipelines and system reliability using JavaScript.
- Reduced system downtime and latency by 19% through proactive monitoring and automated CI/CD workflows.

EDUCATION
B.Tech in Computer Science and Engineering, University of Washington (Graduated 2017)
","Node.js, TypeScript, JavaScript, Docker, HTML/CSS, Agile, CI/CD, Unit Testing"
RES-0467,Emily Williams,emily.williams34@synthetic-talent.org,+1 (555) 176-2690,Full Stack Engineer,2,Mid-Level,Doctorate,Ph.D. in Computer Science,BITS Pilani,"Node.js, TypeScript, REST APIs, Docker, PostgreSQL, React, Linux, Redis, Python","Emily Williams
emily.williams34@synthetic-talent.org | +1 (555) 176-2690 | Location: New York, NY

PROFESSIONAL SUMMARY
Results-driven Full Stack Engineer with 2 years of industry experience specializing in Node.js, TypeScript, REST APIs, Docker. Proven background building scalable solutions, collaborating across agile teams, and driving measurable engineering impact.

TECHNICAL SKILLS
Node.js, TypeScript, REST APIs, Docker, PostgreSQL, React, Linux, Redis, Python

PROFESSIONAL EXPERIENCE
Full Stack Engineer | Stripe (2023 - Present)
- Designed and deployed enterprise-grade systems utilizing Node.js and TypeScript, improving throughput by 40%.
- Collaborated with engineering stakeholders to optimize data pipelines and system reliability using REST APIs.
- Reduced system downtime and latency by 18% through proactive monitoring and automated CI/CD workflows.

EDUCATION
Ph.D. in Computer Science, BITS Pilani (Graduated 2023)
","Node.js, TypeScript, REST APIs, Docker, PostgreSQL, React, Linux, Redis, Python"
RES-0468,Elena Rostova,elena.rostova43@synthetic-talent.org,+1 (555) 560-9022,Machine Learning Engineer,4,Mid-Level,Master,M.S. in Machine Learning and Data Science,IIT Bombay,"PyTorch, FastAPI, Machine Learning, Kubernetes, REST APIs, Jira, Docker, Kafka, Python, CI/CD","Elena Rostova
elena.rostova43@synthetic-talent.org | +1 (555) 560-9022 | Location: New York, NY

PROFESSIONAL SUMMARY
Results-driven Machine Learning Engineer with 4 years of industry experience specializing in PyTorch, FastAPI, Machine Learning, Kubernetes. Proven background building scalable solutions, collaborating across agile teams, and driving measurable engineering impact.

TECHNICAL SKILLS
PyTorch, FastAPI, Machine Learning, Kubernetes, REST APIs, Jira, Docker, Kafka, Python, CI/CD

PROFESSIONAL EXPERIENCE
Machine Learning Engineer | HubSpot (2022 - Present)
- Designed and deployed enterprise-grade systems utilizing PyTorch and FastAPI, improving throughput by 44%.
- Collaborated with engineering stakeholders to optimize data pipelines and system reliability using Machine Learning.
- Reduced system downtime and latency by 12% through proactive monitoring and automated CI/CD workflows.

Machine Learning Engineer | Palo Alto Networks (2021 - 2022)
- Designed and deployed enterprise-grade systems utilizing PyTorch and FastAPI, improving throughput by 42%.
- Collaborated with engineering stakeholders to optimize data pipelines and system reliability using Machine Learning.
- Reduced system downtime and latency by 16% through proactive monitoring and automated CI/CD workflows.

EDUCATION
M.S. in Machine Learning and Data Science, IIT Bombay (Graduated 2021)
","PyTorch, FastAPI, Machine Learning, Kubernetes, REST APIs, Jira, Docker, Kafka, Python, CI/CD"
RES-0469,Mateo Sharma,mateo.sharma92@synthetic-talent.org,+1 (555) 147-4428,Full Stack Engineer,6,Senior,Bachelor,B.S. in Electrical and Computer Engineering,BITS Pilani,"AWS, Node.js, FastAPI, GraphQL, Jira, Docker, PostgreSQL, Redis, Python, CI/CD, Unit Testing","Mateo Sharma
mateo.sharma92@synthetic-talent.org | +1 (555) 147-4428 | Location: New York, NY

PROFESSIONAL SUMMARY
Results-driven Full Stack Engineer with 6 years of industry experience specializing in AWS, Node.js, FastAPI, GraphQL. Proven background building scalable solutions, collaborating across agile teams, and driving measurable engineering impact.

TECHNICAL SKILLS
AWS, Node.js, FastAPI, GraphQL, Jira, Docker, PostgreSQL, Redis, Python, CI/CD, Unit Testing

PROFESSIONAL EXPERIENCE
Senior Full Stack Engineer | Netflix (2021 - Present)
- Designed and deployed enterprise-grade systems utilizing AWS and Node.js, improving throughput by 38%.
- Collaborated with engineering stakeholders to optimize data pipelines and system reliability using FastAPI.
- Reduced system downtime and latency by 10% through proactive monitoring and automated CI/CD workflows.

Senior Full Stack Engineer | Apple (2019 - 2021)
- Designed and deployed enterprise-grade systems utilizing AWS and Node.js, improving throughput by 34%.
- Collaborated with engineering stakeholders to optimize data pipelines and system reliability using FastAPI.
- Reduced system downtime and latency by 18% through proactive monitoring and automated CI/CD workflows.

EDUCATION
B.S. in Electrical and Computer Engineering, BITS Pilani (Graduated 2019)
","AWS, Node.js, FastAPI, GraphQL, Jira, Docker, PostgreSQL, Redis, Python, CI/CD, Unit Testing"
RES-0470,Daniel Miller,daniel.miller10@synthetic-talent.org,+1 (555) 221-9220,Cloud & DevOps Engineer,7,Senior,Bachelor,B.Tech in Computer Science and Engineering,UT Austin,"AWS, Terraform, Go, Docker, Linux, Code Review, Python, CI/CD, Unit Testing","Daniel Miller
daniel.miller10@synthetic-talent.org | +1 (555) 221-9220 | Location: New York, NY

PROFESSIONAL SUMMARY
Results-driven Cloud & DevOps Engineer with 7 years of industry experience specializing in AWS, Terraform, Go, Docker. Proven background building scalable solutions, collaborating across agile teams, and driving measurable engineering impact.

TECHNICAL SKILLS
AWS, Terraform, Go, Docker, Linux, Code Review, Python, CI/CD, Unit Testing

PROFESSIONAL EXPERIENCE
Senior Cloud & DevOps Engineer | Amazon (2023 - Present)
- Designed and deployed enterprise-grade systems utilizing AWS and Terraform, improving throughput by 32%.
- Collaborated with engineering stakeholders to optimize data pipelines and system reliability using Go.
- Reduced system downtime and latency by 26% through proactive monitoring and automated CI/CD workflows.

Senior Cloud & DevOps Engineer | NVIDIA (2021 - 2023)
- Designed and deployed enterprise-grade systems utilizing AWS and Terraform, improving throughput by 20%.
- Collaborated with engineering stakeholders to optimize data pipelines and system reliability using Go.
- Reduced system downtime and latency by 16% through proactive monitoring and automated CI/CD workflows.

Senior Cloud & DevOps Engineer | Stripe (2018 - 2021)
- Designed and deployed enterprise-grade systems utilizing AWS and Terraform, improving throughput by 29%.
- Collaborated with engineering stakeholders to optimize data pipelines and system reliability using Go.
- Reduced system downtime and latency by 24% through proactive monitoring and automated CI/CD workflows.

EDUCATION
B.Tech in Computer Science and Engineering, UT Austin (Graduated 2018)
","AWS, Terraform, Go, Docker, Linux, Code Review, Python, CI/CD, Unit Testing"
RES-0471,Jordan Smith,jordan.smith97@synthetic-talent.org,+1 (555) 764-4802,Full Stack Engineer,7,Senior,Bachelor,B.Tech in Computer Science and Engineering,Stanford University,"FastAPI, Node.js, TypeScript, GraphQL, Docker, React, Linux, Python, CI/CD, Unit Testing","Jordan Smith
jordan.smith97@synthetic-talent.org | +1 (555) 764-4802 | Location: New York, NY

PROFESSIONAL SUMMARY
Results-driven Full Stack Engineer with 7 years of industry experience specializing in FastAPI, Node.js, TypeScript, GraphQL. Proven background building scalable solutions, collaborating across agile teams, and driving measurable engineering impact.

TECHNICAL SKILLS
FastAPI, Node.js, TypeScript, GraphQL, Docker, React, Linux, Python, CI/CD, Unit Testing

PROFESSIONAL EXPERIENCE
Senior Full Stack Engineer | Databricks (2022 - Present)
- Designed and deployed enterprise-grade systems utilizing FastAPI and Node.js, improving throughput by 16%.
- Collaborated with engineering stakeholders to optimize data pipelines and system reliability using TypeScript.
- Reduced system downtime and latency by 14% through proactive monitoring and automated CI/CD workflows.

Senior Full Stack Engineer | Snowflake (2020 - 2022)
- Designed and deployed enterprise-grade systems utilizing FastAPI and Node.js, improving throughput by 30%.
- Collaborated with engineering stakeholders to optimize data pipelines and system reliability using TypeScript.
- Reduced system downtime and latency by 26% through proactive monitoring and automated CI/CD workflows.

Senior Full Stack Engineer | Splunk (2018 - 2020)
- Designed and deployed enterprise-grade systems utilizing FastAPI and Node.js, improving throughput by 44%.
- Collaborated with engineering stakeholders to optimize data pipelines and system reliability using TypeScript.
- Reduced system downtime and latency by 18% through proactive monitoring and automated CI/CD workflows.

EDUCATION
B.Tech in Computer Science and Engineering, Stanford University (Graduated 2018)
","FastAPI, Node.js, TypeScript, GraphQL, Docker, React, Linux, Python, CI/CD, Unit Testing"
RES-0472,Ananya Gupta,ananya.gupta99@synthetic-talent.org,+1 (555) 824-4230,Full Stack Engineer,9,Senior,Master,M.S. in Computer Science,Georgia Tech,"AWS, Node.js, FastAPI, TypeScript, GraphQL, Docker, Git, PostgreSQL, React, Linux, Redis, Python","Ananya Gupta
ananya.gupta99@synthetic-talent.org | +1 (555) 824-4230 | Location: New York, NY

PROFESSIONAL SUMMARY
Results-driven Full Stack Engineer with 9 years of industry experience specializing in AWS, Node.js, FastAPI, TypeScript. Proven background building scalable solutions, collaborating across agile teams, and driving measurable engineering impact.

TECHNICAL SKILLS
AWS, Node.js, FastAPI, TypeScript, GraphQL, Docker, Git, PostgreSQL, React, Linux, Redis, Python

PROFESSIONAL EXPERIENCE
Senior Full Stack Engineer | DoorDash (2021 - Present)
- Designed and deployed enterprise-grade systems utilizing AWS and Node.js, improving throughput by 34%.
- Collaborated with engineering stakeholders to optimize data pipelines and system reliability using FastAPI.
- Reduced system downtime and latency by 10% through proactive monitoring and automated CI/CD workflows.

Senior Full Stack Engineer | Adobe (2017 - 2021)
- Designed and deployed enterprise-grade systems utilizing AWS and Node.js, improving throughput by 18%.
- Collaborated with engineering stakeholders to optimize data pipelines and system reliability using FastAPI.
- Reduced system downtime and latency by 19% through proactive monitoring and automated CI/CD workflows.

Senior Full Stack Engineer | Cloudflare (2016 - 2017)
- Designed and deployed enterprise-grade systems utilizing AWS and Node.js, improving throughput by 39%.
- Collaborated with engineering stakeholders to optimize data pipelines and system reliability using FastAPI.
- Reduced system downtime and latency by 12% through proactive monitoring and automated CI/CD workflows.

EDUCATION
M.S. in Computer Science, Georgia Tech (Graduated 2016)
","AWS, Node.js, FastAPI, TypeScript, GraphQL, Docker, Git, PostgreSQL, React, Linux, Redis, Python"
RES-0473,Emily Tanaka,emily.tanaka62@synthetic-talent.org,+1 (555) 900-6528,Backend Engineer,2,Junior,Doctorate,Ph.D. in Computer Science,UC Berkeley,"FastAPI, System Design, Java, Go, Docker, PostgreSQL, Linux, Code Review","Emily Tanaka
emily.tanaka62@synthetic-talent.org | +1 (555) 900-6528 | Location: New York, NY

PROFESSIONAL SUMMARY
Results-driven Backend Engineer with 2 years of industry experience specializing in FastAPI, System Design, Java, Go. Proven background building scalable solutions, collaborating across agile teams, and driving measurable engineering impact.

TECHNICAL SKILLS
FastAPI, System Design, Java, Go, Docker, PostgreSQL, Linux, Code Review

PROFESSIONAL EXPERIENCE
Backend Engineer | NVIDIA (2023 - Present)
- Designed and deployed enterprise-grade systems utilizing FastAPI and System Design, improving throughput by 21%.
- Collaborated with engineering stakeholders to optimize data pipelines and system reliability using Java.
- Reduced system downtime and latency by 15% through proactive monitoring and automated CI/CD workflows.

EDUCATION
Ph.D. in Computer Science, UC Berkeley (Graduated 2023)
","FastAPI, System Design, Java, Go, Docker, PostgreSQL, Linux, Code Review"
RES-0474,Priya Jones,priya.jones60@synthetic-talent.org,+1 (555) 428-6012,Cybersecurity Engineer,6,Mid-Level,Master,M.S. in Machine Learning and Data Science,Cornell University,"AWS, Terraform, REST APIs, Jira, Docker, Linux, Python, CI/CD","Priya Jones
priya.jones60@synthetic-talent.org | +1 (555) 428-6012 | Location: New York, NY

PROFESSIONAL SUMMARY
Results-driven Cybersecurity Engineer with 6 years of industry experience specializing in AWS, Terraform, REST APIs, Jira. Proven background building scalable solutions, collaborating across agile teams, and driving measurable engineering impact.

TECHNICAL SKILLS
AWS, Terraform, REST APIs, Jira, Docker, Linux, Python, CI/CD

PROFESSIONAL EXPERIENCE
Senior Cybersecurity Engineer | Pinterest (2023 - Present)
- Designed and deployed enterprise-grade systems utilizing AWS and Terraform, improving throughput by 24%.
- Collaborated with engineering stakeholders to optimize data pipelines and system reliability using REST APIs.
- Reduced system downtime and latency by 22% through proactive monitoring and automated CI/CD workflows.

Senior Cybersecurity Engineer | Meta (2021 - 2023)
- Designed and deployed enterprise-grade systems utilizing AWS and Terraform, improving throughput by 43%.
- Collaborated with engineering stakeholders to optimize data pipelines and system reliability using REST APIs.
- Reduced system downtime and latency by 15% through proactive monitoring and automated CI/CD workflows.

Senior Cybersecurity Engineer | Instacart (2019 - 2021)
- Designed and deployed enterprise-grade systems utilizing AWS and Terraform, improving throughput by 19%.
- Collaborated with engineering stakeholders to optimize data pipelines and system reliability using REST APIs.
- Reduced system downtime and latency by 11% through proactive monitoring and automated CI/CD workflows.

EDUCATION
M.S. in Machine Learning and Data Science, Cornell University (Graduated 2019)
","AWS, Terraform, REST APIs, Jira, Docker, Linux, Python, CI/CD"
RES-0475,Alex Garcia,alex.garcia41@synthetic-talent.org,+1 (555) 262-7784,Backend Engineer,3,Mid-Level,Master,M.S. in Machine Learning and Data Science,University of Illinois Urbana-Champaign,"FastAPI, Node.js, AWS, Java, Go, Kubernetes, Docker, Code Review, Agile, Kafka, Python, CI/CD","Alex Garcia
alex.garcia41@synthetic-talent.org | +1 (555) 262-7784 | Location: New York, NY

PROFESSIONAL SUMMARY
Results-driven Backend Engineer with 3 years of industry experience specializing in FastAPI, Node.js, AWS, Java. Proven background building scalable solutions, collaborating across agile teams, and driving measurable engineering impact.

TECHNICAL SKILLS
FastAPI, Node.js, AWS, Java, Go, Kubernetes, Docker, Code Review, Agile, Kafka, Python, CI/CD

PROFESSIONAL EXPERIENCE
Backend Engineer | NVIDIA (2023 - Present)
- Designed and deployed enterprise-grade systems utilizing FastAPI and Node.js, improving throughput by 41%.
- Collaborated with engineering stakeholders to optimize data pipelines and system reliability using AWS.
- Reduced system downtime and latency by 18% through proactive monitoring and automated CI/CD workflows.

Backend Engineer | Square / Block (2022 - 2023)
- Designed and deployed enterprise-grade systems utilizing FastAPI and Node.js, improving throughput by 15%.
- Collaborated with engineering stakeholders to optimize data pipelines and system reliability using AWS.
- Reduced system downtime and latency by 16% through proactive monitoring and automated CI/CD workflows.

EDUCATION
M.S. in Machine Learning and Data Science, University of Illinois Urbana-Champaign (Graduated 2022)
","FastAPI, Node.js, AWS, Java, Go, Kubernetes, Docker, Code Review, Agile, Kafka, Python, CI/CD"
RES-0476,Mateo Miller,mateo.miller99@synthetic-talent.org,+1 (555) 299-7421,Backend Engineer,0,Junior,Bachelor,B.Tech in Computer Science and Engineering,Stanford University,"FastAPI, Node.js, System Design, Java, Go, REST APIs, Docker, PostgreSQL, Code Review, Redis, Python, CI/CD","Mateo Miller
mateo.miller99@synthetic-talent.org | +1 (555) 299-7421 | Location: New York, NY

PROFESSIONAL SUMMARY
Results-driven Backend Engineer with 0 years of industry experience specializing in FastAPI, Node.js, System Design, Java. Proven background building scalable solutions, collaborating across agile teams, and driving measurable engineering impact.

TECHNICAL SKILLS
FastAPI, Node.js, System Design, Java, Go, REST APIs, Docker, PostgreSQL, Code Review, Redis, Python, CI/CD

PROFESSIONAL EXPERIENCE
Software Engineering Intern | Stripe (Summer 2024)
- Developed automated test suites and backend features with FastAPI.
- Collaborated in daily standups and contributed to production pull requests.

EDUCATION
B.Tech in Computer Science and Engineering, Stanford University (Graduated 2025)
","FastAPI, Node.js, System Design, Java, Go, REST APIs, Docker, PostgreSQL, Code Review, Redis, Python, CI/CD"
RES-0477,Priya Tanaka,priya.tanaka28@synthetic-talent.org,+1 (555) 967-6974,Cloud & DevOps Engineer,3,Mid-Level,Bachelor,B.S. in Electrical and Computer Engineering,UT Austin,"Azure, Terraform, GCP, Go, Kubernetes, Docker, Linux, Code Review, Agile, Python, CI/CD","Priya Tanaka
priya.tanaka28@synthetic-talent.org | +1 (555) 967-6974 | Location: New York, NY

PROFESSIONAL SUMMARY
Results-driven Cloud & DevOps Engineer with 3 years of industry experience specializing in Azure, Terraform, GCP, Go. Proven background building scalable solutions, collaborating across agile teams, and driving measurable engineering impact.

TECHNICAL SKILLS
Azure, Terraform, GCP, Go, Kubernetes, Docker, Linux, Code Review, Agile, Python, CI/CD

PROFESSIONAL EXPERIENCE
Cloud & DevOps Engineer | DoorDash (2022 - Present)
- Designed and deployed enterprise-grade systems utilizing Azure and Terraform, improving throughput by 38%.
- Collaborated with engineering stakeholders to optimize data pipelines and system reliability using GCP.
- Reduced system downtime and latency by 10% through proactive monitoring and automated CI/CD workflows.

EDUCATION
B.S. in Electrical and Computer Engineering, UT Austin (Graduated 2022)
","Azure, Terraform, GCP, Go, Kubernetes, Docker, Linux, Code Review, Agile, Python, CI/CD"
RES-0478,Daniel Rostova,daniel.rostova20@synthetic-talent.org,+1 (555) 275-7874,Frontend Engineer,1,Junior,Bachelor,B.Tech in Computer Science and Engineering,University of Illinois Urbana-Champaign,"TypeScript, JavaScript, Next.js, Git, React, Code Review, CI/CD","Daniel Rostova
daniel.rostova20@synthetic-talent.org | +1 (555) 275-7874 | Location: New York, NY

PROFESSIONAL SUMMARY
Results-driven Frontend Engineer with 1 years of industry experience specializing in TypeScript, JavaScript, Next.js, Git. Proven background building scalable solutions, collaborating across agile teams, and driving measurable engineering impact.

TECHNICAL SKILLS
TypeScript, JavaScript, Next.js, Git, React, Code Review, CI/CD

PROFESSIONAL EXPERIENCE
Frontend Engineer | Coinbase (2024 - Present)
- Designed and deployed enterprise-grade systems utilizing TypeScript and JavaScript, improving throughput by 36%.
- Collaborated with engineering stakeholders to optimize data pipelines and system reliability using Next.js.
- Reduced system downtime and latency by 23% through proactive monitoring and automated CI/CD workflows.

EDUCATION
B.Tech in Computer Science and Engineering, University of Illinois Urbana-Champaign (Graduated 2024)
","TypeScript, JavaScript, Next.js, Git, React, Code Review, CI/CD"
RES-0479,Vikram Williams,vikram.williams24@synthetic-talent.org,+1 (555) 747-8552,Backend Engineer,4,Mid-Level,Bachelor,B.S. in Computer Science,University of Illinois Urbana-Champaign,"AWS, Node.js, Java, Go, PostgreSQL, Agile, Kafka, Python, Unit Testing","Vikram Williams
vikram.williams24@synthetic-talent.org | +1 (555) 747-8552 | Location: New York, NY

PROFESSIONAL SUMMARY
Results-driven Backend Engineer with 4 years of industry experience specializing in AWS, Node.js, Java, Go. Proven background building scalable solutions, collaborating across agile teams, and driving measurable engineering impact.

TECHNICAL SKILLS
AWS, Node.js, Java, Go, PostgreSQL, Agile, Kafka, Python, Unit Testing

PROFESSIONAL EXPERIENCE
Backend Engineer | NVIDIA (2023 - Present)
- Designed and deployed enterprise-grade systems utilizing AWS and Node.js, improving throughput by 36%.
- Collaborated with engineering stakeholders to optimize data pipelines and system reliability using Java.
- Reduced system downtime and latency by 10% through proactive monitoring and automated CI/CD workflows.

Backend Engineer | Lyft (2021 - 2023)
- Designed and deployed enterprise-grade systems utilizing AWS and Node.js, improving throughput by 34%.
- Collaborated with engineering stakeholders to optimize data pipelines and system reliability using Java.
- Reduced system downtime and latency by 10% through proactive monitoring and automated CI/CD workflows.

EDUCATION
B.S. in Computer Science, University of Illinois Urbana-Champaign (Graduated 2021)
","AWS, Node.js, Java, Go, PostgreSQL, Agile, Kafka, Python, Unit Testing"
RES-0480,Kavita Vance,kavita.vance84@synthetic-talent.org,+1 (555) 480-7448,Frontend Engineer,8,Senior,Bachelor,B.S. in Electrical and Computer Engineering,MIT,"TypeScript, Docker, HTML/CSS, Git, Code Review","Kavita Vance
kavita.vance84@synthetic-talent.org | +1 (555) 480-7448 | Location: New York, NY

PROFESSIONAL SUMMARY
Results-driven Frontend Engineer with 8 years of industry experience specializing in TypeScript, Docker, HTML/CSS, Git. Proven background building scalable solutions, collaborating across agile teams, and driving measurable engineering impact.

TECHNICAL SKILLS
TypeScript, Docker, HTML/CSS, Git, Code Review

PROFESSIONAL EXPERIENCE
Senior Frontend Engineer | Adobe (2021 - Present)
- Designed and deployed enterprise-grade systems utilizing TypeScript and Docker, improving throughput by 37%.
- Collaborated with engineering stakeholders to optimize data pipelines and system reliability using HTML/CSS.
- Reduced system downtime and latency by 14% through proactive monitoring and automated CI/CD workflows.

Senior Frontend Engineer | Amazon (2017 - 2021)
- Designed and deployed enterprise-grade systems utilizing TypeScript and Docker, improving throughput by 34%.
- Collaborated with engineering stakeholders to optimize data pipelines and system reliability using HTML/CSS.
- Reduced system downtime and latency by 12% through proactive monitoring and automated CI/CD workflows.

EDUCATION
B.S. in Electrical and Computer Engineering, MIT (Graduated 2017)
","TypeScript, Docker, HTML/CSS, Git, Code Review"
RES-0481,David Smith,david.smith49@synthetic-talent.org,+1 (555) 597-4134,Backend Engineer,12,Lead/Staff,Master,M.S. in Computer Science,Carnegie Mellon University,"AWS, Node.js, System Design, Java, Go, REST APIs, Docker, Git, PostgreSQL, Redis, Kafka, Python","David Smith
david.smith49@synthetic-talent.org | +1 (555) 597-4134 | Location: New York, NY

PROFESSIONAL SUMMARY
Results-driven Backend Engineer with 12 years of industry experience specializing in AWS, Node.js, System Design, Java. Proven background building scalable solutions, collaborating across agile teams, and driving measurable engineering impact.

TECHNICAL SKILLS
AWS, Node.js, System Design, Java, Go, REST APIs, Docker, Git, PostgreSQL, Redis, Kafka, Python

PROFESSIONAL EXPERIENCE
Senior Backend Engineer | Splunk (2023 - Present)
- Designed and deployed enterprise-grade systems utilizing AWS and Node.js, improving throughput by 26%.
- Collaborated with engineering stakeholders to optimize data pipelines and system reliability using System Design.
- Reduced system downtime and latency by 26% through proactive monitoring and automated CI/CD workflows.

Senior Backend Engineer | Shopify (2019 - 2023)
- Designed and deployed enterprise-grade systems utilizing AWS and Node.js, improving throughput by 44%.
- Collaborated with engineering stakeholders to optimize data pipelines and system reliability using System Design.
- Reduced system downtime and latency by 29% through proactive monitoring and automated CI/CD workflows.

Senior Backend Engineer | Oracle (2017 - 2019)
- Designed and deployed enterprise-grade systems utilizing AWS and Node.js, improving throughput by 17%.
- Collaborated with engineering stakeholders to optimize data pipelines and system reliability using System Design.
- Reduced system downtime and latency by 26% through proactive monitoring and automated CI/CD workflows.

Senior Backend Engineer | Twilio (2014 - 2017)
- Designed and deployed enterprise-grade systems utilizing AWS and Node.js, improving throughput by 19%.
- Collaborated with engineering stakeholders to optimize data pipelines and system reliability using System Design.
- Reduced system downtime and latency by 10% through proactive monitoring and automated CI/CD workflows.

Senior Backend Engineer | Square / Block (2013 - 2014)
- Designed and deployed enterprise-grade systems utilizing AWS and Node.js, improving throughput by 30%.
- Collaborated with engineering stakeholders to optimize data pipelines and system reliability using System Design.
- Reduced system downtime and latency by 28% through proactive monitoring and automated CI/CD workflows.

EDUCATION
M.S. in Computer Science, Carnegie Mellon University (Graduated 2013)
","AWS, Node.js, System Design, Java, Go, REST APIs, Docker, Git, PostgreSQL, Redis, Kafka, Python"
RES-0482,Marcus Garcia,marcus.garcia35@synthetic-talent.org,+1 (555) 914-5529,Cybersecurity Engineer,6,Mid-Level,Doctorate,Ph.D. in Computer Science,University of Washington,"AWS, Terraform, Go, Kubernetes, Docker, Git, PostgreSQL, Linux, Agile, Python, CI/CD","Marcus Garcia
marcus.garcia35@synthetic-talent.org | +1 (555) 914-5529 | Location: New York, NY

PROFESSIONAL SUMMARY
Results-driven Cybersecurity Engineer with 6 years of industry experience specializing in AWS, Terraform, Go, Kubernetes. Proven background building scalable solutions, collaborating across agile teams, and driving measurable engineering impact.

TECHNICAL SKILLS
AWS, Terraform, Go, Kubernetes, Docker, Git, PostgreSQL, Linux, Agile, Python, CI/CD

PROFESSIONAL EXPERIENCE
Senior Cybersecurity Engineer | HubSpot (2023 - Present)
- Designed and deployed enterprise-grade systems utilizing AWS and Terraform, improving throughput by 33%.
- Collaborated with engineering stakeholders to optimize data pipelines and system reliability using Go.
- Reduced system downtime and latency by 27% through proactive monitoring and automated CI/CD workflows.

Senior Cybersecurity Engineer | Splunk (2020 - 2023)
- Designed and deployed enterprise-grade systems utilizing AWS and Terraform, improving throughput by 36%.
- Collaborated with engineering stakeholders to optimize data pipelines and system reliability using Go.
- Reduced system downtime and latency by 29% through proactive monitoring and automated CI/CD workflows.

Senior Cybersecurity Engineer | Instacart (2019 - 2020)
- Designed and deployed enterprise-grade systems utilizing AWS and Terraform, improving throughput by 16%.
- Collaborated with engineering stakeholders to optimize data pipelines and system reliability using Go.
- Reduced system downtime and latency by 18% through proactive monitoring and automated CI/CD workflows.

EDUCATION
Ph.D. in Computer Science, University of Washington (Graduated 2019)
","AWS, Terraform, Go, Kubernetes, Docker, Git, PostgreSQL, Linux, Agile, Python, CI/CD"
RES-0483,Emma Sharma,emma.sharma44@synthetic-talent.org,+1 (555) 458-7722,Cloud & DevOps Engineer,1,Junior,Bachelor,B.S. in Computer Science,UC Berkeley,"AWS, Azure, Terraform, Jira, Prometheus, Linux, CI/CD","Emma Sharma
emma.sharma44@synthetic-talent.org | +1 (555) 458-7722 | Location: New York, NY

PROFESSIONAL SUMMARY
Results-driven Cloud & DevOps Engineer with 1 years of industry experience specializing in AWS, Azure, Terraform, Jira. Proven background building scalable solutions, collaborating across agile teams, and driving measurable engineering impact.

TECHNICAL SKILLS
AWS, Azure, Terraform, Jira, Prometheus, Linux, CI/CD

PROFESSIONAL EXPERIENCE
Cloud & DevOps Engineer | DoorDash (2024 - Present)
- Designed and deployed enterprise-grade systems utilizing AWS and Azure, improving throughput by 22%.
- Collaborated with engineering stakeholders to optimize data pipelines and system reliability using Terraform.
- Reduced system downtime and latency by 17% through proactive monitoring and automated CI/CD workflows.

EDUCATION
B.S. in Computer Science, UC Berkeley (Graduated 2024)
","AWS, Azure, Terraform, Jira, Prometheus, Linux, CI/CD"
RES-0484,Daniel Miller,daniel.miller71@synthetic-talent.org,+1 (555) 413-8783,Machine Learning Engineer,4,Mid-Level,Bachelor,B.S. in Computer Science,Stanford University,"FastAPI, Machine Learning, GCP, Large Language Models, Kubernetes, REST APIs, Docker, Transformers, Kafka, CI/CD, Unit Testing","Daniel Miller
daniel.miller71@synthetic-talent.org | +1 (555) 413-8783 | Location: New York, NY

PROFESSIONAL SUMMARY
Results-driven Machine Learning Engineer with 4 years of industry experience specializing in FastAPI, Machine Learning, GCP, Large Language Models. Proven background building scalable solutions, collaborating across agile teams, and driving measurable engineering impact.

TECHNICAL SKILLS
FastAPI, Machine Learning, GCP, Large Language Models, Kubernetes, REST APIs, Docker, Transformers, Kafka, CI/CD, Unit Testing

PROFESSIONAL EXPERIENCE
Machine Learning Engineer | Microsoft (2023 - Present)
- Designed and deployed enterprise-grade systems utilizing FastAPI and Machine Learning, improving throughput by 27%.
- Collaborated with engineering stakeholders to optimize data pipelines and system reliability using GCP.
- Reduced system downtime and latency by 25% through proactive monitoring and automated CI/CD workflows.

Machine Learning Engineer | Twilio (2021 - 2023)
- Designed and deployed enterprise-grade systems utilizing FastAPI and Machine Learning, improving throughput by 20%.
- Collaborated with engineering stakeholders to optimize data pipelines and system reliability using GCP.
- Reduced system downtime and latency by 23% through proactive monitoring and automated CI/CD workflows.

EDUCATION
B.S. in Computer Science, Stanford University (Graduated 2021)
","FastAPI, Machine Learning, GCP, Large Language Models, Kubernetes, REST APIs, Docker, Transformers, Kafka, CI/CD, Unit Testing"
RES-0485,Ananya Rostova,ananya.rostova47@synthetic-talent.org,+1 (555) 370-4477,Cybersecurity Engineer,3,Junior,Bachelor,B.S. in Electrical and Computer Engineering,Sharda University,"Kubernetes, Jira, Docker, Git, Linux, Python","Ananya Rostova
ananya.rostova47@synthetic-talent.org | +1 (555) 370-4477 | Location: New York, NY

PROFESSIONAL SUMMARY
Results-driven Cybersecurity Engineer with 3 years of industry experience specializing in Kubernetes, Jira, Docker, Git. Proven background building scalable solutions, collaborating across agile teams, and driving measurable engineering impact.

TECHNICAL SKILLS
Kubernetes, Jira, Docker, Git, Linux, Python

PROFESSIONAL EXPERIENCE
Cybersecurity Engineer | Netflix (2022 - Present)
- Designed and deployed enterprise-grade systems utilizing Kubernetes and Jira, improving throughput by 29%.
- Collaborated with engineering stakeholders to optimize data pipelines and system reliability using Docker.
- Reduced system downtime and latency by 19% through proactive monitoring and automated CI/CD workflows.

EDUCATION
B.S. in Electrical and Computer Engineering, Sharda University (Graduated 2022)
","Kubernetes, Jira, Docker, Git, Linux, Python"
RES-0486,Carlos Anderson,carlos.anderson89@synthetic-talent.org,+1 (555) 198-4297,Cloud & DevOps Engineer,5,Mid-Level,Doctorate,Ph.D. in Computer Science,Stanford University,"AWS, Terraform, Kubernetes, Jira, Docker, Linux, Python, CI/CD","Carlos Anderson
carlos.anderson89@synthetic-talent.org | +1 (555) 198-4297 | Location: New York, NY

PROFESSIONAL SUMMARY
Results-driven Cloud & DevOps Engineer with 5 years of industry experience specializing in AWS, Terraform, Kubernetes, Jira. Proven background building scalable solutions, collaborating across agile teams, and driving measurable engineering impact.

TECHNICAL SKILLS
AWS, Terraform, Kubernetes, Jira, Docker, Linux, Python, CI/CD

PROFESSIONAL EXPERIENCE
Senior Cloud & DevOps Engineer | Snowflake (2021 - Present)
- Designed and deployed enterprise-grade systems utilizing AWS and Terraform, improving throughput by 39%.
- Collaborated with engineering stakeholders to optimize data pipelines and system reliability using Kubernetes.
- Reduced system downtime and latency by 12% through proactive monitoring and automated CI/CD workflows.

Cloud & DevOps Engineer | HubSpot (2020 - 2021)
- Designed and deployed enterprise-grade systems utilizing AWS and Terraform, improving throughput by 21%.
- Collaborated with engineering stakeholders to optimize data pipelines and system reliability using Kubernetes.
- Reduced system downtime and latency by 23% through proactive monitoring and automated CI/CD workflows.

EDUCATION
Ph.D. in Computer Science, Stanford University (Graduated 2020)
","AWS, Terraform, Kubernetes, Jira, Docker, Linux, Python, CI/CD"
RES-0487,Priya Davis,priya.davis13@synthetic-talent.org,+1 (555) 731-3240,Frontend Engineer,11,Lead/Staff,Bachelor,B.Tech in Computer Science and Engineering,Georgia Tech,"Node.js, TypeScript, HTML/CSS, Next.js, React, Linux, CI/CD, Unit Testing","Priya Davis
priya.davis13@synthetic-talent.org | +1 (555) 731-3240 | Location: New York, NY

PROFESSIONAL SUMMARY
Results-driven Frontend Engineer with 11 years of industry experience specializing in Node.js, TypeScript, HTML/CSS, Next.js. Proven background building scalable solutions, collaborating across agile teams, and driving measurable engineering impact.

TECHNICAL SKILLS
Node.js, TypeScript, HTML/CSS, Next.js, React, Linux, CI/CD, Unit Testing

PROFESSIONAL EXPERIENCE
Senior Frontend Engineer | Apple (2023 - Present)
- Designed and deployed enterprise-grade systems utilizing Node.js and TypeScript, improving throughput by 41%.
- Collaborated with engineering stakeholders to optimize data pipelines and system reliability using HTML/CSS.
- Reduced system downtime and latency by 23% through proactive monitoring and automated CI/CD workflows.

Senior Frontend Engineer | ServiceNow (2020 - 2023)
- Designed and deployed enterprise-grade systems utilizing Node.js and TypeScript, improving throughput by 33%.
- Collaborated with engineering stakeholders to optimize data pipelines and system reliability using HTML/CSS.
- Reduced system downtime and latency by 23% through proactive monitoring and automated CI/CD workflows.

Senior Frontend Engineer | Palantir (2017 - 2020)
- Designed and deployed enterprise-grade systems utilizing Node.js and TypeScript, improving throughput by 38%.
- Collaborated with engineering stakeholders to optimize data pipelines and system reliability using HTML/CSS.
- Reduced system downtime and latency by 17% through proactive monitoring and automated CI/CD workflows.

Senior Frontend Engineer | Meta (2014 - 2017)
- Designed and deployed enterprise-grade systems utilizing Node.js and TypeScript, improving throughput by 19%.
- Collaborated with engineering stakeholders to optimize data pipelines and system reliability using HTML/CSS.
- Reduced system downtime and latency by 27% through proactive monitoring and automated CI/CD workflows.

EDUCATION
B.Tech in Computer Science and Engineering, Georgia Tech (Graduated 2014)
","Node.js, TypeScript, HTML/CSS, Next.js, React, Linux, CI/CD, Unit Testing"
RES-0488,David Sharma,david.sharma72@synthetic-talent.org,+1 (555) 653-5080,Full Stack Engineer,4,Mid-Level,Master,M.S. in Computer Science,Sharda University,"FastAPI, Node.js, AWS, TypeScript, GraphQL, Docker, PostgreSQL, React, Linux, Python, Unit Testing","David Sharma
david.sharma72@synthetic-talent.org | +1 (555) 653-5080 | Location: New York, NY

PROFESSIONAL SUMMARY
Results-driven Full Stack Engineer with 4 years of industry experience specializing in FastAPI, Node.js, AWS, TypeScript. Proven background building scalable solutions, collaborating across agile teams, and driving measurable engineering impact.

TECHNICAL SKILLS
FastAPI, Node.js, AWS, TypeScript, GraphQL, Docker, PostgreSQL, React, Linux, Python, Unit Testing

PROFESSIONAL EXPERIENCE
Senior Full Stack Engineer | Amazon (2021 - Present)
- Designed and deployed enterprise-grade systems utilizing FastAPI and Node.js, improving throughput by 32%.
- Collaborated with engineering stakeholders to optimize data pipelines and system reliability using AWS.
- Reduced system downtime and latency by 17% through proactive monitoring and automated CI/CD workflows.

EDUCATION
M.S. in Computer Science, Sharda University (Graduated 2021)
","FastAPI, Node.js, AWS, TypeScript, GraphQL, Docker, PostgreSQL, React, Linux, Python, Unit Testing"
RES-0489,Jordan Chen,jordan.chen22@synthetic-talent.org,+1 (555) 967-2726,Full Stack Engineer,2,Junior,Master,M.S. in Machine Learning and Data Science,Cornell University,"AWS, Node.js, FastAPI, GraphQL, Docker, React, Linux, Code Review, Redis, CI/CD","Jordan Chen
jordan.chen22@synthetic-talent.org | +1 (555) 967-2726 | Location: New York, NY

PROFESSIONAL SUMMARY
Results-driven Full Stack Engineer with 2 years of industry experience specializing in AWS, Node.js, FastAPI, GraphQL. Proven background building scalable solutions, collaborating across agile teams, and driving measurable engineering impact.

TECHNICAL SKILLS
AWS, Node.js, FastAPI, GraphQL, Docker, React, Linux, Code Review, Redis, CI/CD

PROFESSIONAL EXPERIENCE
Full Stack Engineer | NVIDIA (2023 - Present)
- Designed and deployed enterprise-grade systems utilizing AWS and Node.js, improving throughput by 15%.
- Collaborated with engineering stakeholders to optimize data pipelines and system reliability using FastAPI.
- Reduced system downtime and latency by 18% through proactive monitoring and automated CI/CD workflows.

EDUCATION
M.S. in Machine Learning and Data Science, Cornell University (Graduated 2023)
","AWS, Node.js, FastAPI, GraphQL, Docker, React, Linux, Code Review, Redis, CI/CD"
RES-0490,Kavita Brown,kavita.brown16@synthetic-talent.org,+1 (555) 992-6888,Machine Learning Engineer,6,Senior,Master,M.S. in Machine Learning and Data Science,Sharda University,"PyTorch, AWS, GCP, Machine Learning, Large Language Models, REST APIs, Docker, Transformers, Code Review, Kafka, Python","Kavita Brown
kavita.brown16@synthetic-talent.org | +1 (555) 992-6888 | Location: New York, NY

PROFESSIONAL SUMMARY
Results-driven Machine Learning Engineer with 6 years of industry experience specializing in PyTorch, AWS, GCP, Machine Learning. Proven background building scalable solutions, collaborating across agile teams, and driving measurable engineering impact.

TECHNICAL SKILLS
PyTorch, AWS, GCP, Machine Learning, Large Language Models, REST APIs, Docker, Transformers, Code Review, Kafka, Python

PROFESSIONAL EXPERIENCE
Senior Machine Learning Engineer | Apple (2022 - Present)
- Designed and deployed enterprise-grade systems utilizing PyTorch and AWS, improving throughput by 28%.
- Collaborated with engineering stakeholders to optimize data pipelines and system reliability using GCP.
- Reduced system downtime and latency by 13% through proactive monitoring and automated CI/CD workflows.

Senior Machine Learning Engineer | Twilio (2019 - 2022)
- Designed and deployed enterprise-grade systems utilizing PyTorch and AWS, improving throughput by 37%.
- Collaborated with engineering stakeholders to optimize data pipelines and system reliability using GCP.
- Reduced system downtime and latency by 11% through proactive monitoring and automated CI/CD workflows.

EDUCATION
M.S. in Machine Learning and Data Science, Sharda University (Graduated 2019)
","PyTorch, AWS, GCP, Machine Learning, Large Language Models, REST APIs, Docker, Transformers, Code Review, Kafka, Python"
RES-0491,Michael Vance,michael.vance72@synthetic-talent.org,+1 (555) 462-4827,Full Stack Engineer,12,Lead/Staff,Doctorate,Ph.D. in Computer Science,UT Austin,"AWS, Node.js, FastAPI, TypeScript, PostgreSQL, Linux, Agile, Redis, Python, CI/CD","Michael Vance
michael.vance72@synthetic-talent.org | +1 (555) 462-4827 | Location: New York, NY

PROFESSIONAL SUMMARY
Results-driven Full Stack Engineer with 12 years of industry experience specializing in AWS, Node.js, FastAPI, TypeScript. Proven background building scalable solutions, collaborating across agile teams, and driving measurable engineering impact.

TECHNICAL SKILLS
AWS, Node.js, FastAPI, TypeScript, PostgreSQL, Linux, Agile, Redis, Python, CI/CD

PROFESSIONAL EXPERIENCE
Senior Full Stack Engineer | Uber (2021 - Present)
- Designed and deployed enterprise-grade systems utilizing AWS and Node.js, improving throughput by 29%.
- Collaborated with engineering stakeholders to optimize data pipelines and system reliability using FastAPI.
- Reduced system downtime and latency by 24% through proactive monitoring and automated CI/CD workflows.

Senior Full Stack Engineer | Coinbase (2018 - 2021)
- Designed and deployed enterprise-grade systems utilizing AWS and Node.js, improving throughput by 20%.
- Collaborated with engineering stakeholders to optimize data pipelines and system reliability using FastAPI.
- Reduced system downtime and latency by 18% through proactive monitoring and automated CI/CD workflows.

Senior Full Stack Engineer | Amazon (2014 - 2018)
- Designed and deployed enterprise-grade systems utilizing AWS and Node.js, improving throughput by 17%.
- Collaborated with engineering stakeholders to optimize data pipelines and system reliability using FastAPI.
- Reduced system downtime and latency by 20% through proactive monitoring and automated CI/CD workflows.

Senior Full Stack Engineer | Cisco (2013 - 2014)
- Designed and deployed enterprise-grade systems utilizing AWS and Node.js, improving throughput by 18%.
- Collaborated with engineering stakeholders to optimize data pipelines and system reliability using FastAPI.
- Reduced system downtime and latency by 23% through proactive monitoring and automated CI/CD workflows.

EDUCATION
Ph.D. in Computer Science, UT Austin (Graduated 2013)
","AWS, Node.js, FastAPI, TypeScript, PostgreSQL, Linux, Agile, Redis, Python, CI/CD"
RES-0492,Chloe Smith,chloe.smith87@synthetic-talent.org,+1 (555) 937-2994,Cybersecurity Engineer,1,Junior,Master,M.S. in Machine Learning and Data Science,BITS Pilani,"AWS, Terraform, Go, Kubernetes, REST APIs, Docker, PostgreSQL, Linux, Agile, Python, CI/CD","Chloe Smith
chloe.smith87@synthetic-talent.org | +1 (555) 937-2994 | Location: New York, NY

PROFESSIONAL SUMMARY
Results-driven Cybersecurity Engineer with 1 years of industry experience specializing in AWS, Terraform, Go, Kubernetes. Proven background building scalable solutions, collaborating across agile teams, and driving measurable engineering impact.

TECHNICAL SKILLS
AWS, Terraform, Go, Kubernetes, REST APIs, Docker, PostgreSQL, Linux, Agile, Python, CI/CD

PROFESSIONAL EXPERIENCE
Cybersecurity Engineer | HubSpot (2024 - Present)
- Designed and deployed enterprise-grade systems utilizing AWS and Terraform, improving throughput by 16%.
- Collaborated with engineering stakeholders to optimize data pipelines and system reliability using Go.
- Reduced system downtime and latency by 30% through proactive monitoring and automated CI/CD workflows.

EDUCATION
M.S. in Machine Learning and Data Science, BITS Pilani (Graduated 2024)
","AWS, Terraform, Go, Kubernetes, REST APIs, Docker, PostgreSQL, Linux, Agile, Python, CI/CD"
RES-0493,Priya Sharma,priya.sharma54@synthetic-talent.org,+1 (555) 640-3804,Data Scientist,3,Mid-Level,Bachelor,B.S. in Computer Science,Cornell University,"AWS, Deep Learning, BigQuery, Jira, NLP, Linux, Python, Pandas","Priya Sharma
priya.sharma54@synthetic-talent.org | +1 (555) 640-3804 | Location: New York, NY

PROFESSIONAL SUMMARY
Results-driven Data Scientist with 3 years of industry experience specializing in AWS, Deep Learning, BigQuery, Jira. Proven background building scalable solutions, collaborating across agile teams, and driving measurable engineering impact.

TECHNICAL SKILLS
AWS, Deep Learning, BigQuery, Jira, NLP, Linux, Python, Pandas

PROFESSIONAL EXPERIENCE
Data Scientist | Spotify (2022 - Present)
- Designed and deployed enterprise-grade systems utilizing AWS and Deep Learning, improving throughput by 22%.
- Collaborated with engineering stakeholders to optimize data pipelines and system reliability using BigQuery.
- Reduced system downtime and latency by 29% through proactive monitoring and automated CI/CD workflows.

EDUCATION
B.S. in Computer Science, Cornell University (Graduated 2022)
","AWS, Deep Learning, GCP, Jira, NLP, Linux, Python, Pandas"
RES-0494,Chloe Rostova,chloe.rostova85@synthetic-talent.org,+1 (555) 111-3110,Data Scientist,0,Junior,Bachelor,B.S. in Computer Science,UC Berkeley,"Machine Learning, Deep Learning, REST APIs, Jira, Docker, SQL, Python, Scikit-Learn, Pandas","Chloe Rostova
chloe.rostova85@synthetic-talent.org | +1 (555) 111-3110 | Location: New York, NY

PROFESSIONAL SUMMARY
Results-driven Data Scientist with 0 years of industry experience specializing in Machine Learning, Deep Learning, REST APIs, Jira. Proven background building scalable solutions, collaborating across agile teams, and driving measurable engineering impact.

TECHNICAL SKILLS
Machine Learning, Deep Learning, REST APIs, Jira, Docker, SQL, Python, Scikit-Learn, Pandas

PROFESSIONAL EXPERIENCE
Software Engineering Intern | Stripe (Summer 2024)
- Developed automated test suites and backend features with Machine Learning.
- Collaborated in daily standups and contributed to production pull requests.

EDUCATION
B.S. in Computer Science, UC Berkeley (Graduated 2025)
","Machine Learning, Deep Learning, REST APIs, Jira, Docker, SQL, Python, Scikit-Learn, Pandas"
RES-0495,Emily Garcia,emily.garcia55@synthetic-talent.org,+1 (555) 163-6895,Backend Engineer,3,Mid-Level,Bachelor,B.Tech in Computer Science and Engineering,IIT Bombay,"FastAPI, Node.js, System Design, Java, Go, Kubernetes, PostgreSQL, Agile, Redis, Python, CI/CD, Unit Testing","Emily Garcia
emily.garcia55@synthetic-talent.org | +1 (555) 163-6895 | Location: New York, NY

PROFESSIONAL SUMMARY
Results-driven Backend Engineer with 3 years of industry experience specializing in FastAPI, Node.js, System Design, Java. Proven background building scalable solutions, collaborating across agile teams, and driving measurable engineering impact.

TECHNICAL SKILLS
FastAPI, Node.js, System Design, Java, Go, Kubernetes, PostgreSQL, Agile, Redis, Python, CI/CD, Unit Testing

PROFESSIONAL EXPERIENCE
Backend Engineer | NVIDIA (2022 - Present)
- Designed and deployed enterprise-grade systems utilizing FastAPI and Node.js, improving throughput by 43%.
- Collaborated with engineering stakeholders to optimize data pipelines and system reliability using System Design.
- Reduced system downtime and latency by 13% through proactive monitoring and automated CI/CD workflows.

EDUCATION
B.Tech in Computer Science and Engineering, IIT Bombay (Graduated 2022)
","FastAPI, Node.js, System Design, Java, Go, Kubernetes, PostgreSQL, Agile, Redis, Python, CI/CD, Unit Testing"
RES-0496,Kavita Garcia,kavita.garcia30@synthetic-talent.org,+1 (555) 275-4253,Cloud & DevOps Engineer,10,Senior,Master,M.S. in Computer Science,Stanford University,"Azure, Terraform, GCP, REST APIs, Docker, Prometheus, Linux, CI/CD, Unit Testing","Kavita Garcia
kavita.garcia30@synthetic-talent.org | +1 (555) 275-4253 | Location: New York, NY

PROFESSIONAL SUMMARY
Results-driven Cloud & DevOps Engineer with 10 years of industry experience specializing in Azure, Terraform, GCP, REST APIs. Proven background building scalable solutions, collaborating across agile teams, and driving measurable engineering impact.

TECHNICAL SKILLS
Azure, Terraform, GCP, REST APIs, Docker, Prometheus, Linux, CI/CD, Unit Testing

PROFESSIONAL EXPERIENCE
Senior Cloud & DevOps Engineer | Apple (2023 - Present)
- Designed and deployed enterprise-grade systems utilizing Azure and Terraform, improving throughput by 44%.
- Collaborated with engineering stakeholders to optimize data pipelines and system reliability using GCP.
- Reduced system downtime and latency by 16% through proactive monitoring and automated CI/CD workflows.

Senior Cloud & DevOps Engineer | Intel (2020 - 2023)
- Designed and deployed enterprise-grade systems utilizing Azure and Terraform, improving throughput by 30%.
- Collaborated with engineering stakeholders to optimize data pipelines and system reliability using GCP.
- Reduced system downtime and latency by 12% through proactive monitoring and automated CI/CD workflows.

Senior Cloud & DevOps Engineer | Shopify (2018 - 2020)
- Designed and deployed enterprise-grade systems utilizing Azure and Terraform, improving throughput by 36%.
- Collaborated with engineering stakeholders to optimize data pipelines and system reliability using GCP.
- Reduced system downtime and latency by 30% through proactive monitoring and automated CI/CD workflows.

Senior Cloud & DevOps Engineer | Atlassian (2015 - 2018)
- Designed and deployed enterprise-grade systems utilizing Azure and Terraform, improving throughput by 35%.
- Collaborated with engineering stakeholders to optimize data pipelines and system reliability using GCP.
- Reduced system downtime and latency by 23% through proactive monitoring and automated CI/CD workflows.

EDUCATION
M.S. in Computer Science, Stanford University (Graduated 2015)
","Azure, Terraform, GCP, REST APIs, Docker, Prometheus, Linux, CI/CD, Unit Testing"
RES-0497,Chen Smith,chen.smith36@synthetic-talent.org,+1 (555) 998-9940,Backend Engineer,2,Junior,Bachelor,B.S. in Electrical and Computer Engineering,MIT,"Node.js, System Design, Kubernetes, Git, Redis, Kafka, Python, CI/CD, Unit Testing","Chen Smith
chen.smith36@synthetic-talent.org | +1 (555) 998-9940 | Location: New York, NY

PROFESSIONAL SUMMARY
Results-driven Backend Engineer with 2 years of industry experience specializing in Node.js, System Design, Kubernetes, Git. Proven background building scalable solutions, collaborating across agile teams, and driving measurable engineering impact.

TECHNICAL SKILLS
Node.js, System Design, Kubernetes, Git, Redis, Kafka, Python, CI/CD, Unit Testing

PROFESSIONAL EXPERIENCE
Backend Engineer | Cloudflare (2023 - Present)
- Designed and deployed enterprise-grade systems utilizing Node.js and System Design, improving throughput by 21%.
- Collaborated with engineering stakeholders to optimize data pipelines and system reliability using Kubernetes.
- Reduced system downtime and latency by 25% through proactive monitoring and automated CI/CD workflows.

EDUCATION
B.S. in Electrical and Computer Engineering, MIT (Graduated 2023)
","Node.js, System Design, Kubernetes, Git, Redis, Kafka, Python, CI/CD, Unit Testing"
RES-0498,Kavita Patel,kavita.patel60@synthetic-talent.org,+1 (555) 822-3790,Machine Learning Engineer,8,Senior,Master,M.S. in Computer Science,University of Washington,"PyTorch, AWS, Large Language Models, Kubernetes, Jira, Docker, Transformers, Git, Kafka, Python","Kavita Patel
kavita.patel60@synthetic-talent.org | +1 (555) 822-3790 | Location: New York, NY

PROFESSIONAL SUMMARY
Results-driven Machine Learning Engineer with 8 years of industry experience specializing in PyTorch, AWS, Large Language Models, Kubernetes. Proven background building scalable solutions, collaborating across agile teams, and driving measurable engineering impact.

TECHNICAL SKILLS
PyTorch, AWS, Large Language Models, Kubernetes, Jira, Docker, Transformers, Git, Kafka, Python

PROFESSIONAL EXPERIENCE
Senior Machine Learning Engineer | Netflix (2022 - Present)
- Designed and deployed enterprise-grade systems utilizing PyTorch and AWS, improving throughput by 44%.
- Collaborated with engineering stakeholders to optimize data pipelines and system reliability using Large Language Models.
- Reduced system downtime and latency by 12% through proactive monitoring and automated CI/CD workflows.

Senior Machine Learning Engineer | DoorDash (2019 - 2022)
- Designed and deployed enterprise-grade systems utilizing PyTorch and AWS, improving throughput by 17%.
- Collaborated with engineering stakeholders to optimize data pipelines and system reliability using Large Language Models.
- Reduced system downtime and latency by 25% through proactive monitoring and automated CI/CD workflows.

Senior Machine Learning Engineer | Palo Alto Networks (2017 - 2019)
- Designed and deployed enterprise-grade systems utilizing PyTorch and AWS, improving throughput by 45%.
- Collaborated with engineering stakeholders to optimize data pipelines and system reliability using Large Language Models.
- Reduced system downtime and latency by 27% through proactive monitoring and automated CI/CD workflows.

EDUCATION
M.S. in Computer Science, University of Washington (Graduated 2017)
","PyTorch, AWS, Large Language Models, Kubernetes, Jira, Docker, Transformers, Git, Kafka, Python"
RES-0499,Chloe Chen,chloe.chen63@synthetic-talent.org,+1 (555) 608-8299,Data Engineer,2,Mid-Level,Doctorate,Ph.D. in Computer Science,Cornell University,"Jira, Spark, Docker, PostgreSQL, SQL, Snowflake, Code Review, Kafka, Airflow","Chloe Chen
chloe.chen63@synthetic-talent.org | +1 (555) 608-8299 | Location: New York, NY

PROFESSIONAL SUMMARY
Results-driven Data Engineer with 2 years of industry experience specializing in Jira, Spark, Docker, PostgreSQL. Proven background building scalable solutions, collaborating across agile teams, and driving measurable engineering impact.

TECHNICAL SKILLS
Jira, Spark, Docker, PostgreSQL, SQL, Snowflake, Code Review, Kafka, Airflow

PROFESSIONAL EXPERIENCE
Data Engineer | Coinbase (2023 - Present)
- Designed and deployed enterprise-grade systems utilizing Jira and Spark, improving throughput by 42%.
- Collaborated with engineering stakeholders to optimize data pipelines and system reliability using Docker.
- Reduced system downtime and latency by 22% through proactive monitoring and automated CI/CD workflows.

EDUCATION
Ph.D. in Computer Science, Cornell University (Graduated 2023)
","Jira, Spark, Docker, PostgreSQL, SQL, Snowflake, Code Review, Kafka, Airflow"
RES-0500,Chloe Gupta,chloe.gupta25@synthetic-talent.org,+1 (555) 625-3321,Frontend Engineer,5,Senior,Bachelor,B.S. in Computer Science,Cornell University,"GraphQL, Docker, Next.js, React, Linux, Code Review, CI/CD","Chloe Gupta
chloe.gupta25@synthetic-talent.org | +1 (555) 625-3321 | Location: New York, NY

PROFESSIONAL SUMMARY
Results-driven Frontend Engineer with 5 years of industry experience specializing in GraphQL, Docker, Next.js, React. Proven background building scalable solutions, collaborating across agile teams, and driving measurable engineering impact.

TECHNICAL SKILLS
GraphQL, Docker, Next.js, React, Linux, Code Review, CI/CD

PROFESSIONAL EXPERIENCE
Senior Frontend Engineer | Robinhood (2021 - Present)
- Designed and deployed enterprise-grade systems utilizing GraphQL and Docker, improving throughput by 26%.
- Collaborated with engineering stakeholders to optimize data pipelines and system reliability using Next.js.
- Reduced system downtime and latency by 29% through proactive monitoring and automated CI/CD workflows.

Frontend Engineer | Microsoft (2020 - 2021)
- Designed and deployed enterprise-grade systems utilizing GraphQL and Docker, improving throughput by 44%.
- Collaborated with engineering stakeholders to optimize data pipelines and system reliability using Next.js.
- Reduced system downtime and latency by 17% through proactive monitoring and automated CI/CD workflows.

EDUCATION
B.S. in Computer Science, Cornell University (Graduated 2020)
","GraphQL, Docker, Next.js, React, Linux, Code Review, CI/CD"
RES-0501,Ananya Kim,ananya.kim84@synthetic-talent.org,+1 (555) 359-7600,Cybersecurity Engineer,1,Junior,Bachelor,B.S. in Electrical and Computer Engineering,University of Illinois Urbana-Champaign,"AWS, Terraform, Go, Kubernetes, Jira, Docker, PostgreSQL, Linux, Code Review, Python, CI/CD","Ananya Kim
ananya.kim84@synthetic-talent.org | +1 (555) 359-7600 | Location: New York, NY

PROFESSIONAL SUMMARY
Results-driven Cybersecurity Engineer with 1 years of industry experience specializing in AWS, Terraform, Go, Kubernetes. Proven background building scalable solutions, collaborating across agile teams, and driving measurable engineering impact.

TECHNICAL SKILLS
AWS, Terraform, Go, Kubernetes, Jira, Docker, PostgreSQL, Linux, Code Review, Python, CI/CD

PROFESSIONAL EXPERIENCE
Cybersecurity Engineer | Meta (2024 - Present)
- Designed and deployed enterprise-grade systems utilizing AWS and Terraform, improving throughput by 18%.
- Collaborated with engineering stakeholders to optimize data pipelines and system reliability using Go.
- Reduced system downtime and latency by 29% through proactive monitoring and automated CI/CD workflows.

EDUCATION
B.S. in Electrical and Computer Engineering, University of Illinois Urbana-Champaign (Graduated 2024)
","AWS, Terraform, Go, Kubernetes, Jira, Docker, PostgreSQL, Linux, Code Review, Python, CI/CD"
RES-0502,Kavita Sharma,kavita.sharma50@synthetic-talent.org,+1 (555) 696-5688,Frontend Engineer,4,Mid-Level,Bachelor,B.S. in Computer Science,UT Austin,"TypeScript, GraphQL, REST APIs, HTML/CSS, CI/CD, Unit Testing","Kavita Sharma
kavita.sharma50@synthetic-talent.org | +1 (555) 696-5688 | Location: New York, NY

PROFESSIONAL SUMMARY
Results-driven Frontend Engineer with 4 years of industry experience specializing in TypeScript, GraphQL, REST APIs, HTML/CSS. Proven background building scalable solutions, collaborating across agile teams, and driving measurable engineering impact.

TECHNICAL SKILLS
TypeScript, GraphQL, REST APIs, HTML/CSS, CI/CD, Unit Testing

PROFESSIONAL EXPERIENCE
Senior Frontend Engineer | Square / Block (2021 - Present)
- Designed and deployed enterprise-grade systems utilizing TypeScript and GraphQL, improving throughput by 37%.
- Collaborated with engineering stakeholders to optimize data pipelines and system reliability using REST APIs.
- Reduced system downtime and latency by 14% through proactive monitoring and automated CI/CD workflows.

EDUCATION
B.S. in Computer Science, UT Austin (Graduated 2021)
","TypeScript, GraphQL, REST APIs, HTML/CSS, CI/CD, Unit Testing"
RES-0503,Emily Brown,emily.brown58@synthetic-talent.org,+1 (555) 888-2558,Cloud & DevOps Engineer,8,Senior,Bachelor,B.S. in Electrical and Computer Engineering,IIT Bombay,"AWS, Azure, Kubernetes, Jira, Docker, Linux, Code Review, CI/CD","Emily Brown
emily.brown58@synthetic-talent.org | +1 (555) 888-2558 | Location: New York, NY

PROFESSIONAL SUMMARY
Results-driven Cloud & DevOps Engineer with 8 years of industry experience specializing in AWS, Azure, Kubernetes, Jira. Proven background building scalable solutions, collaborating across agile teams, and driving measurable engineering impact.

TECHNICAL SKILLS
AWS, Azure, Kubernetes, Jira, Docker, Linux, Code Review, CI/CD

PROFESSIONAL EXPERIENCE
Senior Cloud & DevOps Engineer | Shopify (2022 - Present)
- Designed and deployed enterprise-grade systems utilizing AWS and Azure, improving throughput by 33%.
- Collaborated with engineering stakeholders to optimize data pipelines and system reliability using Kubernetes.
- Reduced system downtime and latency by 16% through proactive monitoring and automated CI/CD workflows.

Senior Cloud & DevOps Engineer | Pinterest (2019 - 2022)
- Designed and deployed enterprise-grade systems utilizing AWS and Azure, improving throughput by 32%.
- Collaborated with engineering stakeholders to optimize data pipelines and system reliability using Kubernetes.
- Reduced system downtime and latency by 26% through proactive monitoring and automated CI/CD workflows.

Senior Cloud & DevOps Engineer | Reddit (2017 - 2019)
- Designed and deployed enterprise-grade systems utilizing AWS and Azure, improving throughput by 30%.
- Collaborated with engineering stakeholders to optimize data pipelines and system reliability using Kubernetes.
- Reduced system downtime and latency by 17% through proactive monitoring and automated CI/CD workflows.

EDUCATION
B.S. in Electrical and Computer Engineering, IIT Bombay (Graduated 2017)
","AWS, Azure, Kubernetes, Jira, Docker, Linux, Code Review, CI/CD"
RES-0504,Carlos Brown,carlos.brown36@synthetic-talent.org,+1 (555) 925-6852,Full Stack Engineer,0,Junior,Bachelor,B.Tech in Computer Science and Engineering,BITS Pilani,"FastAPI, Node.js, AWS, TypeScript, GraphQL, Docker, Code Review, Redis, CI/CD, Unit Testing","Carlos Brown
carlos.brown36@synthetic-talent.org | +1 (555) 925-6852 | Location: New York, NY

PROFESSIONAL SUMMARY
Results-driven Full Stack Engineer with 0 years of industry experience specializing in FastAPI, Node.js, AWS, TypeScript. Proven background building scalable solutions, collaborating across agile teams, and driving measurable engineering impact.

TECHNICAL SKILLS
FastAPI, Node.js, AWS, TypeScript, GraphQL, Docker, Code Review, Redis, CI/CD, Unit Testing

PROFESSIONAL EXPERIENCE
Software Engineering Intern | Airbnb (Summer 2024)
- Developed automated test suites and backend features with FastAPI.
- Collaborated in daily standups and contributed to production pull requests.

EDUCATION
B.Tech in Computer Science and Engineering, BITS Pilani (Graduated 2025)
","FastAPI, Node.js, AWS, TypeScript, GraphQL, Docker, Code Review, Redis, CI/CD, Unit Testing"
RES-0505,Aisha Wilson,aisha.wilson99@synthetic-talent.org,+1 (555) 297-3724,Data Scientist,4,Mid-Level,Doctorate,Ph.D. in Computer Science,University of Washington,"AWS, Machine Learning, Deep Learning, BigQuery, REST APIs, Jira, Docker, NLP, SQL, Python, Scikit-Learn, Pandas","Aisha Wilson
aisha.wilson99@synthetic-talent.org | +1 (555) 297-3724 | Location: New York, NY

PROFESSIONAL SUMMARY
Results-driven Data Scientist with 4 years of industry experience specializing in AWS, Machine Learning, Deep Learning, BigQuery. Proven background building scalable solutions, collaborating across agile teams, and driving measurable engineering impact.

TECHNICAL SKILLS
AWS, Machine Learning, Deep Learning, BigQuery, REST APIs, Jira, Docker, NLP, SQL, Python, Scikit-Learn, Pandas

PROFESSIONAL EXPERIENCE
Senior Data Scientist | Zscaler (2021 - Present)
- Designed and deployed enterprise-grade systems utilizing AWS and Machine Learning, improving throughput by 42%.
- Collaborated with engineering stakeholders to optimize data pipelines and system reliability using Deep Learning.
- Reduced system downtime and latency by 22% through proactive monitoring and automated CI/CD workflows.

EDUCATION
Ph.D. in Computer Science, University of Washington (Graduated 2021)
","AWS, Machine Learning, Deep Learning, GCP, REST APIs, Jira, Docker, NLP, SQL, Python, Scikit-Learn, Pandas"
RES-0506,Chen Gupta,chen.gupta56@synthetic-talent.org,+1 (555) 312-7886,Frontend Engineer,2,Junior,Master,M.S. in Computer Science,University of Washington,"Node.js, TypeScript, GraphQL, JavaScript, Docker, HTML/CSS, Next.js, Git, React, CI/CD, Unit Testing","Chen Gupta
chen.gupta56@synthetic-talent.org | +1 (555) 312-7886 | Location: New York, NY

PROFESSIONAL SUMMARY
Results-driven Frontend Engineer with 2 years of industry experience specializing in Node.js, TypeScript, GraphQL, JavaScript. Proven background building scalable solutions, collaborating across agile teams, and driving measurable engineering impact.

TECHNICAL SKILLS
Node.js, TypeScript, GraphQL, JavaScript, Docker, HTML/CSS, Next.js, Git, React, CI/CD, Unit Testing

PROFESSIONAL EXPERIENCE
Frontend Engineer | Google (2023 - Present)
- Designed and deployed enterprise-grade systems utilizing Node.js and TypeScript, improving throughput by 18%.
- Collaborated with engineering stakeholders to optimize data pipelines and system reliability using GraphQL.
- Reduced system downtime and latency by 16% through proactive monitoring and automated CI/CD workflows.

EDUCATION
M.S. in Computer Science, University of Washington (Graduated 2023)
","Node.js, TypeScript, GraphQL, JavaScript, Docker, HTML/CSS, Next.js, Git, React, CI/CD, Unit Testing"
RES-0507,Marcus Anderson,marcus.anderson14@synthetic-talent.org,+1 (555) 931-6081,Frontend Engineer,11,Lead/Staff,Bachelor,B.S. in Electrical and Computer Engineering,Sharda University,"Node.js, GraphQL, REST APIs, JavaScript, HTML/CSS, Next.js, React, Agile","Marcus Anderson
marcus.anderson14@synthetic-talent.org | +1 (555) 931-6081 | Location: New York, NY

PROFESSIONAL SUMMARY
Results-driven Frontend Engineer with 11 years of industry experience specializing in Node.js, GraphQL, REST APIs, JavaScript. Proven background building scalable solutions, collaborating across agile teams, and driving measurable engineering impact.

TECHNICAL SKILLS
Node.js, GraphQL, REST APIs, JavaScript, HTML/CSS, Next.js, React, Agile

PROFESSIONAL EXPERIENCE
Senior Frontend Engineer | CrowdStrike (2021 - Present)
- Designed and deployed enterprise-grade systems utilizing Node.js and GraphQL, improving throughput by 40%.
- Collaborated with engineering stakeholders to optimize data pipelines and system reliability using REST APIs.
- Reduced system downtime and latency by 11% through proactive monitoring and automated CI/CD workflows.

Senior Frontend Engineer | Intel (2017 - 2021)
- Designed and deployed enterprise-grade systems utilizing Node.js and GraphQL, improving throughput by 18%.
- Collaborated with engineering stakeholders to optimize data pipelines and system reliability using REST APIs.
- Reduced system downtime and latency by 26% through proactive monitoring and automated CI/CD workflows.

Senior Frontend Engineer | Coinbase (2014 - 2017)
- Designed and deployed enterprise-grade systems utilizing Node.js and GraphQL, improving throughput by 41%.
- Collaborated with engineering stakeholders to optimize data pipelines and system reliability using REST APIs.
- Reduced system downtime and latency by 13% through proactive monitoring and automated CI/CD workflows.

EDUCATION
B.S. in Electrical and Computer Engineering, Sharda University (Graduated 2014)
","Node.js, GraphQL, REST APIs, JavaScript, HTML/CSS, Next.js, React, Agile"
RES-0508,Priya Kim,priya.kim36@synthetic-talent.org,+1 (555) 242-7514,Cybersecurity Engineer,3,Mid-Level,Bachelor,B.Tech in Computer Science and Engineering,Stanford University,"AWS, Terraform, Go, Kubernetes, Git, PostgreSQL, Linux, Code Review, Python, CI/CD","Priya Kim
priya.kim36@synthetic-talent.org | +1 (555) 242-7514 | Location: New York, NY

PROFESSIONAL SUMMARY
Results-driven Cybersecurity Engineer with 3 years of industry experience specializing in AWS, Terraform, Go, Kubernetes. Proven background building scalable solutions, collaborating across agile teams, and driving measurable engineering impact.

TECHNICAL SKILLS
AWS, Terraform, Go, Kubernetes, Git, PostgreSQL, Linux, Code Review, Python, CI/CD

PROFESSIONAL EXPERIENCE
Cybersecurity Engineer | Google (2022 - Present)
- Designed and deployed enterprise-grade systems utilizing AWS and Terraform, improving throughput by 28%.
- Collaborated with engineering stakeholders to optimize data pipelines and system reliability using Go.
- Reduced system downtime and latency by 16% through proactive monitoring and automated CI/CD workflows.

EDUCATION
B.Tech in Computer Science and Engineering, Stanford University (Graduated 2022)
","AWS, Terraform, Go, Kubernetes, Git, PostgreSQL, Linux, Code Review, Python, CI/CD"
RES-0509,Rahul Johnson,rahul.johnson43@synthetic-talent.org,+1 (555) 231-1071,Full Stack Engineer,15,Lead/Staff,Bachelor,B.Tech in Computer Science and Engineering,IIT Bombay,"AWS, Docker, PostgreSQL, React, Linux, Agile, Python","Rahul Johnson
rahul.johnson43@synthetic-talent.org | +1 (555) 231-1071 | Location: New York, NY

PROFESSIONAL SUMMARY
Results-driven Full Stack Engineer with 15 years of industry experience specializing in AWS, Docker, PostgreSQL, React. Proven background building scalable solutions, collaborating across agile teams, and driving measurable engineering impact.

TECHNICAL SKILLS
AWS, Docker, PostgreSQL, React, Linux, Agile, Python

PROFESSIONAL EXPERIENCE
Senior Full Stack Engineer | Zscaler (2021 - Present)
- Designed and deployed enterprise-grade systems utilizing AWS and Docker, improving throughput by 31%.
- Collaborated with engineering stakeholders to optimize data pipelines and system reliability using PostgreSQL.
- Reduced system downtime and latency by 12% through proactive monitoring and automated CI/CD workflows.

Senior Full Stack Engineer | HubSpot (2017 - 2021)
- Designed and deployed enterprise-grade systems utilizing AWS and Docker, improving throughput by 41%.
- Collaborated with engineering stakeholders to optimize data pipelines and system reliability using PostgreSQL.
- Reduced system downtime and latency by 24% through proactive monitoring and automated CI/CD workflows.

Senior Full Stack Engineer | Robinhood (2015 - 2017)
- Designed and deployed enterprise-grade systems utilizing AWS and Docker, improving throughput by 44%.
- Collaborated with engineering stakeholders to optimize data pipelines and system reliability using PostgreSQL.
- Reduced system downtime and latency by 16% through proactive monitoring and automated CI/CD workflows.

Senior Full Stack Engineer | Snowflake (2013 - 2015)
- Designed and deployed enterprise-grade systems utilizing AWS and Docker, improving throughput by 43%.
- Collaborated with engineering stakeholders to optimize data pipelines and system reliability using PostgreSQL.
- Reduced system downtime and latency by 26% through proactive monitoring and automated CI/CD workflows.

Senior Full Stack Engineer | MongoDB Inc. (2010 - 2013)
- Designed and deployed enterprise-grade systems utilizing AWS and Docker, improving throughput by 44%.
- Collaborated with engineering stakeholders to optimize data pipelines and system reliability using PostgreSQL.
- Reduced system downtime and latency by 17% through proactive monitoring and automated CI/CD workflows.

EDUCATION
B.Tech in Computer Science and Engineering, IIT Bombay (Graduated 2010)
","AWS, Docker, PostgreSQL, React, Linux, Agile, Python"
RES-0510,Alex Smith,alex.smith79@synthetic-talent.org,+1 (555) 733-7677,Full Stack Engineer,3,Mid-Level,Bachelor,B.S. in Electrical and Computer Engineering,UC Berkeley,"AWS, FastAPI, TypeScript, GraphQL, REST APIs, Docker, React, Code Review, Redis, CI/CD","Alex Smith
alex.smith79@synthetic-talent.org | +1 (555) 733-7677 | Location: New York, NY

PROFESSIONAL SUMMARY
Results-driven Full Stack Engineer with 3 years of industry experience specializing in AWS, FastAPI, TypeScript, GraphQL. Proven background building scalable solutions, collaborating across agile teams, and driving measurable engineering impact.

TECHNICAL SKILLS
AWS, FastAPI, TypeScript, GraphQL, REST APIs, Docker, React, Code Review, Redis, CI/CD

PROFESSIONAL EXPERIENCE
Full Stack Engineer | Stripe (2023 - Present)
- Designed and deployed enterprise-grade systems utilizing AWS and FastAPI, improving throughput by 17%.
- Collaborated with engineering stakeholders to optimize data pipelines and system reliability using TypeScript.
- Reduced system downtime and latency by 10% through proactive monitoring and automated CI/CD workflows.

Full Stack Engineer | Amazon (2022 - 2023)
- Designed and deployed enterprise-grade systems utilizing AWS and FastAPI, improving throughput by 22%.
- Collaborated with engineering stakeholders to optimize data pipelines and system reliability using TypeScript.
- Reduced system downtime and latency by 19% through proactive monitoring and automated CI/CD workflows.

EDUCATION
B.S. in Electrical and Computer Engineering, UC Berkeley (Graduated 2022)
","AWS, FastAPI, TypeScript, GraphQL, REST APIs, Docker, React, Code Review, Redis, CI/CD"
RES-0511,Emily Brown,emily.brown39@synthetic-talent.org,+1 (555) 706-8030,Full Stack Engineer,3,Mid-Level,Master,M.S. in Machine Learning and Data Science,Sharda University,"FastAPI, AWS, REST APIs, Docker, PostgreSQL, Agile, Python, CI/CD","Emily Brown
emily.brown39@synthetic-talent.org | +1 (555) 706-8030 | Location: New York, NY

PROFESSIONAL SUMMARY
Results-driven Full Stack Engineer with 3 years of industry experience specializing in FastAPI, AWS, REST APIs, Docker. Proven background building scalable solutions, collaborating across agile teams, and driving measurable engineering impact.

TECHNICAL SKILLS
FastAPI, AWS, REST APIs, Docker, PostgreSQL, Agile, Python, CI/CD

PROFESSIONAL EXPERIENCE
Full Stack Engineer | Snowflake (2023 - Present)
- Designed and deployed enterprise-grade systems utilizing FastAPI and AWS, improving throughput by 33%.
- Collaborated with engineering stakeholders to optimize data pipelines and system reliability using REST APIs.
- Reduced system downtime and latency by 25% through proactive monitoring and automated CI/CD workflows.

Full Stack Engineer | Atlassian (2022 - 2023)
- Designed and deployed enterprise-grade systems utilizing FastAPI and AWS, improving throughput by 33%.
- Collaborated with engineering stakeholders to optimize data pipelines and system reliability using REST APIs.
- Reduced system downtime and latency by 29% through proactive monitoring and automated CI/CD workflows.

EDUCATION
M.S. in Machine Learning and Data Science, Sharda University (Graduated 2022)
","FastAPI, AWS, REST APIs, Docker, PostgreSQL, Agile, Python, CI/CD"
RES-0512,Vikram Sharma,vikram.sharma42@synthetic-talent.org,+1 (555) 230-1999,Machine Learning Engineer,8,Senior,Doctorate,Ph.D. in Computer Science,Georgia Tech,"PyTorch, FastAPI, Machine Learning, GCP, Large Language Models, REST APIs, Docker, Git, Python, CI/CD","Vikram Sharma
vikram.sharma42@synthetic-talent.org | +1 (555) 230-1999 | Location: New York, NY

PROFESSIONAL SUMMARY
Results-driven Machine Learning Engineer with 8 years of industry experience specializing in PyTorch, FastAPI, Machine Learning, GCP. Proven background building scalable solutions, collaborating across agile teams, and driving measurable engineering impact.

TECHNICAL SKILLS
PyTorch, FastAPI, Machine Learning, GCP, Large Language Models, REST APIs, Docker, Git, Python, CI/CD

PROFESSIONAL EXPERIENCE
Senior Machine Learning Engineer | Square / Block (2021 - Present)
- Designed and deployed enterprise-grade systems utilizing PyTorch and FastAPI, improving throughput by 31%.
- Collaborated with engineering stakeholders to optimize data pipelines and system reliability using Machine Learning.
- Reduced system downtime and latency by 28% through proactive monitoring and automated CI/CD workflows.

Senior Machine Learning Engineer | Atlassian (2017 - 2021)
- Designed and deployed enterprise-grade systems utilizing PyTorch and FastAPI, improving throughput by 21%.
- Collaborated with engineering stakeholders to optimize data pipelines and system reliability using Machine Learning.
- Reduced system downtime and latency by 28% through proactive monitoring and automated CI/CD workflows.

EDUCATION
Ph.D. in Computer Science, Georgia Tech (Graduated 2017)
","PyTorch, FastAPI, Machine Learning, GCP, Large Language Models, REST APIs, Docker, Git, Python, CI/CD"
RES-0513,Carlos Williams,carlos.williams12@synthetic-talent.org,+1 (555) 285-6403,Cloud & DevOps Engineer,8,Senior,Bachelor,B.Tech in Computer Science and Engineering,MIT,"Azure, GCP, Terraform, Go, REST APIs, Docker, Agile, Python, CI/CD","Carlos Williams
carlos.williams12@synthetic-talent.org | +1 (555) 285-6403 | Location: New York, NY

PROFESSIONAL SUMMARY
Results-driven Cloud & DevOps Engineer with 8 years of industry experience specializing in Azure, GCP, Terraform, Go. Proven background building scalable solutions, collaborating across agile teams, and driving measurable engineering impact.

TECHNICAL SKILLS
Azure, GCP, Terraform, Go, REST APIs, Docker, Agile, Python, CI/CD

PROFESSIONAL EXPERIENCE
Senior Cloud & DevOps Engineer | Oracle (2023 - Present)
- Designed and deployed enterprise-grade systems utilizing Azure and GCP, improving throughput by 39%.
- Collaborated with engineering stakeholders to optimize data pipelines and system reliability using Terraform.
- Reduced system downtime and latency by 11% through proactive monitoring and automated CI/CD workflows.

Senior Cloud & DevOps Engineer | Palantir (2020 - 2023)
- Designed and deployed enterprise-grade systems utilizing Azure and GCP, improving throughput by 38%.
- Collaborated with engineering stakeholders to optimize data pipelines and system reliability using Terraform.
- Reduced system downtime and latency by 29% through proactive monitoring and automated CI/CD workflows.

Senior Cloud & DevOps Engineer | Zscaler (2017 - 2020)
- Designed and deployed enterprise-grade systems utilizing Azure and GCP, improving throughput by 27%.
- Collaborated with engineering stakeholders to optimize data pipelines and system reliability using Terraform.
- Reduced system downtime and latency by 27% through proactive monitoring and automated CI/CD workflows.

EDUCATION
B.Tech in Computer Science and Engineering, MIT (Graduated 2017)
","Azure, GCP, Terraform, Go, REST APIs, Docker, Agile, Python, CI/CD"
RES-0514,Daniel Smith,daniel.smith39@synthetic-talent.org,+1 (555) 996-8531,Machine Learning Engineer,2,Mid-Level,Master,M.S. in Machine Learning and Data Science,IIT Bombay,"PyTorch, FastAPI, Machine Learning, AWS, Large Language Models, Docker, Transformers, Git, Linux, Kafka, Python, CI/CD","Daniel Smith
daniel.smith39@synthetic-talent.org | +1 (555) 996-8531 | Location: New York, NY

PROFESSIONAL SUMMARY
Results-driven Machine Learning Engineer with 2 years of industry experience specializing in PyTorch, FastAPI, Machine Learning, AWS. Proven background building scalable solutions, collaborating across agile teams, and driving measurable engineering impact.

TECHNICAL SKILLS
PyTorch, FastAPI, Machine Learning, AWS, Large Language Models, Docker, Transformers, Git, Linux, Kafka, Python, CI/CD

PROFESSIONAL EXPERIENCE
Machine Learning Engineer | Airbnb (2023 - Present)
- Designed and deployed enterprise-grade systems utilizing PyTorch and FastAPI, improving throughput by 28%.
- Collaborated with engineering stakeholders to optimize data pipelines and system reliability using Machine Learning.
- Reduced system downtime and latency by 25% through proactive monitoring and automated CI/CD workflows.

EDUCATION
M.S. in Machine Learning and Data Science, IIT Bombay (Graduated 2023)
","PyTorch, FastAPI, Machine Learning, AWS, Large Language Models, Docker, Transformers, Git, Linux, Kafka, Python, CI/CD"
RES-0515,Carlos Garcia,carlos.garcia94@synthetic-talent.org,+1 (555) 551-4000,Data Engineer,4,Mid-Level,Master,M.S. in Machine Learning and Data Science,University of Michigan,"AWS, Terraform, REST APIs, Docker, Spark, SQL, Snowflake, Agile, Python, Airflow","Carlos Garcia
carlos.garcia94@synthetic-talent.org | +1 (555) 551-4000 | Location: New York, NY

PROFESSIONAL SUMMARY
Results-driven Data Engineer with 4 years of industry experience specializing in AWS, Terraform, REST APIs, Docker. Proven background building scalable solutions, collaborating across agile teams, and driving measurable engineering impact.

TECHNICAL SKILLS
AWS, Terraform, REST APIs, Docker, Spark, SQL, Snowflake, Agile, Python, Airflow

PROFESSIONAL EXPERIENCE
Senior Data Engineer | Palo Alto Networks (2021 - Present)
- Designed and deployed enterprise-grade systems utilizing AWS and Terraform, improving throughput by 42%.
- Collaborated with engineering stakeholders to optimize data pipelines and system reliability using REST APIs.
- Reduced system downtime and latency by 26% through proactive monitoring and automated CI/CD workflows.

EDUCATION
M.S. in Machine Learning and Data Science, University of Michigan (Graduated 2021)
","AWS, Terraform, REST APIs, Docker, Spark, SQL, Snowflake, Agile, Python, Airflow"
RES-0516,Marcus Tanaka,marcus.tanaka13@synthetic-talent.org,+1 (555) 156-2614,Full Stack Engineer,5,Mid-Level,Bachelor,B.Tech in Computer Science and Engineering,University of Washington,"AWS, Node.js, FastAPI, TypeScript, Docker, PostgreSQL, React, Code Review, Agile, Redis, Python","Marcus Tanaka
marcus.tanaka13@synthetic-talent.org | +1 (555) 156-2614 | Location: New York, NY

PROFESSIONAL SUMMARY
Results-driven Full Stack Engineer with 5 years of industry experience specializing in AWS, Node.js, FastAPI, TypeScript. Proven background building scalable solutions, collaborating across agile teams, and driving measurable engineering impact.

TECHNICAL SKILLS
AWS, Node.js, FastAPI, TypeScript, Docker, PostgreSQL, React, Code Review, Agile, Redis, Python

PROFESSIONAL EXPERIENCE
Full Stack Engineer | Pinterest (2022 - Present)
- Designed and deployed enterprise-grade systems utilizing AWS and Node.js, improving throughput by 37%.
- Collaborated with engineering stakeholders to optimize data pipelines and system reliability using FastAPI.
- Reduced system downtime and latency by 25% through proactive monitoring and automated CI/CD workflows.

Full Stack Engineer | Square / Block (2020 - 2022)
- Designed and deployed enterprise-grade systems utilizing AWS and Node.js, improving throughput by 25%.
- Collaborated with engineering stakeholders to optimize data pipelines and system reliability using FastAPI.
- Reduced system downtime and latency by 20% through proactive monitoring and automated CI/CD workflows.

EDUCATION
B.Tech in Computer Science and Engineering, University of Washington (Graduated 2020)
","AWS, Node.js, FastAPI, TypeScript, Docker, PostgreSQL, React, Code Review, Agile, Redis, Python"
RES-0517,Jordan Davis,jordan.davis56@synthetic-talent.org,+1 (555) 466-9922,Machine Learning Engineer,2,Mid-Level,Bachelor,B.Tech in Computer Science and Engineering,University of Washington,"PyTorch, AWS, Machine Learning, GCP, Kubernetes, Transformers, Git, Linux, Python, CI/CD","Jordan Davis
jordan.davis56@synthetic-talent.org | +1 (555) 466-9922 | Location: New York, NY

PROFESSIONAL SUMMARY
Results-driven Machine Learning Engineer with 2 years of industry experience specializing in PyTorch, AWS, Machine Learning, GCP. Proven background building scalable solutions, collaborating across agile teams, and driving measurable engineering impact.

TECHNICAL SKILLS
PyTorch, AWS, Machine Learning, GCP, Kubernetes, Transformers, Git, Linux, Python, CI/CD

PROFESSIONAL EXPERIENCE
Machine Learning Engineer | Amazon (2023 - Present)
- Designed and deployed enterprise-grade systems utilizing PyTorch and AWS, improving throughput by 22%.
- Collaborated with engineering stakeholders to optimize data pipelines and system reliability using Machine Learning.
- Reduced system downtime and latency by 26% through proactive monitoring and automated CI/CD workflows.

EDUCATION
B.Tech in Computer Science and Engineering, University of Washington (Graduated 2023)
","PyTorch, AWS, Machine Learning, GCP, Kubernetes, Transformers, Git, Linux, Python, CI/CD"
RES-0518,Michael Wilson,michael.wilson36@synthetic-talent.org,+1 (555) 860-8839,Machine Learning Engineer,8,Senior,Doctorate,Ph.D. in Computer Science,UT Austin,"AWS, Machine Learning, Kubernetes, REST APIs, Docker, Code Review, Kafka","Michael Wilson
michael.wilson36@synthetic-talent.org | +1 (555) 860-8839 | Location: New York, NY

PROFESSIONAL SUMMARY
Results-driven Machine Learning Engineer with 8 years of industry experience specializing in AWS, Machine Learning, Kubernetes, REST APIs. Proven background building scalable solutions, collaborating across agile teams, and driving measurable engineering impact.

TECHNICAL SKILLS
AWS, Machine Learning, Kubernetes, REST APIs, Docker, Code Review, Kafka

PROFESSIONAL EXPERIENCE
Senior Machine Learning Engineer | Pinterest (2022 - Present)
- Designed and deployed enterprise-grade systems utilizing AWS and Machine Learning, improving throughput by 42%.
- Collaborated with engineering stakeholders to optimize data pipelines and system reliability using Kubernetes.
- Reduced system downtime and latency by 20% through proactive monitoring and automated CI/CD workflows.

Senior Machine Learning Engineer | Airbnb (2020 - 2022)
- Designed and deployed enterprise-grade systems utilizing AWS and Machine Learning, improving throughput by 19%.
- Collaborated with engineering stakeholders to optimize data pipelines and system reliability using Kubernetes.
- Reduced system downtime and latency by 27% through proactive monitoring and automated CI/CD workflows.

Senior Machine Learning Engineer | Workday (2017 - 2020)
- Designed and deployed enterprise-grade systems utilizing AWS and Machine Learning, improving throughput by 35%.
- Collaborated with engineering stakeholders to optimize data pipelines and system reliability using Kubernetes.
- Reduced system downtime and latency by 29% through proactive monitoring and automated CI/CD workflows.

EDUCATION
Ph.D. in Computer Science, UT Austin (Graduated 2017)
","AWS, Machine Learning, Kubernetes, REST APIs, Docker, Code Review, Kafka"
RES-0519,Priya Gupta,priya.gupta92@synthetic-talent.org,+1 (555) 368-8660,Frontend Engineer,4,Mid-Level,Master,M.S. in Machine Learning and Data Science,Stanford University,"GraphQL, REST APIs, JavaScript, Docker, HTML/CSS, React, Linux","Priya Gupta
priya.gupta92@synthetic-talent.org | +1 (555) 368-8660 | Location: New York, NY

PROFESSIONAL SUMMARY
Results-driven Frontend Engineer with 4 years of industry experience specializing in GraphQL, REST APIs, JavaScript, Docker. Proven background building scalable solutions, collaborating across agile teams, and driving measurable engineering impact.

TECHNICAL SKILLS
GraphQL, REST APIs, JavaScript, Docker, HTML/CSS, React, Linux

PROFESSIONAL EXPERIENCE
Frontend Engineer | Uber (2022 - Present)
- Designed and deployed enterprise-grade systems utilizing GraphQL and REST APIs, improving throughput by 26%.
- Collaborated with engineering stakeholders to optimize data pipelines and system reliability using JavaScript.
- Reduced system downtime and latency by 25% through proactive monitoring and automated CI/CD workflows.

Frontend Engineer | Square / Block (2021 - 2022)
- Designed and deployed enterprise-grade systems utilizing GraphQL and REST APIs, improving throughput by 15%.
- Collaborated with engineering stakeholders to optimize data pipelines and system reliability using JavaScript.
- Reduced system downtime and latency by 16% through proactive monitoring and automated CI/CD workflows.

EDUCATION
M.S. in Machine Learning and Data Science, Stanford University (Graduated 2021)
","GraphQL, REST APIs, JavaScript, Docker, HTML/CSS, React, Linux"
RES-0520,David Rodriguez,david.rodriguez43@synthetic-talent.org,+1 (555) 668-1799,Backend Engineer,4,Mid-Level,Master,M.S. in Computer Science,BITS Pilani,"AWS, Node.js, FastAPI, Kubernetes, REST APIs, Docker, Git, Redis, Kafka, Python, CI/CD","David Rodriguez
david.rodriguez43@synthetic-talent.org | +1 (555) 668-1799 | Location: New York, NY

PROFESSIONAL SUMMARY
Results-driven Backend Engineer with 4 years of industry experience specializing in AWS, Node.js, FastAPI, Kubernetes. Proven background building scalable solutions, collaborating across agile teams, and driving measurable engineering impact.

TECHNICAL SKILLS
AWS, Node.js, FastAPI, Kubernetes, REST APIs, Docker, Git, Redis, Kafka, Python, CI/CD

PROFESSIONAL EXPERIENCE
Backend Engineer | Splunk (2022 - Present)
- Designed and deployed enterprise-grade systems utilizing AWS and Node.js, improving throughput by 23%.
- Collaborated with engineering stakeholders to optimize data pipelines and system reliability using FastAPI.
- Reduced system downtime and latency by 30% through proactive monitoring and automated CI/CD workflows.

Backend Engineer | Shopify (2021 - 2022)
- Designed and deployed enterprise-grade systems utilizing AWS and Node.js, improving throughput by 34%.
- Collaborated with engineering stakeholders to optimize data pipelines and system reliability using FastAPI.
- Reduced system downtime and latency by 19% through proactive monitoring and automated CI/CD workflows.

EDUCATION
M.S. in Computer Science, BITS Pilani (Graduated 2021)
","AWS, Node.js, FastAPI, Kubernetes, REST APIs, Docker, Git, Redis, Kafka, Python, CI/CD"
RES-0521,Marcus Sharma,marcus.sharma56@synthetic-talent.org,+1 (555) 106-9941,Full Stack Engineer,5,Mid-Level,Bachelor,B.Tech in Computer Science and Engineering,Carnegie Mellon University,"AWS, Node.js, GraphQL, React, Linux, Python, Unit Testing","Marcus Sharma
marcus.sharma56@synthetic-talent.org | +1 (555) 106-9941 | Location: New York, NY

PROFESSIONAL SUMMARY
Results-driven Full Stack Engineer with 5 years of industry experience specializing in AWS, Node.js, GraphQL, React. Proven background building scalable solutions, collaborating across agile teams, and driving measurable engineering impact.

TECHNICAL SKILLS
AWS, Node.js, GraphQL, React, Linux, Python, Unit Testing

PROFESSIONAL EXPERIENCE
Full Stack Engineer | CrowdStrike (2023 - Present)
- Designed and deployed enterprise-grade systems utilizing AWS and Node.js, improving throughput by 29%.
- Collaborated with engineering stakeholders to optimize data pipelines and system reliability using GraphQL.
- Reduced system downtime and latency by 21% through proactive monitoring and automated CI/CD workflows.

Full Stack Engineer | Netflix (2020 - 2023)
- Designed and deployed enterprise-grade systems utilizing AWS and Node.js, improving throughput by 29%.
- Collaborated with engineering stakeholders to optimize data pipelines and system reliability using GraphQL.
- Reduced system downtime and latency by 24% through proactive monitoring and automated CI/CD workflows.

EDUCATION
B.Tech in Computer Science and Engineering, Carnegie Mellon University (Graduated 2020)
","AWS, Node.js, GraphQL, React, Linux, Python, Unit Testing"
RES-0522,Rahul Patel,rahul.patel16@synthetic-talent.org,+1 (555) 677-3780,Data Scientist,5,Mid-Level,Doctorate,Ph.D. in Computer Science,Sharda University,"AWS, PyTorch, Deep Learning, BigQuery, Jira, Docker, NLP, Linux, SQL, Python, Scikit-Learn, Pandas","Rahul Patel
rahul.patel16@synthetic-talent.org | +1 (555) 677-3780 | Location: New York, NY

PROFESSIONAL SUMMARY
Results-driven Data Scientist with 5 years of industry experience specializing in AWS, PyTorch, Deep Learning, BigQuery. Proven background building scalable solutions, collaborating across agile teams, and driving measurable engineering impact.

TECHNICAL SKILLS
AWS, PyTorch, Deep Learning, BigQuery, Jira, Docker, NLP, Linux, SQL, Python, Scikit-Learn, Pandas

PROFESSIONAL EXPERIENCE
Senior Data Scientist | MongoDB Inc. (2021 - Present)
- Designed and deployed enterprise-grade systems utilizing AWS and PyTorch, improving throughput by 43%.
- Collaborated with engineering stakeholders to optimize data pipelines and system reliability using Deep Learning.
- Reduced system downtime and latency by 12% through proactive monitoring and automated CI/CD workflows.

Data Scientist | HubSpot (2020 - 2021)
- Designed and deployed enterprise-grade systems utilizing AWS and PyTorch, improving throughput by 21%.
- Collaborated with engineering stakeholders to optimize data pipelines and system reliability using Deep Learning.
- Reduced system downtime and latency by 21% through proactive monitoring and automated CI/CD workflows.

EDUCATION
Ph.D. in Computer Science, Sharda University (Graduated 2020)
","AWS, PyTorch, Deep Learning, GCP, Jira, Docker, NLP, Linux, SQL, Python, Scikit-Learn, Pandas"
RES-0523,Mateo Gupta,mateo.gupta11@synthetic-talent.org,+1 (555) 699-2078,Cybersecurity Engineer,4,Mid-Level,Master,M.S. in Machine Learning and Data Science,Carnegie Mellon University,"Terraform, Kubernetes, Docker, Git, PostgreSQL, Linux, Python, Unit Testing","Mateo Gupta
mateo.gupta11@synthetic-talent.org | +1 (555) 699-2078 | Location: New York, NY

PROFESSIONAL SUMMARY
Results-driven Cybersecurity Engineer with 4 years of industry experience specializing in Terraform, Kubernetes, Docker, Git. Proven background building scalable solutions, collaborating across agile teams, and driving measurable engineering impact.

TECHNICAL SKILLS
Terraform, Kubernetes, Docker, Git, PostgreSQL, Linux, Python, Unit Testing

PROFESSIONAL EXPERIENCE
Senior Cybersecurity Engineer | Square / Block (2021 - Present)
- Designed and deployed enterprise-grade systems utilizing Terraform and Kubernetes, improving throughput by 30%.
- Collaborated with engineering stakeholders to optimize data pipelines and system reliability using Docker.
- Reduced system downtime and latency by 25% through proactive monitoring and automated CI/CD workflows.

EDUCATION
M.S. in Machine Learning and Data Science, Carnegie Mellon University (Graduated 2021)
","Terraform, Kubernetes, Docker, Git, PostgreSQL, Linux, Python, Unit Testing"
RES-0524,Emily Brown,emily.brown35@synthetic-talent.org,+1 (555) 978-4616,Cloud & DevOps Engineer,0,Junior,Bachelor,B.S. in Computer Science,Delhi Technological University,"AWS, Terraform, GCP, Kubernetes, REST APIs, Docker, Linux, Agile, Python, CI/CD","Emily Brown
emily.brown35@synthetic-talent.org | +1 (555) 978-4616 | Location: New York, NY

PROFESSIONAL SUMMARY
Results-driven Cloud & DevOps Engineer with 0 years of industry experience specializing in AWS, Terraform, GCP, Kubernetes. Proven background building scalable solutions, collaborating across agile teams, and driving measurable engineering impact.

TECHNICAL SKILLS
AWS, Terraform, GCP, Kubernetes, REST APIs, Docker, Linux, Agile, Python, CI/CD

PROFESSIONAL EXPERIENCE
Software Engineering Intern | Atlassian (Summer 2024)
- Developed automated test suites and backend features with AWS.
- Collaborated in daily standups and contributed to production pull requests.

EDUCATION
B.S. in Computer Science, Delhi Technological University (Graduated 2025)
","AWS, Terraform, GCP, Kubernetes, REST APIs, Docker, Linux, Agile, Python, CI/CD"
RES-0525,Chloe Rostova,chloe.rostova47@synthetic-talent.org,+1 (555) 637-5259,Cloud & DevOps Engineer,3,Junior,Doctorate,Ph.D. in Computer Science,Sharda University,"AWS, Azure, Terraform, GCP, Go, Kubernetes, Jira, Docker, Prometheus, Linux, Agile, Python, CI/CD","Chloe Rostova
chloe.rostova47@synthetic-talent.org | +1 (555) 637-5259 | Location: New York, NY

PROFESSIONAL SUMMARY
Results-driven Cloud & DevOps Engineer with 3 years of industry experience specializing in AWS, Azure, Terraform, GCP. Proven background building scalable solutions, collaborating across agile teams, and driving measurable engineering impact.

TECHNICAL SKILLS
AWS, Azure, Terraform, GCP, Go, Kubernetes, Jira, Docker, Prometheus, Linux, Agile, Python, CI/CD

PROFESSIONAL EXPERIENCE
Cloud & DevOps Engineer | Stripe (2022 - Present)
- Designed and deployed enterprise-grade systems utilizing AWS and Azure, improving throughput by 26%.
- Collaborated with engineering stakeholders to optimize data pipelines and system reliability using Terraform.
- Reduced system downtime and latency by 21% through proactive monitoring and automated CI/CD workflows.

EDUCATION
Ph.D. in Computer Science, Sharda University (Graduated 2022)
","AWS, Azure, Terraform, GCP, Go, Kubernetes, Jira, Docker, Prometheus, Linux, Agile, Python, CI/CD"
RES-0526,Marcus Tanaka,marcus.tanaka90@synthetic-talent.org,+1 (555) 978-9682,Machine Learning Engineer,6,Senior,Doctorate,Ph.D. in Computer Science,UT Austin,"PyTorch, FastAPI, Machine Learning, AWS, Large Language Models, GCP, Kubernetes, Transformers, Linux, Agile, Kafka, Python","Marcus Tanaka
marcus.tanaka90@synthetic-talent.org | +1 (555) 978-9682 | Location: New York, NY

PROFESSIONAL SUMMARY
Results-driven Machine Learning Engineer with 6 years of industry experience specializing in PyTorch, FastAPI, Machine Learning, AWS. Proven background building scalable solutions, collaborating across agile teams, and driving measurable engineering impact.

TECHNICAL SKILLS
PyTorch, FastAPI, Machine Learning, AWS, Large Language Models, GCP, Kubernetes, Transformers, Linux, Agile, Kafka, Python

PROFESSIONAL EXPERIENCE
Senior Machine Learning Engineer | Amazon (2022 - Present)
- Designed and deployed enterprise-grade systems utilizing PyTorch and FastAPI, improving throughput by 26%.
- Collaborated with engineering stakeholders to optimize data pipelines and system reliability using Machine Learning.
- Reduced system downtime and latency by 14% through proactive monitoring and automated CI/CD workflows.

Senior Machine Learning Engineer | ServiceNow (2019 - 2022)
- Designed and deployed enterprise-grade systems utilizing PyTorch and FastAPI, improving throughput by 36%.
- Collaborated with engineering stakeholders to optimize data pipelines and system reliability using Machine Learning.
- Reduced system downtime and latency by 14% through proactive monitoring and automated CI/CD workflows.

EDUCATION
Ph.D. in Computer Science, UT Austin (Graduated 2019)
","PyTorch, FastAPI, Machine Learning, AWS, Large Language Models, GCP, Kubernetes, Transformers, Linux, Agile, Kafka, Python"
RES-0527,Marcus Chen,marcus.chen40@synthetic-talent.org,+1 (555) 828-3556,Data Scientist,0,Junior,Bachelor,B.S. in Electrical and Computer Engineering,Georgia Tech,"PyTorch, AWS, Machine Learning, Unit Testing, Deep Learning, NLP, SQL, Code Review, Scikit-Learn, Pandas","Marcus Chen
marcus.chen40@synthetic-talent.org | +1 (555) 828-3556 | Location: New York, NY

PROFESSIONAL SUMMARY
Results-driven Data Scientist with 0 years of industry experience specializing in PyTorch, AWS, Machine Learning, Unit Testing. Proven background building scalable solutions, collaborating across agile teams, and driving measurable engineering impact.

TECHNICAL SKILLS
PyTorch, AWS, Machine Learning, Unit Testing, Deep Learning, NLP, SQL, Code Review, Scikit-Learn, Pandas

PROFESSIONAL EXPERIENCE
Software Engineering Intern | Reddit (Summer 2024)
- Developed automated test suites and backend features with PyTorch.
- Collaborated in daily standups and contributed to production pull requests.

EDUCATION
B.S. in Electrical and Computer Engineering, Georgia Tech (Graduated 2025)
","PyTorch, AWS, Machine Learning, Unit Testing, Deep Learning, NLP, SQL, Code Review, Scikit-Learn, Pandas"
RES-0528,Kavita Anderson,kavita.anderson28@synthetic-talent.org,+1 (555) 763-5791,Cloud & DevOps Engineer,11,Lead/Staff,Master,M.S. in Machine Learning and Data Science,Delhi Technological University,"AWS, Azure, GCP, Kubernetes, Docker, Git, Code Review, Python","Kavita Anderson
kavita.anderson28@synthetic-talent.org | +1 (555) 763-5791 | Location: New York, NY

PROFESSIONAL SUMMARY
Results-driven Cloud & DevOps Engineer with 11 years of industry experience specializing in AWS, Azure, GCP, Kubernetes. Proven background building scalable solutions, collaborating across agile teams, and driving measurable engineering impact.

TECHNICAL SKILLS
AWS, Azure, GCP, Kubernetes, Docker, Git, Code Review, Python

PROFESSIONAL EXPERIENCE
Senior Cloud & DevOps Engineer | Adobe (2022 - Present)
- Designed and deployed enterprise-grade systems utilizing AWS and Azure, improving throughput by 36%.
- Collaborated with engineering stakeholders to optimize data pipelines and system reliability using GCP.
- Reduced system downtime and latency by 25% through proactive monitoring and automated CI/CD workflows.

Senior Cloud & DevOps Engineer | Shopify (2019 - 2022)
- Designed and deployed enterprise-grade systems utilizing AWS and Azure, improving throughput by 39%.
- Collaborated with engineering stakeholders to optimize data pipelines and system reliability using GCP.
- Reduced system downtime and latency by 18% through proactive monitoring and automated CI/CD workflows.

Senior Cloud & DevOps Engineer | CrowdStrike (2016 - 2019)
- Designed and deployed enterprise-grade systems utilizing AWS and Azure, improving throughput by 29%.
- Collaborated with engineering stakeholders to optimize data pipelines and system reliability using GCP.
- Reduced system downtime and latency by 30% through proactive monitoring and automated CI/CD workflows.

Senior Cloud & DevOps Engineer | Wayfair (2014 - 2016)
- Designed and deployed enterprise-grade systems utilizing AWS and Azure, improving throughput by 30%.
- Collaborated with engineering stakeholders to optimize data pipelines and system reliability using GCP.
- Reduced system downtime and latency by 25% through proactive monitoring and automated CI/CD workflows.

EDUCATION
M.S. in Machine Learning and Data Science, Delhi Technological University (Graduated 2014)
","AWS, Azure, GCP, Kubernetes, Docker, Git, Code Review, Python"
RES-0529,Emma Jones,emma.jones87@synthetic-talent.org,+1 (555) 498-8240,Machine Learning Engineer,7,Senior,Bachelor,B.S. in Computer Science,University of Michigan,"FastAPI, Machine Learning, Kubernetes, Transformers, Code Review, CI/CD, Unit Testing","Emma Jones
emma.jones87@synthetic-talent.org | +1 (555) 498-8240 | Location: New York, NY

PROFESSIONAL SUMMARY
Results-driven Machine Learning Engineer with 7 years of industry experience specializing in FastAPI, Machine Learning, Kubernetes, Transformers. Proven background building scalable solutions, collaborating across agile teams, and driving measurable engineering impact.

TECHNICAL SKILLS
FastAPI, Machine Learning, Kubernetes, Transformers, Code Review, CI/CD, Unit Testing

PROFESSIONAL EXPERIENCE
Senior Machine Learning Engineer | NVIDIA (2022 - Present)
- Designed and deployed enterprise-grade systems utilizing FastAPI and Machine Learning, improving throughput by 34%.
- Collaborated with engineering stakeholders to optimize data pipelines and system reliability using Kubernetes.
- Reduced system downtime and latency by 21% through proactive monitoring and automated CI/CD workflows.

Senior Machine Learning Engineer | Spotify (2019 - 2022)
- Designed and deployed enterprise-grade systems utilizing FastAPI and Machine Learning, improving throughput by 29%.
- Collaborated with engineering stakeholders to optimize data pipelines and system reliability using Kubernetes.
- Reduced system downtime and latency by 30% through proactive monitoring and automated CI/CD workflows.

Senior Machine Learning Engineer | Coinbase (2018 - 2019)
- Designed and deployed enterprise-grade systems utilizing FastAPI and Machine Learning, improving throughput by 33%.
- Collaborated with engineering stakeholders to optimize data pipelines and system reliability using Kubernetes.
- Reduced system downtime and latency by 13% through proactive monitoring and automated CI/CD workflows.

EDUCATION
B.S. in Computer Science, University of Michigan (Graduated 2018)
","FastAPI, Machine Learning, Kubernetes, Transformers, Code Review, CI/CD, Unit Testing"
RES-0530,Priya Brown,priya.brown20@synthetic-talent.org,+1 (555) 638-9650,Backend Engineer,1,Junior,Bachelor,B.Tech in Computer Science and Engineering,UC Berkeley,"Node.js, Java, Go, Docker, Code Review, Agile, Redis, Python","Priya Brown
priya.brown20@synthetic-talent.org | +1 (555) 638-9650 | Location: New York, NY

PROFESSIONAL SUMMARY
Results-driven Backend Engineer with 1 years of industry experience specializing in Node.js, Java, Go, Docker. Proven background building scalable solutions, collaborating across agile teams, and driving measurable engineering impact.

TECHNICAL SKILLS
Node.js, Java, Go, Docker, Code Review, Agile, Redis, Python

PROFESSIONAL EXPERIENCE
Backend Engineer | Splunk (2024 - Present)
- Designed and deployed enterprise-grade systems utilizing Node.js and Java, improving throughput by 38%.
- Collaborated with engineering stakeholders to optimize data pipelines and system reliability using Go.
- Reduced system downtime and latency by 12% through proactive monitoring and automated CI/CD workflows.

EDUCATION
B.Tech in Computer Science and Engineering, UC Berkeley (Graduated 2024)
","Node.js, Java, Go, Docker, Code Review, Agile, Redis, Python"
RES-0531,Emily Johnson,emily.johnson77@synthetic-talent.org,+1 (555) 735-5684,Machine Learning Engineer,2,Mid-Level,Bachelor,B.Tech in Computer Science and Engineering,UT Austin,"PyTorch, AWS, Machine Learning, Transformers, Code Review, Agile, Kafka, Python, CI/CD","Emily Johnson
emily.johnson77@synthetic-talent.org | +1 (555) 735-5684 | Location: New York, NY

PROFESSIONAL SUMMARY
Results-driven Machine Learning Engineer with 2 years of industry experience specializing in PyTorch, AWS, Machine Learning, Transformers. Proven background building scalable solutions, collaborating across agile teams, and driving measurable engineering impact.

TECHNICAL SKILLS
PyTorch, AWS, Machine Learning, Transformers, Code Review, Agile, Kafka, Python, CI/CD

PROFESSIONAL EXPERIENCE
Machine Learning Engineer | Cloudflare (2023 - Present)
- Designed and deployed enterprise-grade systems utilizing PyTorch and AWS, improving throughput by 27%.
- Collaborated with engineering stakeholders to optimize data pipelines and system reliability using Machine Learning.
- Reduced system downtime and latency by 12% through proactive monitoring and automated CI/CD workflows.

EDUCATION
B.Tech in Computer Science and Engineering, UT Austin (Graduated 2023)
","PyTorch, AWS, Machine Learning, Transformers, Code Review, Agile, Kafka, Python, CI/CD"
RES-0532,Rahul Anderson,rahul.anderson24@synthetic-talent.org,+1 (555) 976-6610,Machine Learning Engineer,1,Junior,Bachelor,B.S. in Electrical and Computer Engineering,University of Michigan,"PyTorch, Large Language Models, Kubernetes, Code Review, Agile, Python, CI/CD","Rahul Anderson
rahul.anderson24@synthetic-talent.org | +1 (555) 976-6610 | Location: New York, NY

PROFESSIONAL SUMMARY
Results-driven Machine Learning Engineer with 1 years of industry experience specializing in PyTorch, Large Language Models, Kubernetes, Code Review. Proven background building scalable solutions, collaborating across agile teams, and driving measurable engineering impact.

TECHNICAL SKILLS
PyTorch, Large Language Models, Kubernetes, Code Review, Agile, Python, CI/CD

PROFESSIONAL EXPERIENCE
Machine Learning Engineer | Salesforce (2024 - Present)
- Designed and deployed enterprise-grade systems utilizing PyTorch and Large Language Models, improving throughput by 17%.
- Collaborated with engineering stakeholders to optimize data pipelines and system reliability using Kubernetes.
- Reduced system downtime and latency by 24% through proactive monitoring and automated CI/CD workflows.

EDUCATION
B.S. in Electrical and Computer Engineering, University of Michigan (Graduated 2024)
","PyTorch, Large Language Models, Kubernetes, Code Review, Agile, Python, CI/CD"
RES-0533,Chen Wilson,chen.wilson97@synthetic-talent.org,+1 (555) 996-5713,Data Engineer,5,Mid-Level,Master,M.S. in Computer Science,UC Berkeley,"AWS, Spark, Docker, PostgreSQL, SQL, Snowflake, Agile, Code Review, Kafka, Python, Airflow","Chen Wilson
chen.wilson97@synthetic-talent.org | +1 (555) 996-5713 | Location: New York, NY

PROFESSIONAL SUMMARY
Results-driven Data Engineer with 5 years of industry experience specializing in AWS, Spark, Docker, PostgreSQL. Proven background building scalable solutions, collaborating across agile teams, and driving measurable engineering impact.

TECHNICAL SKILLS
AWS, Spark, Docker, PostgreSQL, SQL, Snowflake, Agile, Code Review, Kafka, Python, Airflow

PROFESSIONAL EXPERIENCE
Data Engineer | Square / Block (2022 - Present)
- Designed and deployed enterprise-grade systems utilizing AWS and Spark, improving throughput by 28%.
- Collaborated with engineering stakeholders to optimize data pipelines and system reliability using Docker.
- Reduced system downtime and latency by 14% through proactive monitoring and automated CI/CD workflows.

Data Engineer | Oracle (2020 - 2022)
- Designed and deployed enterprise-grade systems utilizing AWS and Spark, improving throughput by 31%.
- Collaborated with engineering stakeholders to optimize data pipelines and system reliability using Docker.
- Reduced system downtime and latency by 18% through proactive monitoring and automated CI/CD workflows.

EDUCATION
M.S. in Computer Science, UC Berkeley (Graduated 2020)
","AWS, Spark, Docker, PostgreSQL, SQL, Snowflake, Agile, Code Review, Kafka, Python, Airflow"
RES-0534,Sofia Rodriguez,sofia.rodriguez34@synthetic-talent.org,+1 (555) 575-9318,Machine Learning Engineer,11,Lead/Staff,Doctorate,Ph.D. in Computer Science,Sharda University,"PyTorch, FastAPI, Machine Learning, GCP, AWS, Kubernetes, Jira, Docker, Git, Kafka, Python, CI/CD","Sofia Rodriguez
sofia.rodriguez34@synthetic-talent.org | +1 (555) 575-9318 | Location: New York, NY

PROFESSIONAL SUMMARY
Results-driven Machine Learning Engineer with 11 years of industry experience specializing in PyTorch, FastAPI, Machine Learning, GCP. Proven background building scalable solutions, collaborating across agile teams, and driving measurable engineering impact.

TECHNICAL SKILLS
PyTorch, FastAPI, Machine Learning, GCP, AWS, Kubernetes, Jira, Docker, Git, Kafka, Python, CI/CD

PROFESSIONAL EXPERIENCE
Senior Machine Learning Engineer | ServiceNow (2022 - Present)
- Designed and deployed enterprise-grade systems utilizing PyTorch and FastAPI, improving throughput by 42%.
- Collaborated with engineering stakeholders to optimize data pipelines and system reliability using Machine Learning.
- Reduced system downtime and latency by 20% through proactive monitoring and automated CI/CD workflows.

Senior Machine Learning Engineer | Cloudflare (2020 - 2022)
- Designed and deployed enterprise-grade systems utilizing PyTorch and FastAPI, improving throughput by 35%.
- Collaborated with engineering stakeholders to optimize data pipelines and system reliability using Machine Learning.
- Reduced system downtime and latency by 20% through proactive monitoring and automated CI/CD workflows.

Senior Machine Learning Engineer | Apple (2018 - 2020)
- Designed and deployed enterprise-grade systems utilizing PyTorch and FastAPI, improving throughput by 35%.
- Collaborated with engineering stakeholders to optimize data pipelines and system reliability using Machine Learning.
- Reduced system downtime and latency by 16% through proactive monitoring and automated CI/CD workflows.

Senior Machine Learning Engineer | Twilio (2016 - 2018)
- Designed and deployed enterprise-grade systems utilizing PyTorch and FastAPI, improving throughput by 38%.
- Collaborated with engineering stakeholders to optimize data pipelines and system reliability using Machine Learning.
- Reduced system downtime and latency by 27% through proactive monitoring and automated CI/CD workflows.

Senior Machine Learning Engineer | NVIDIA (2014 - 2016)
- Designed and deployed enterprise-grade systems utilizing PyTorch and FastAPI, improving throughput by 37%.
- Collaborated with engineering stakeholders to optimize data pipelines and system reliability using Machine Learning.
- Reduced system downtime and latency by 22% through proactive monitoring and automated CI/CD workflows.

EDUCATION
Ph.D. in Computer Science, Sharda University (Graduated 2014)
","PyTorch, FastAPI, Machine Learning, GCP, AWS, Kubernetes, Jira, Docker, Git, Kafka, Python, CI/CD"
RES-0535,Mateo Johnson,mateo.johnson74@synthetic-talent.org,+1 (555) 282-9299,Cybersecurity Engineer,5,Mid-Level,Bachelor,B.S. in Computer Science,UC Berkeley,"Terraform, Go, Kubernetes, REST APIs, PostgreSQL, Linux, Code Review, Python","Mateo Johnson
mateo.johnson74@synthetic-talent.org | +1 (555) 282-9299 | Location: New York, NY

PROFESSIONAL SUMMARY
Results-driven Cybersecurity Engineer with 5 years of industry experience specializing in Terraform, Go, Kubernetes, REST APIs. Proven background building scalable solutions, collaborating across agile teams, and driving measurable engineering impact.

TECHNICAL SKILLS
Terraform, Go, Kubernetes, REST APIs, PostgreSQL, Linux, Code Review, Python

PROFESSIONAL EXPERIENCE
Senior Cybersecurity Engineer | Cisco (2021 - Present)
- Designed and deployed enterprise-grade systems utilizing Terraform and Go, improving throughput by 30%.
- Collaborated with engineering stakeholders to optimize data pipelines and system reliability using Kubernetes.
- Reduced system downtime and latency by 10% through proactive monitoring and automated CI/CD workflows.

Cybersecurity Engineer | Microsoft (2020 - 2021)
- Designed and deployed enterprise-grade systems utilizing Terraform and Go, improving throughput by 32%.
- Collaborated with engineering stakeholders to optimize data pipelines and system reliability using Kubernetes.
- Reduced system downtime and latency by 30% through proactive monitoring and automated CI/CD workflows.

EDUCATION
B.S. in Computer Science, UC Berkeley (Graduated 2020)
","Terraform, Go, Kubernetes, REST APIs, PostgreSQL, Linux, Code Review, Python"
RES-0536,Mateo Patel,mateo.patel26@synthetic-talent.org,+1 (555) 352-7880,Machine Learning Engineer,8,Senior,Bachelor,B.Tech in Computer Science and Engineering,IIT Bombay,"FastAPI, AWS, GCP, REST APIs, Jira, Docker, Python, CI/CD","Mateo Patel
mateo.patel26@synthetic-talent.org | +1 (555) 352-7880 | Location: New York, NY

PROFESSIONAL SUMMARY
Results-driven Machine Learning Engineer with 8 years of industry experience specializing in FastAPI, AWS, GCP, REST APIs. Proven background building scalable solutions, collaborating across agile teams, and driving measurable engineering impact.

TECHNICAL SKILLS
FastAPI, AWS, GCP, REST APIs, Jira, Docker, Python, CI/CD

PROFESSIONAL EXPERIENCE
Senior Machine Learning Engineer | Airbnb (2023 - Present)
- Designed and deployed enterprise-grade systems utilizing FastAPI and AWS, improving throughput by 24%.
- Collaborated with engineering stakeholders to optimize data pipelines and system reliability using GCP.
- Reduced system downtime and latency by 24% through proactive monitoring and automated CI/CD workflows.

Senior Machine Learning Engineer | Shopify (2021 - 2023)
- Designed and deployed enterprise-grade systems utilizing FastAPI and AWS, improving throughput by 24%.
- Collaborated with engineering stakeholders to optimize data pipelines and system reliability using GCP.
- Reduced system downtime and latency by 28% through proactive monitoring and automated CI/CD workflows.

Senior Machine Learning Engineer | Splunk (2018 - 2021)
- Designed and deployed enterprise-grade systems utilizing FastAPI and AWS, improving throughput by 33%.
- Collaborated with engineering stakeholders to optimize data pipelines and system reliability using GCP.
- Reduced system downtime and latency by 26% through proactive monitoring and automated CI/CD workflows.

Senior Machine Learning Engineer | Intel (2017 - 2018)
- Designed and deployed enterprise-grade systems utilizing FastAPI and AWS, improving throughput by 15%.
- Collaborated with engineering stakeholders to optimize data pipelines and system reliability using GCP.
- Reduced system downtime and latency by 22% through proactive monitoring and automated CI/CD workflows.

EDUCATION
B.Tech in Computer Science and Engineering, IIT Bombay (Graduated 2017)
","FastAPI, AWS, GCP, REST APIs, Jira, Docker, Python, CI/CD"
RES-0537,Rahul Garcia,rahul.garcia81@synthetic-talent.org,+1 (555) 129-3886,Cloud & DevOps Engineer,5,Mid-Level,Bachelor,B.S. in Electrical and Computer Engineering,BITS Pilani,"AWS, Azure, Terraform, GCP, Kubernetes, Docker, Prometheus, Linux, Code Review, Python, CI/CD","Rahul Garcia
rahul.garcia81@synthetic-talent.org | +1 (555) 129-3886 | Location: New York, NY

PROFESSIONAL SUMMARY
Results-driven Cloud & DevOps Engineer with 5 years of industry experience specializing in AWS, Azure, Terraform, GCP. Proven background building scalable solutions, collaborating across agile teams, and driving measurable engineering impact.

TECHNICAL SKILLS
AWS, Azure, Terraform, GCP, Kubernetes, Docker, Prometheus, Linux, Code Review, Python, CI/CD

PROFESSIONAL EXPERIENCE
Cloud & DevOps Engineer | Salesforce (2023 - Present)
- Designed and deployed enterprise-grade systems utilizing AWS and Azure, improving throughput by 37%.
- Collaborated with engineering stakeholders to optimize data pipelines and system reliability using Terraform.
- Reduced system downtime and latency by 23% through proactive monitoring and automated CI/CD workflows.

Cloud & DevOps Engineer | Instacart (2020 - 2023)
- Designed and deployed enterprise-grade systems utilizing AWS and Azure, improving throughput by 18%.
- Collaborated with engineering stakeholders to optimize data pipelines and system reliability using Terraform.
- Reduced system downtime and latency by 11% through proactive monitoring and automated CI/CD workflows.

EDUCATION
B.S. in Electrical and Computer Engineering, BITS Pilani (Graduated 2020)
","AWS, Azure, Terraform, GCP, Kubernetes, Docker, Prometheus, Linux, Code Review, Python, CI/CD"
RES-0538,Mateo Sharma,mateo.sharma97@synthetic-talent.org,+1 (555) 597-9900,Data Scientist,9,Senior,Bachelor,B.S. in Computer Science,MIT,"Machine Learning, Deep Learning, BigQuery, Git, Linux, SQL, Python, Scikit-Learn","Mateo Sharma
mateo.sharma97@synthetic-talent.org | +1 (555) 597-9900 | Location: New York, NY

PROFESSIONAL SUMMARY
Results-driven Data Scientist with 9 years of industry experience specializing in Machine Learning, Deep Learning, BigQuery, Git. Proven background building scalable solutions, collaborating across agile teams, and driving measurable engineering impact.

TECHNICAL SKILLS
Machine Learning, Deep Learning, BigQuery, Git, Linux, SQL, Python, Scikit-Learn

PROFESSIONAL EXPERIENCE
Senior Data Scientist | Splunk (2021 - Present)
- Designed and deployed enterprise-grade systems utilizing Machine Learning and Deep Learning, improving throughput by 29%.
- Collaborated with engineering stakeholders to optimize data pipelines and system reliability using BigQuery.
- Reduced system downtime and latency by 10% through proactive monitoring and automated CI/CD workflows.

Senior Data Scientist | Microsoft (2019 - 2021)
- Designed and deployed enterprise-grade systems utilizing Machine Learning and Deep Learning, improving throughput by 18%.
- Collaborated with engineering stakeholders to optimize data pipelines and system reliability using BigQuery.
- Reduced system downtime and latency by 10% through proactive monitoring and automated CI/CD workflows.

Senior Data Scientist | Instacart (2017 - 2019)
- Designed and deployed enterprise-grade systems utilizing Machine Learning and Deep Learning, improving throughput by 37%.
- Collaborated with engineering stakeholders to optimize data pipelines and system reliability using BigQuery.
- Reduced system downtime and latency by 30% through proactive monitoring and automated CI/CD workflows.

Senior Data Scientist | Square / Block (2016 - 2017)
- Designed and deployed enterprise-grade systems utilizing Machine Learning and Deep Learning, improving throughput by 28%.
- Collaborated with engineering stakeholders to optimize data pipelines and system reliability using BigQuery.
- Reduced system downtime and latency by 17% through proactive monitoring and automated CI/CD workflows.

EDUCATION
B.S. in Computer Science, MIT (Graduated 2016)
","Machine Learning, Deep Learning, GCP, Git, Linux, SQL, Python, Scikit-Learn"
RES-0539,Liam Jones,liam.jones84@synthetic-talent.org,+1 (555) 731-2352,Cybersecurity Engineer,11,Lead/Staff,Master,M.S. in Computer Science,BITS Pilani,"Terraform, Go, Kubernetes, Git, PostgreSQL, Python, CI/CD, Unit Testing","Liam Jones
liam.jones84@synthetic-talent.org | +1 (555) 731-2352 | Location: New York, NY

PROFESSIONAL SUMMARY
Results-driven Cybersecurity Engineer with 11 years of industry experience specializing in Terraform, Go, Kubernetes, Git. Proven background building scalable solutions, collaborating across agile teams, and driving measurable engineering impact.

TECHNICAL SKILLS
Terraform, Go, Kubernetes, Git, PostgreSQL, Python, CI/CD, Unit Testing

PROFESSIONAL EXPERIENCE
Senior Cybersecurity Engineer | Instacart (2021 - Present)
- Designed and deployed enterprise-grade systems utilizing Terraform and Go, improving throughput by 30%.
- Collaborated with engineering stakeholders to optimize data pipelines and system reliability using Kubernetes.
- Reduced system downtime and latency by 20% through proactive monitoring and automated CI/CD workflows.

Senior Cybersecurity Engineer | Splunk (2018 - 2021)
- Designed and deployed enterprise-grade systems utilizing Terraform and Go, improving throughput by 21%.
- Collaborated with engineering stakeholders to optimize data pipelines and system reliability using Kubernetes.
- Reduced system downtime and latency by 20% through proactive monitoring and automated CI/CD workflows.

Senior Cybersecurity Engineer | Pinterest (2016 - 2018)
- Designed and deployed enterprise-grade systems utilizing Terraform and Go, improving throughput by 27%.
- Collaborated with engineering stakeholders to optimize data pipelines and system reliability using Kubernetes.
- Reduced system downtime and latency by 15% through proactive monitoring and automated CI/CD workflows.

Senior Cybersecurity Engineer | Oracle (2014 - 2016)
- Designed and deployed enterprise-grade systems utilizing Terraform and Go, improving throughput by 30%.
- Collaborated with engineering stakeholders to optimize data pipelines and system reliability using Kubernetes.
- Reduced system downtime and latency by 18% through proactive monitoring and automated CI/CD workflows.

EDUCATION
M.S. in Computer Science, BITS Pilani (Graduated 2014)
","Terraform, Go, Kubernetes, Git, PostgreSQL, Python, CI/CD, Unit Testing"
RES-0540,Arjun Garcia,arjun.garcia79@synthetic-talent.org,+1 (555) 359-3900,Backend Engineer,7,Senior,Master,M.S. in Computer Science,Stanford University,"Node.js, System Design, Java, Go, Docker, PostgreSQL, Linux, Redis, Kafka, Unit Testing","Arjun Garcia
arjun.garcia79@synthetic-talent.org | +1 (555) 359-3900 | Location: New York, NY

PROFESSIONAL SUMMARY
Results-driven Backend Engineer with 7 years of industry experience specializing in Node.js, System Design, Java, Go. Proven background building scalable solutions, collaborating across agile teams, and driving measurable engineering impact.

TECHNICAL SKILLS
Node.js, System Design, Java, Go, Docker, PostgreSQL, Linux, Redis, Kafka, Unit Testing

PROFESSIONAL EXPERIENCE
Senior Backend Engineer | Amazon (2022 - Present)
- Designed and deployed enterprise-grade systems utilizing Node.js and System Design, improving throughput by 31%.
- Collaborated with engineering stakeholders to optimize data pipelines and system reliability using Java.
- Reduced system downtime and latency by 11% through proactive monitoring and automated CI/CD workflows.

Senior Backend Engineer | Airbnb (2019 - 2022)
- Designed and deployed enterprise-grade systems utilizing Node.js and System Design, improving throughput by 42%.
- Collaborated with engineering stakeholders to optimize data pipelines and system reliability using Java.
- Reduced system downtime and latency by 18% through proactive monitoring and automated CI/CD workflows.

Senior Backend Engineer | Intel (2018 - 2019)
- Designed and deployed enterprise-grade systems utilizing Node.js and System Design, improving throughput by 19%.
- Collaborated with engineering stakeholders to optimize data pipelines and system reliability using Java.
- Reduced system downtime and latency by 24% through proactive monitoring and automated CI/CD workflows.

EDUCATION
M.S. in Computer Science, Stanford University (Graduated 2018)
","Node.js, System Design, Java, Go, Docker, PostgreSQL, Linux, Redis, Kafka, Unit Testing"
RES-0541,Emma Rostova,emma.rostova76@synthetic-talent.org,+1 (555) 812-7793,Data Engineer,2,Mid-Level,Doctorate,Ph.D. in Computer Science,Cornell University,"Terraform, Jira, Spark, PostgreSQL, SQL, Code Review, Kafka, Python, Airflow","Emma Rostova
emma.rostova76@synthetic-talent.org | +1 (555) 812-7793 | Location: New York, NY

PROFESSIONAL SUMMARY
Results-driven Data Engineer with 2 years of industry experience specializing in Terraform, Jira, Spark, PostgreSQL. Proven background building scalable solutions, collaborating across agile teams, and driving measurable engineering impact.

TECHNICAL SKILLS
Terraform, Jira, Spark, PostgreSQL, SQL, Code Review, Kafka, Python, Airflow

PROFESSIONAL EXPERIENCE
Data Engineer | Uber (2023 - Present)
- Designed and deployed enterprise-grade systems utilizing Terraform and Jira, improving throughput by 17%.
- Collaborated with engineering stakeholders to optimize data pipelines and system reliability using Spark.
- Reduced system downtime and latency by 28% through proactive monitoring and automated CI/CD workflows.

EDUCATION
Ph.D. in Computer Science, Cornell University (Graduated 2023)
","Terraform, Jira, Spark, PostgreSQL, SQL, Code Review, Kafka, Python, Airflow"
RES-0542,Daniel Patel,daniel.patel35@synthetic-talent.org,+1 (555) 290-5041,Machine Learning Engineer,7,Senior,Bachelor,B.S. in Electrical and Computer Engineering,Sharda University,"PyTorch, FastAPI, GCP, Docker, Code Review, Agile","Daniel Patel
daniel.patel35@synthetic-talent.org | +1 (555) 290-5041 | Location: New York, NY

PROFESSIONAL SUMMARY
Results-driven Machine Learning Engineer with 7 years of industry experience specializing in PyTorch, FastAPI, GCP, Docker. Proven background building scalable solutions, collaborating across agile teams, and driving measurable engineering impact.

TECHNICAL SKILLS
PyTorch, FastAPI, GCP, Docker, Code Review, Agile

PROFESSIONAL EXPERIENCE
Senior Machine Learning Engineer | Netflix (2021 - Present)
- Designed and deployed enterprise-grade systems utilizing PyTorch and FastAPI, improving throughput by 20%.
- Collaborated with engineering stakeholders to optimize data pipelines and system reliability using GCP.
- Reduced system downtime and latency by 24% through proactive monitoring and automated CI/CD workflows.

Senior Machine Learning Engineer | Instacart (2018 - 2021)
- Designed and deployed enterprise-grade systems utilizing PyTorch and FastAPI, improving throughput by 35%.
- Collaborated with engineering stakeholders to optimize data pipelines and system reliability using GCP.
- Reduced system downtime and latency by 20% through proactive monitoring and automated CI/CD workflows.

EDUCATION
B.S. in Electrical and Computer Engineering, Sharda University (Graduated 2018)
","PyTorch, FastAPI, GCP, Docker, Code Review, Agile"
RES-0543,James Kim,james.kim30@synthetic-talent.org,+1 (555) 972-2447,Backend Engineer,5,Mid-Level,Doctorate,Ph.D. in Computer Science,University of Washington,"FastAPI, Node.js, System Design, Java, Go, Kubernetes, REST APIs, Docker, Agile, CI/CD","James Kim
james.kim30@synthetic-talent.org | +1 (555) 972-2447 | Location: New York, NY

PROFESSIONAL SUMMARY
Results-driven Backend Engineer with 5 years of industry experience specializing in FastAPI, Node.js, System Design, Java. Proven background building scalable solutions, collaborating across agile teams, and driving measurable engineering impact.

TECHNICAL SKILLS
FastAPI, Node.js, System Design, Java, Go, Kubernetes, REST APIs, Docker, Agile, CI/CD

PROFESSIONAL EXPERIENCE
Senior Backend Engineer | Apple (2021 - Present)
- Designed and deployed enterprise-grade systems utilizing FastAPI and Node.js, improving throughput by 32%.
- Collaborated with engineering stakeholders to optimize data pipelines and system reliability using System Design.
- Reduced system downtime and latency by 15% through proactive monitoring and automated CI/CD workflows.

Backend Engineer | Salesforce (2020 - 2021)
- Designed and deployed enterprise-grade systems utilizing FastAPI and Node.js, improving throughput by 16%.
- Collaborated with engineering stakeholders to optimize data pipelines and system reliability using System Design.
- Reduced system downtime and latency by 18% through proactive monitoring and automated CI/CD workflows.

EDUCATION
Ph.D. in Computer Science, University of Washington (Graduated 2020)
","FastAPI, Node.js, System Design, Java, Go, Kubernetes, REST APIs, Docker, Agile, CI/CD"
RES-0544,Ananya Kim,ananya.kim66@synthetic-talent.org,+1 (555) 755-9155,Full Stack Engineer,1,Junior,Bachelor,B.S. in Electrical and Computer Engineering,University of Washington,"FastAPI, Node.js, AWS, TypeScript, GraphQL, Docker, PostgreSQL, React, Linux, Agile, Redis, CI/CD","Ananya Kim
ananya.kim66@synthetic-talent.org | +1 (555) 755-9155 | Location: New York, NY

PROFESSIONAL SUMMARY
Results-driven Full Stack Engineer with 1 years of industry experience specializing in FastAPI, Node.js, AWS, TypeScript. Proven background building scalable solutions, collaborating across agile teams, and driving measurable engineering impact.

TECHNICAL SKILLS
FastAPI, Node.js, AWS, TypeScript, GraphQL, Docker, PostgreSQL, React, Linux, Agile, Redis, CI/CD

PROFESSIONAL EXPERIENCE
Full Stack Engineer | Cisco (2024 - Present)
- Designed and deployed enterprise-grade systems utilizing FastAPI and Node.js, improving throughput by 27%.
- Collaborated with engineering stakeholders to optimize data pipelines and system reliability using AWS.
- Reduced system downtime and latency by 17% through proactive monitoring and automated CI/CD workflows.

EDUCATION
B.S. in Electrical and Computer Engineering, University of Washington (Graduated 2024)
","FastAPI, Node.js, AWS, TypeScript, GraphQL, Docker, PostgreSQL, React, Linux, Agile, Redis, CI/CD"
RES-0545,Emma Davis,emma.davis63@synthetic-talent.org,+1 (555) 927-6349,Data Scientist,7,Senior,Master,M.S. in Computer Science,MIT,"AWS, Unit Testing, Machine Learning, Deep Learning, Git, NLP, SQL, Python, Scikit-Learn, Pandas","Emma Davis
emma.davis63@synthetic-talent.org | +1 (555) 927-6349 | Location: New York, NY

PROFESSIONAL SUMMARY
Results-driven Data Scientist with 7 years of industry experience specializing in AWS, Unit Testing, Machine Learning, Deep Learning. Proven background building scalable solutions, collaborating across agile teams, and driving measurable engineering impact.

TECHNICAL SKILLS
AWS, Unit Testing, Machine Learning, Deep Learning, Git, NLP, SQL, Python, Scikit-Learn, Pandas

PROFESSIONAL EXPERIENCE
Senior Data Scientist | Palantir (2022 - Present)
- Designed and deployed enterprise-grade systems utilizing AWS and Unit Testing, improving throughput by 25%.
- Collaborated with engineering stakeholders to optimize data pipelines and system reliability using Machine Learning.
- Reduced system downtime and latency by 23% through proactive monitoring and automated CI/CD workflows.

Senior Data Scientist | Snowflake (2019 - 2022)
- Designed and deployed enterprise-grade systems utilizing AWS and Unit Testing, improving throughput by 39%.
- Collaborated with engineering stakeholders to optimize data pipelines and system reliability using Machine Learning.
- Reduced system downtime and latency by 16% through proactive monitoring and automated CI/CD workflows.

Senior Data Scientist | Splunk (2018 - 2019)
- Designed and deployed enterprise-grade systems utilizing AWS and Unit Testing, improving throughput by 32%.
- Collaborated with engineering stakeholders to optimize data pipelines and system reliability using Machine Learning.
- Reduced system downtime and latency by 11% through proactive monitoring and automated CI/CD workflows.

EDUCATION
M.S. in Computer Science, MIT (Graduated 2018)
","AWS, Unit Testing, Machine Learning, Deep Learning, Git, NLP, SQL, Python, Scikit-Learn, Pandas"
RES-0546,Mateo Miller,mateo.miller96@synthetic-talent.org,+1 (555) 992-7700,Data Engineer,9,Senior,Bachelor,B.S. in Computer Science,BITS Pilani,"GCP, Jira, Spark, PostgreSQL, SQL, Kafka, Unit Testing, Airflow","Mateo Miller
mateo.miller96@synthetic-talent.org | +1 (555) 992-7700 | Location: New York, NY

PROFESSIONAL SUMMARY
Results-driven Data Engineer with 9 years of industry experience specializing in GCP, Jira, Spark, PostgreSQL. Proven background building scalable solutions, collaborating across agile teams, and driving measurable engineering impact.

TECHNICAL SKILLS
GCP, Jira, Spark, PostgreSQL, SQL, Kafka, Unit Testing, Airflow

PROFESSIONAL EXPERIENCE
Senior Data Engineer | Reddit (2021 - Present)
- Designed and deployed enterprise-grade systems utilizing GCP and Jira, improving throughput by 40%.
- Collaborated with engineering stakeholders to optimize data pipelines and system reliability using Spark.
- Reduced system downtime and latency by 21% through proactive monitoring and automated CI/CD workflows.

Senior Data Engineer | Intel (2017 - 2021)
- Designed and deployed enterprise-grade systems utilizing GCP and Jira, improving throughput by 42%.
- Collaborated with engineering stakeholders to optimize data pipelines and system reliability using Spark.
- Reduced system downtime and latency by 12% through proactive monitoring and automated CI/CD workflows.

Senior Data Engineer | Google (2016 - 2017)
- Designed and deployed enterprise-grade systems utilizing GCP and Jira, improving throughput by 35%.
- Collaborated with engineering stakeholders to optimize data pipelines and system reliability using Spark.
- Reduced system downtime and latency by 16% through proactive monitoring and automated CI/CD workflows.

EDUCATION
B.S. in Computer Science, BITS Pilani (Graduated 2016)
","GCP, Jira, Spark, PostgreSQL, SQL, Kafka, Unit Testing, Airflow"
RES-0547,Liam Sharma,liam.sharma77@synthetic-talent.org,+1 (555) 734-6491,Machine Learning Engineer,9,Senior,Bachelor,B.S. in Electrical and Computer Engineering,Cornell University,"FastAPI, PyTorch, Machine Learning, AWS, Large Language Models, REST APIs, Docker, Transformers, Code Review, Kafka, Python, CI/CD","Liam Sharma
liam.sharma77@synthetic-talent.org | +1 (555) 734-6491 | Location: New York, NY

PROFESSIONAL SUMMARY
Results-driven Machine Learning Engineer with 9 years of industry experience specializing in FastAPI, PyTorch, Machine Learning, AWS. Proven background building scalable solutions, collaborating across agile teams, and driving measurable engineering impact.

TECHNICAL SKILLS
FastAPI, PyTorch, Machine Learning, AWS, Large Language Models, REST APIs, Docker, Transformers, Code Review, Kafka, Python, CI/CD

PROFESSIONAL EXPERIENCE
Senior Machine Learning Engineer | Instacart (2023 - Present)
- Designed and deployed enterprise-grade systems utilizing FastAPI and PyTorch, improving throughput by 34%.
- Collaborated with engineering stakeholders to optimize data pipelines and system reliability using Machine Learning.
- Reduced system downtime and latency by 19% through proactive monitoring and automated CI/CD workflows.

Senior Machine Learning Engineer | Cloudflare (2021 - 2023)
- Designed and deployed enterprise-grade systems utilizing FastAPI and PyTorch, improving throughput by 16%.
- Collaborated with engineering stakeholders to optimize data pipelines and system reliability using Machine Learning.
- Reduced system downtime and latency by 20% through proactive monitoring and automated CI/CD workflows.

Senior Machine Learning Engineer | Intel (2019 - 2021)
- Designed and deployed enterprise-grade systems utilizing FastAPI and PyTorch, improving throughput by 30%.
- Collaborated with engineering stakeholders to optimize data pipelines and system reliability using Machine Learning.
- Reduced system downtime and latency by 19% through proactive monitoring and automated CI/CD workflows.

Senior Machine Learning Engineer | Lyft (2017 - 2019)
- Designed and deployed enterprise-grade systems utilizing FastAPI and PyTorch, improving throughput by 36%.
- Collaborated with engineering stakeholders to optimize data pipelines and system reliability using Machine Learning.
- Reduced system downtime and latency by 11% through proactive monitoring and automated CI/CD workflows.

Senior Machine Learning Engineer | HubSpot (2016 - 2017)
- Designed and deployed enterprise-grade systems utilizing FastAPI and PyTorch, improving throughput by 17%.
- Collaborated with engineering stakeholders to optimize data pipelines and system reliability using Machine Learning.
- Reduced system downtime and latency by 11% through proactive monitoring and automated CI/CD workflows.

EDUCATION
B.S. in Electrical and Computer Engineering, Cornell University (Graduated 2016)
","FastAPI, PyTorch, Machine Learning, AWS, Large Language Models, REST APIs, Docker, Transformers, Code Review, Kafka, Python, CI/CD"
RES-0548,Vikram Rodriguez,vikram.rodriguez48@synthetic-talent.org,+1 (555) 375-7233,Cloud & DevOps Engineer,5,Mid-Level,Master,M.S. in Machine Learning and Data Science,Sharda University,"AWS, Azure, Terraform, Go, Kubernetes, Prometheus, Git, Linux, Code Review, Python","Vikram Rodriguez
vikram.rodriguez48@synthetic-talent.org | +1 (555) 375-7233 | Location: New York, NY

PROFESSIONAL SUMMARY
Results-driven Cloud & DevOps Engineer with 5 years of industry experience specializing in AWS, Azure, Terraform, Go. Proven background building scalable solutions, collaborating across agile teams, and driving measurable engineering impact.

TECHNICAL SKILLS
AWS, Azure, Terraform, Go, Kubernetes, Prometheus, Git, Linux, Code Review, Python

PROFESSIONAL EXPERIENCE
Cloud & DevOps Engineer | Uber (2023 - Present)
- Designed and deployed enterprise-grade systems utilizing AWS and Azure, improving throughput by 29%.
- Collaborated with engineering stakeholders to optimize data pipelines and system reliability using Terraform.
- Reduced system downtime and latency by 14% through proactive monitoring and automated CI/CD workflows.

Cloud & DevOps Engineer | Lyft (2020 - 2023)
- Designed and deployed enterprise-grade systems utilizing AWS and Azure, improving throughput by 17%.
- Collaborated with engineering stakeholders to optimize data pipelines and system reliability using Terraform.
- Reduced system downtime and latency by 25% through proactive monitoring and automated CI/CD workflows.

EDUCATION
M.S. in Machine Learning and Data Science, Sharda University (Graduated 2020)
","AWS, Azure, Terraform, Go, Kubernetes, Prometheus, Git, Linux, Code Review, Python"
RES-0549,Chen Tanaka,chen.tanaka20@synthetic-talent.org,+1 (555) 888-2884,Full Stack Engineer,7,Senior,Master,M.S. in Machine Learning and Data Science,MIT,"Node.js, GraphQL, Docker, Git, PostgreSQL, React, Redis, Python, CI/CD, Unit Testing","Chen Tanaka
chen.tanaka20@synthetic-talent.org | +1 (555) 888-2884 | Location: New York, NY

PROFESSIONAL SUMMARY
Results-driven Full Stack Engineer with 7 years of industry experience specializing in Node.js, GraphQL, Docker, Git. Proven background building scalable solutions, collaborating across agile teams, and driving measurable engineering impact.

TECHNICAL SKILLS
Node.js, GraphQL, Docker, Git, PostgreSQL, React, Redis, Python, CI/CD, Unit Testing

PROFESSIONAL EXPERIENCE
Senior Full Stack Engineer | Spotify (2023 - Present)
- Designed and deployed enterprise-grade systems utilizing Node.js and GraphQL, improving throughput by 36%.
- Collaborated with engineering stakeholders to optimize data pipelines and system reliability using Docker.
- Reduced system downtime and latency by 11% through proactive monitoring and automated CI/CD workflows.

Senior Full Stack Engineer | Meta (2021 - 2023)
- Designed and deployed enterprise-grade systems utilizing Node.js and GraphQL, improving throughput by 40%.
- Collaborated with engineering stakeholders to optimize data pipelines and system reliability using Docker.
- Reduced system downtime and latency by 27% through proactive monitoring and automated CI/CD workflows.

Senior Full Stack Engineer | Shopify (2019 - 2021)
- Designed and deployed enterprise-grade systems utilizing Node.js and GraphQL, improving throughput by 25%.
- Collaborated with engineering stakeholders to optimize data pipelines and system reliability using Docker.
- Reduced system downtime and latency by 14% through proactive monitoring and automated CI/CD workflows.

Senior Full Stack Engineer | NVIDIA (2018 - 2019)
- Designed and deployed enterprise-grade systems utilizing Node.js and GraphQL, improving throughput by 20%.
- Collaborated with engineering stakeholders to optimize data pipelines and system reliability using Docker.
- Reduced system downtime and latency by 29% through proactive monitoring and automated CI/CD workflows.

EDUCATION
M.S. in Machine Learning and Data Science, MIT (Graduated 2018)
","Node.js, GraphQL, Docker, Git, PostgreSQL, React, Redis, Python, CI/CD, Unit Testing"
RES-0550,Priya Smith,priya.smith30@synthetic-talent.org,+1 (555) 332-8056,Frontend Engineer,5,Senior,Bachelor,B.S. in Electrical and Computer Engineering,Carnegie Mellon University,"TypeScript, GraphQL, HTML/CSS, Git, React, Agile","Priya Smith
priya.smith30@synthetic-talent.org | +1 (555) 332-8056 | Location: New York, NY

PROFESSIONAL SUMMARY
Results-driven Frontend Engineer with 5 years of industry experience specializing in TypeScript, GraphQL, HTML/CSS, Git. Proven background building scalable solutions, collaborating across agile teams, and driving measurable engineering impact.

TECHNICAL SKILLS
TypeScript, GraphQL, HTML/CSS, Git, React, Agile

PROFESSIONAL EXPERIENCE
Senior Frontend Engineer | Salesforce (2021 - Present)
- Designed and deployed enterprise-grade systems utilizing TypeScript and GraphQL, improving throughput by 37%.
- Collaborated with engineering stakeholders to optimize data pipelines and system reliability using HTML/CSS.
- Reduced system downtime and latency by 13% through proactive monitoring and automated CI/CD workflows.

Frontend Engineer | Shopify (2020 - 2021)
- Designed and deployed enterprise-grade systems utilizing TypeScript and GraphQL, improving throughput by 35%.
- Collaborated with engineering stakeholders to optimize data pipelines and system reliability using HTML/CSS.
- Reduced system downtime and latency by 16% through proactive monitoring and automated CI/CD workflows.

EDUCATION
B.S. in Electrical and Computer Engineering, Carnegie Mellon University (Graduated 2020)
","TypeScript, GraphQL, HTML/CSS, Git, React, Agile"
